Timestamp,PosIsDeg,ForceIs,AccX,AccY,AccZ,GyroX,GyroY,GyroZ
2024-12-06 12:27:23.189,-1.12,448.0,0.24,0.96,-0.02,-0.28,0.26,0.15
2024-12-06 12:27:23.242,7.42,454.0,0.2,0.99,-0.0,-0.77,1.84,-7.18
2024-12-06 12:27:23.244,7.2,456.0,0.17,0.98,-0.04,-1.26,8.56,-6.08
2024-12-06 12:27:23.266,11.25,460.0,0.19,0.98,-0.04,-1.13,13.38,-4.43
2024-12-06 12:27:23.293,7.2,456.0,0.2,0.99,-0.04,-0.4,15.76,-1.56
2024-12-06 12:27:23.331,9.68,455.0,0.23,1.0,-0.04,0.7,14.84,0.7
2024-12-06 12:27:23.348,15.75,479.0,0.25,0.98,-0.02,1.74,13.56,3.2
2024-12-06 12:27:23.377,15.3,466.0,0.24,0.97,-0.01,3.26,10.81,4.24
2024-12-06 12:27:23.404,13.72,459.0,0.26,0.96,0.0,4.05,8.37,4.12
2024-12-06 12:27:23.443,16.65,456.0,0.25,0.96,0.0,4.67,6.54,4.24
2024-12-06 12:27:23.462,18.67,461.0,0.23,0.96,0.0,4.48,5.63,3.57
2024-12-06 12:27:23.487,18.67,459.0,0.23,0.96,0.0,3.51,4.65,3.08
2024-12-06 12:27:23.515,20.7,460.0,0.21,0.95,-0.0,2.53,4.77,2.28
2024-12-06 12:27:23.557,19.57,456.0,0.22,0.96,-0.01,1.86,6.18,1.92
2024-12-06 12:27:23.659,21.6,467.0,0.21,0.97,-0.03,1.61,7.46,1.55
2024-12-06 12:27:23.661,22.5,474.0,0.23,0.96,-0.01,0.64,3.25,-1.56
2024-12-06 12:27:23.679,27.22,472.0,0.23,0.96,-0.01,0.58,2.57,-1.93
2024-12-06 12:27:23.707,21.82,465.0,0.21,0.95,-0.02,0.64,2.45,-3.21
2024-12-06 12:27:23.736,25.65,493.0,0.23,0.97,-0.01,0.64,3.37,-2.17
2024-12-06 12:27:23.765,26.77,480.0,0.21,0.97,-0.02,0.82,4.53,-1.5
2024-12-06 12:27:23.789,29.02,469.0,0.22,0.97,-0.02,0.45,5.26,-1.13
2024-12-06 12:27:23.827,30.82,483.0,0.21,0.97,-0.02,0.21,5.99,0.03
2024-12-06 12:27:23.848,29.25,470.0,0.21,0.96,-0.02,0.51,5.57,-1.26
2024-12-06 12:27:23.896,32.62,480.0,0.23,0.97,-0.01,0.58,5.5,-0.4
2024-12-06 12:27:23.905,31.27,472.0,0.21,0.97,-0.01,0.76,4.41,-0.83
2024-12-06 12:27:23.928,34.65,477.0,0.24,0.98,-0.01,0.03,3.8,0.33
2024-12-06 12:27:23.957,32.85,475.0,0.21,0.97,-0.02,0.21,3.73,1.55
2024-12-06 12:27:23.984,37.12,495.0,0.22,0.96,-0.01,0.21,3.8,1.0
2024-12-06 12:27:24.27,34.88,503.0,0.22,0.97,-0.01,0.33,4.22,2.1
2024-12-06 12:27:24.39,36.67,470.0,0.21,0.95,-0.01,0.51,4.04,0.7
2024-12-06 12:27:24.66,40.05,486.0,0.23,0.96,-0.0,0.27,3.37,0.76
2024-12-06 12:27:24.118,40.5,472.0,0.22,0.97,-0.01,0.45,2.27,0.7
2024-12-06 12:27:24.123,45.67,469.0,0.23,0.98,-0.01,-0.22,1.6,1.19
2024-12-06 12:27:24.150,42.75,487.0,0.22,0.98,-0.02,-0.22,1.29,2.28
2024-12-06 12:27:24.176,42.97,478.0,0.22,0.97,-0.02,-0.22,1.48,2.35
2024-12-06 12:27:24.204,46.12,477.0,0.22,0.96,-0.02,0.21,1.35,3.2
2024-12-06 12:27:24.236,43.65,483.0,0.23,0.96,-0.02,0.58,1.9,3.14
2024-12-06 12:27:24.261,47.47,494.0,0.24,0.97,-0.01,0.64,1.78,3.44
2024-12-06 12:27:24.288,46.12,500.0,0.23,0.97,-0.02,0.82,1.9,3.5
2024-12-06 12:27:24.314,49.5,478.0,0.24,0.97,-0.02,0.76,1.35,4.6
2024-12-06 12:27:24.342,48.15,477.0,0.23,0.96,-0.02,0.94,1.05,4.18
2024-12-06 12:27:24.370,50.62,492.0,0.24,0.96,-0.01,0.82,0.5,4.54
2024-12-06 12:27:24.397,47.25,486.0,0.23,0.95,-0.02,0.7,-0.05,4.24
2024-12-06 12:27:24.435,54.22,500.0,0.24,0.95,-0.01,0.45,-0.97,3.5
2024-12-06 12:27:24.471,50.85,544.0,0.24,0.96,-0.0,0.51,-1.51,3.2
2024-12-06 12:27:24.481,55.8,475.0,0.23,0.95,-0.01,0.39,-1.76,1.67
2024-12-06 12:27:24.507,54.0,507.0,0.25,0.96,-0.01,-15.48,-2.37,1.55
2024-12-06 12:27:24.535,58.72,465.0,0.24,0.96,-0.02,-0.28,-2.74,1.55
2024-12-06 12:27:24.563,60.97,463.0,0.25,0.96,-0.01,-0.64,-3.71,1.92
2024-12-06 12:27:24.590,59.17,487.0,0.24,0.96,-0.02,-0.83,-3.65,2.59
2024-12-06 12:27:24.699,60.75,495.0,0.23,0.94,-0.01,-1.01,-3.16,1.73
2024-12-06 12:27:24.702,61.42,500.0,0.25,0.97,-0.02,-0.95,-3.89,1.37
2024-12-06 12:27:24.728,60.97,520.0,0.25,0.96,-0.02,-0.71,-4.08,1.92
2024-12-06 12:27:24.755,62.32,489.0,0.25,0.96,-0.02,-0.83,-4.2,2.16
2024-12-06 12:27:24.784,64.35,496.0,0.25,0.95,-0.02,-1.13,-4.57,2.04
2024-12-06 12:27:24.810,64.57,500.0,0.24,0.95,-0.02,-1.07,-3.65,1.25
2024-12-06 12:27:24.838,65.47,486.0,0.25,0.95,-0.01,-1.26,-3.04,0.82
2024-12-06 12:27:25.248,79.42,524.0,0.25,0.95,-0.02,-0.34,-2.67,-0.34
2024-12-06 12:27:25.279,85.72,531.0,0.26,0.96,-0.02,0.15,-1.45,-0.28
2024-12-06 12:27:25.304,85.5,528.0,0.24,0.96,0.0,0.09,-1.45,-0.58
2024-12-06 12:27:25.315,85.72,528.0,0.24,0.96,0.0,-0.46,-1.58,-0.65
2024-12-06 12:27:25.321,80.78,524.0,0.25,0.97,-0.0,-0.64,-2.0,-0.65
2024-12-06 12:27:25.372,81.45,523.0,0.25,0.98,-0.01,-0.89,-3.65,-0.1
2024-12-06 12:27:25.375,87.07,537.0,0.25,0.99,-0.02,-1.19,-4.38,0.33
2024-12-06 12:27:25.380,87.97,534.0,0.25,0.99,-0.02,-1.38,-4.08,0.88
2024-12-06 12:27:25.404,83.03,541.0,0.24,0.99,-0.03,-1.74,-5.05,3.02
2024-12-06 12:27:25.409,86.17,536.0,0.23,0.97,-0.03,-1.68,-4.44,3.75
2024-12-06 12:27:25.425,82.8,529.0,0.24,0.96,-0.03,-1.62,-4.14,4.24
2024-12-06 12:27:25.428,85.95,531.0,0.24,0.96,-0.03,-1.74,-3.83,4.66
2024-12-06 12:27:25.433,83.03,529.0,0.24,0.95,-0.03,-1.8,-3.83,4.97
2024-12-06 12:27:25.445,85.5,524.0,0.25,0.94,-0.02,-1.8,-3.83,4.97
2024-12-06 12:27:25.451,85.72,527.0,0.25,0.93,-0.02,-1.8,-3.77,4.97
2024-12-06 12:27:25.459,83.7,527.0,0.25,0.93,-0.02,-1.87,-3.77,4.79
2024-12-06 12:27:25.467,86.17,555.0,0.25,0.93,-0.02,-2.05,-3.65,4.42
2024-12-06 12:27:25.472,87.52,528.0,0.25,0.93,-0.02,-2.23,-3.65,3.93
2024-12-06 12:27:25.486,87.97,525.0,0.25,0.94,-0.02,-2.35,-3.47,3.32
2024-12-06 12:27:25.491,83.47,527.0,0.25,0.95,-0.01,-2.35,-3.47,3.32
2024-12-06 12:27:25.500,85.72,530.0,0.25,0.95,-0.01,-2.23,-3.16,2.71
2024-12-06 12:27:25.510,81.45,525.0,0.25,0.96,-0.0,-1.99,-2.67,2.1
2024-12-06 12:27:25.514,88.42,528.0,0.25,0.96,-0.0,-1.62,-1.94,1.61
2024-12-06 12:27:25.520,85.95,523.0,0.25,0.96,-0.0,-1.26,-1.03,1.06
2024-12-06 12:27:25.527,86.4,534.0,0.25,0.95,-0.0,-0.77,-0.23,0.58
2024-12-06 12:27:25.535,86.17,547.0,0.25,0.95,-0.0,-0.77,-0.23,0.58
2024-12-06 12:27:25.546,85.72,546.0,0.26,0.95,-0.0,-0.34,0.44,0.09
2024-12-06 12:27:25.553,84.6,543.0,0.26,0.95,-0.01,-0.03,0.87,-0.4
2024-12-06 12:27:25.560,85.05,521.0,0.26,0.95,-0.01,0.21,0.99,-0.89
2024-12-06 12:27:25.587,78.75,521.0,0.26,0.95,-0.02,0.45,0.56,-1.62
2024-12-06 12:27:25.590,87.75,536.0,0.26,0.95,-0.02,0.51,0.26,-1.93
2024-12-06 12:27:25.596,89.77,528.0,0.26,0.96,-0.02,0.58,-0.11,-2.05
2024-12-06 12:27:25.610,84.6,530.0,0.26,0.96,-0.02,0.7,-0.17,-2.05
2024-12-06 12:27:25.613,87.3,530.0,0.25,0.96,-0.02,0.7,-0.05,-1.87
2024-12-06 12:27:25.619,87.07,537.0,0.25,0.96,-0.01,0.76,-0.05,-1.87
2024-12-06 12:27:25.635,88.2,529.0,0.25,0.96,-0.01,0.7,0.38,-1.68
2024-12-06 12:27:25.640,82.12,523.0,0.25,0.96,-0.01,0.64,0.62,-1.38
2024-12-06 12:27:25.644,81.0,525.0,0.25,0.96,-0.01,0.51,0.8,-1.13
2024-12-06 12:27:25.758,88.42,527.0,0.26,0.96,-0.01,-0.34,-0.48,1.12
2024-12-06 12:27:25.768,84.15,522.0,0.26,0.96,-0.01,-0.34,-0.66,1.25
2024-12-06 12:27:25.770,85.72,523.0,0.26,0.96,-0.01,-0.34,-0.66,1.25
2024-12-06 12:27:25.783,81.67,567.0,0.26,0.96,-0.01,-0.28,-0.84,1.31
2024-12-06 12:27:25.788,82.8,519.0,0.26,0.95,-0.01,-0.34,-0.97,1.31
2024-12-06 12:27:25.794,86.85,523.0,0.26,0.95,-0.01,-0.34,-1.09,1.31
2024-12-06 12:27:25.803,84.38,524.0,0.26,0.95,-0.01,-0.46,-1.15,1.25
2024-12-06 12:27:25.819,85.72,537.0,0.26,0.95,-0.01,-0.52,-1.27,1.06
2024-12-06 12:27:25.821,85.95,536.0,0.26,0.95,-0.01,-0.52,-1.27,1.06
2024-12-06 12:27:25.825,85.05,513.0,0.26,0.96,-0.01,-0.58,-1.51,0.88
2024-12-06 12:27:25.836,84.38,521.0,0.26,0.96,-0.01,-0.58,-1.51,0.7
2024-12-06 12:27:25.875,82.8,514.0,0.26,0.96,-0.01,-0.34,-1.21,-0.1
2024-12-06 12:27:25.879,86.4,529.0,0.26,0.96,-0.01,-0.22,-1.09,-0.16
2024-12-06 12:27:25.893,86.85,538.0,0.26,0.96,-0.01,-0.22,-1.03,-0.28
2024-12-06 12:27:25.898,83.47,513.0,0.26,0.95,-0.01,-0.22,-1.03,-0.28
2024-12-06 12:27:25.901,83.03,512.0,0.26,0.95,-0.01,-0.28,-0.97,-0.46
2024-12-06 12:27:25.925,83.03,531.0,0.26,0.96,-0.02,-0.28,-1.39,-0.58
2024-12-06 12:27:25.934,83.92,514.0,0.26,0.95,-0.02,-0.28,-1.39,-0.58
2024-12-06 12:27:25.945,85.5,517.0,0.26,0.95,-0.02,-0.28,-1.51,-0.58
2024-12-06 12:27:25.954,84.15,510.0,0.26,0.95,-0.02,-0.28,-1.64,-0.52
2024-12-06 12:27:25.957,82.8,514.0,0.26,0.96,-0.02,-0.16,-1.82,-0.46
2024-12-06 12:27:25.969,86.4,519.0,0.26,0.96,-0.02,-0.22,-1.76,-0.4
2024-12-06 12:27:25.978,86.85,521.0,0.25,0.96,-0.01,-0.28,-1.51,-0.34
2024-12-06 12:27:25.996,86.85,513.0,0.25,0.96,-0.01,-0.4,-1.09,-0.1
2024-12-06 12:27:26.3,87.75,523.0,0.25,0.96,-0.01,-0.4,-0.9,0.03
2024-12-06 12:27:26.49,87.07,518.0,0.25,0.96,-0.01,-0.46,-0.72,0.15
2024-12-06 12:27:26.58,86.85,515.0,0.25,0.96,-0.02,-0.1,-0.54,0.39
2024-12-06 12:27:26.61,85.72,520.0,0.25,0.96,-0.02,-0.1,-0.54,0.39
2024-12-06 12:27:26.64,86.4,513.0,0.25,0.96,-0.02,0.03,-0.72,0.45
2024-12-06 12:27:26.68,87.07,519.0,0.25,0.96,-0.02,0.09,-0.78,0.58
2024-12-06 12:27:26.76,85.05,516.0,0.25,0.96,-0.02,0.15,-0.78,0.64
2024-12-06 12:27:26.86,86.17,528.0,0.25,0.96,-0.02,0.09,-0.72,0.7
2024-12-06 12:27:26.97,83.7,527.0,0.25,0.96,-0.01,0.09,-0.72,0.7
2024-12-06 12:27:26.100,85.5,532.0,0.25,0.96,-0.01,-0.03,-0.6,0.82
2024-12-06 12:27:26.108,84.15,515.0,0.25,0.96,-0.01,-0.1,-0.42,0.88
2024-12-06 12:27:26.116,85.28,534.0,0.25,0.96,-0.01,-0.1,-0.29,1.0
2024-12-06 12:27:26.125,87.97,535.0,0.25,0.96,-0.01,-0.03,-0.23,1.0
2024-12-06 12:27:26.131,86.85,519.0,0.25,0.96,-0.01,0.03,-0.23,1.06
2024-12-06 12:27:26.139,82.57,517.0,0.25,0.96,-0.01,0.03,-0.23,1.06
2024-12-06 12:27:26.147,84.38,528.0,0.25,0.95,-0.01,0.09,-0.29,1.0
2024-12-06 12:27:26.157,88.42,521.0,0.25,0.95,-0.01,0.03,-0.35,0.88
2024-12-06 12:27:26.163,84.82,534.0,0.25,0.95,-0.01,0.09,-0.54,0.76
2024-12-06 12:27:26.178,86.4,530.0,0.25,0.96,-0.01,0.09,-0.84,0.45
2024-12-06 12:27:26.194,87.3,517.0,0.25,0.96,-0.01,0.09,-0.84,0.45
2024-12-06 12:27:26.198,86.62,519.0,0.25,0.96,-0.01,0.09,-0.9,0.33
2024-12-06 12:27:26.207,82.57,525.0,0.25,0.96,-0.01,0.09,-0.84,0.15
2024-12-06 12:27:26.210,85.95,524.0,0.25,0.96,-0.01,0.15,-0.72,0.09
2024-12-06 12:27:26.217,88.42,515.0,0.25,0.96,-0.01,0.15,-0.6,-0.04
2024-12-06 12:27:26.237,85.5,532.0,0.25,0.96,-0.01,0.15,-0.54,-0.1
2024-12-06 12:27:26.241,87.3,526.0,0.25,0.96,-0.01,0.15,-0.42,-0.16
2024-12-06 12:27:26.249,85.28,522.0,0.25,0.95,-0.01,0.15,-0.42,-0.28
2024-12-06 12:27:26.287,81.9,509.0,0.25,0.95,-0.01,0.15,-0.48,-0.4
2024-12-06 12:27:26.292,81.67,513.0,0.25,0.95,-0.02,0.27,-0.9,-0.95
2024-12-06 12:27:26.295,81.45,513.0,0.25,0.95,-0.02,0.21,-1.09,-1.07
2024-12-06 12:27:26.312,81.45,516.0,0.25,0.95,-0.02,0.21,-1.15,-1.19
2024-12-06 12:27:26.315,79.2,541.0,0.25,0.95,-0.02,0.21,-1.15,-1.19
2024-12-06 12:27:26.324,83.03,530.0,0.25,0.96,-0.01,0.15,-1.09,-1.32
2024-12-06 12:27:26.334,83.03,511.0,0.24,0.96,-0.01,0.03,-0.84,-1.38
2024-12-06 12:27:26.336,84.38,518.0,0.24,0.96,-0.01,-0.1,-0.54,-1.32
2024-12-06 12:27:26.340,87.97,527.0,0.24,0.96,-0.01,-0.22,-0.23,-1.07
2024-12-06 12:27:26.349,82.35,527.0,0.24,0.96,-0.01,-0.22,-0.23,-1.07
2024-12-06 12:27:26.357,85.05,507.0,0.24,0.97,-0.02,-0.22,-0.05,-0.71
2024-12-06 12:27:26.365,83.7,514.0,0.24,0.97,-0.02,-0.22,0.19,-0.46
2024-12-06 12:27:26.371,87.75,508.0,0.25,0.97,-0.02,-0.28,0.38,-0.04
2024-12-06 12:27:26.378,85.95,513.0,0.25,0.97,-0.02,-0.34,0.44,0.27
2024-12-06 12:27:26.387,85.28,517.0,0.25,0.97,-0.02,-0.34,0.38,0.45
2024-12-06 12:27:26.395,85.95,505.0,0.25,0.96,-0.02,-0.34,0.38,0.45
2024-12-06 12:27:26.401,86.62,527.0,0.26,0.96,-0.03,-0.4,0.19,0.64
2024-12-06 12:27:26.418,86.62,527.0,0.26,0.96,-0.02,-0.4,-0.05,0.88
2024-12-06 12:27:26.421,86.17,507.0,0.26,0.96,-0.02,-0.34,-0.23,1.06
2024-12-06 12:27:26.425,86.62,517.0,0.26,0.96,-0.02,-0.22,-0.29,1.12
2024-12-06 12:27:26.433,83.47,511.0,0.26,0.96,-0.02,-0.1,-0.29,1.25
2024-12-06 12:27:26.441,83.7,521.0,0.26,0.96,-0.02,-0.1,-0.29,1.25
2024-12-06 12:27:26.450,85.72,516.0,0.26,0.96,-0.02,-0.03,-0.23,1.37
2024-12-06 12:27:26.461,82.57,506.0,0.26,0.96,-0.01,0.03,-0.05,1.37
2024-12-06 12:27:26.476,87.07,528.0,0.26,0.96,-0.01,0.15,0.19,1.43
2024-12-06 12:27:26.506,83.25,512.0,0.25,0.95,-0.02,0.33,0.32,1.12
2024-12-06 12:27:26.509,85.28,515.0,0.25,0.95,-0.02,0.33,0.26,1.0
2024-12-06 12:27:26.525,83.7,517.0,0.25,0.95,-0.01,0.21,0.07,0.82
2024-12-06 12:27:26.532,85.28,520.0,0.25,0.95,-0.01,0.15,-0.23,0.64
2024-12-06 12:27:26.540,87.75,517.0,0.25,0.96,-0.01,0.03,-0.35,0.39
2024-12-06 12:27:26.548,80.55,517.0,0.25,0.96,-0.01,-0.03,-0.42,0.21
2024-12-06 12:27:26.555,86.4,513.0,0.25,0.96,-0.01,-0.16,-0.54,0.03
2024-12-06 12:27:26.572,85.05,517.0,0.25,0.96,-0.01,-0.16,-0.54,0.03
2024-12-06 12:27:26.574,87.3,571.0,0.25,0.96,-0.01,-0.22,-0.54,-0.16
2024-12-06 12:27:26.579,85.5,519.0,0.25,0.96,-0.01,-0.28,-0.54,-0.34
2024-12-06 12:27:26.593,83.92,515.0,0.25,0.95,-0.01,-0.4,-0.6,-0.46
2024-12-06 12:27:26.596,85.95,535.0,0.25,0.95,-0.01,-0.46,-0.66,-0.52
2024-12-06 12:27:26.609,84.38,531.0,0.26,0.95,-0.01,-0.46,-0.84,-0.58
2024-12-06 12:27:26.632,82.12,523.0,0.26,0.95,-0.01,-0.52,-0.84,-0.58
2024-12-06 12:27:26.635,86.62,507.0,0.26,0.95,-0.02,-0.83,-1.64,-0.4
2024-12-06 12:27:26.641,84.6,529.0,0.26,0.95,-0.02,-0.83,-1.94,-0.34
2024-12-06 12:27:26.648,83.25,515.0,0.26,0.95,-0.02,-0.83,-1.94,-0.34
2024-12-06 12:27:26.658,85.05,515.0,0.26,0.95,-0.02,-0.83,-2.12,-0.22
2024-12-06 12:27:26.664,80.78,523.0,0.26,0.96,-0.01,-0.83,-2.31,-0.1
2024-12-06 12:27:26.672,83.47,552.0,0.26,0.96,-0.01,-0.83,-2.25,0.09
2024-12-06 12:27:26.681,83.92,527.0,0.26,0.96,-0.01,-0.83,-2.19,0.15
2024-12-06 12:27:26.690,82.57,515.0,0.26,0.96,-0.01,-0.89,-2.06,0.27
2024-12-06 12:27:26.815,83.92,520.0,0.25,0.96,-0.01,-0.52,-1.21,0.76
2024-12-06 12:27:26.825,87.52,510.0,0.25,0.96,-0.01,-0.4,-1.03,0.76
2024-12-06 12:27:26.835,81.67,514.0,0.25,0.96,-0.01,-0.28,-0.9,0.7
2024-12-06 12:27:26.838,86.4,512.0,0.25,0.95,-0.01,-0.28,-0.84,0.51
2024-12-06 12:27:26.866,86.4,525.0,0.25,0.96,-0.01,-0.22,-0.78,0.27
2024-12-06 12:27:26.869,85.28,518.0,0.25,0.96,-0.01,-0.22,-0.9,0.09
2024-12-06 12:27:26.881,82.8,518.0,0.25,0.96,-0.01,-0.28,-0.97,-0.04
2024-12-06 12:27:26.885,86.17,515.0,0.25,0.96,-0.01,-0.28,-0.97,-0.04
2024-12-06 12:27:26.895,86.17,510.0,0.25,0.96,-0.01,-0.22,-1.09,-0.16
2024-12-06 12:27:26.913,86.17,513.0,0.25,0.96,-0.01,-0.28,-1.15,-0.22
2024-12-06 12:27:26.949,87.3,527.0,0.25,0.96,-0.01,-0.28,-1.03,-0.34
2024-12-06 12:27:26.957,82.57,516.0,0.25,0.96,-0.01,-0.4,-0.78,-0.22
2024-12-06 12:27:26.962,84.38,507.0,0.25,0.96,-0.02,-0.4,-0.78,-0.22
2024-12-06 12:27:26.985,83.92,521.0,0.25,0.96,-0.02,-0.46,-0.9,-0.04
2024-12-06 12:27:26.993,84.15,520.0,0.25,0.96,-0.02,-0.4,-0.97,-0.04
2024-12-06 12:27:27.7,85.28,516.0,0.25,0.96,-0.02,-0.34,-0.97,0.03
2024-12-06 12:27:27.9,84.38,523.0,0.25,0.96,-0.02,-0.34,-0.97,0.03
2024-12-06 12:27:27.14,85.95,526.0,0.25,0.96,-0.01,-0.16,-0.97,0.09
2024-12-06 12:27:27.27,86.4,526.0,0.25,0.96,-0.02,-0.1,-0.78,0.09
2024-12-06 12:27:27.38,81.9,514.0,0.25,0.96,-0.02,-0.1,-0.66,0.09
2024-12-06 12:27:27.43,86.62,533.0,0.25,0.96,-0.02,-0.03,-0.54,0.09
2024-12-06 12:27:27.49,84.38,524.0,0.25,0.96,-0.02,-0.03,-0.54,0.15
2024-12-06 12:27:27.55,86.85,516.0,0.25,0.96,-0.02,-0.03,-0.42,0.15
2024-12-06 12:27:27.61,87.52,508.0,0.25,0.96,-0.02,0.03,-0.35,0.09
2024-12-06 12:27:27.71,86.17,520.0,0.25,0.96,-0.02,-0.03,-0.29,0.15
2024-12-06 12:27:27.79,90.22,516.0,0.25,0.96,-0.02,-0.03,-0.17,0.09
2024-12-06 12:27:27.88,85.05,527.0,0.25,0.96,-0.02,-0.1,-0.11,0.15
2024-12-06 12:27:27.94,85.72,516.0,0.25,0.96,-0.02,-0.1,-0.11,0.15
2024-12-06 12:27:27.101,84.6,515.0,0.25,0.96,-0.02,-0.16,-0.05,0.09
2024-12-06 12:27:27.109,87.52,513.0,0.25,0.96,-0.02,-0.16,-0.11,0.09
2024-12-06 12:27:27.116,86.4,527.0,0.25,0.96,-0.02,-0.1,-0.11,0.09
2024-12-06 12:27:27.124,86.4,522.0,0.25,0.96,-0.02,-0.03,-0.11,0.15
2024-12-06 12:27:27.132,82.35,525.0,0.25,0.96,-0.02,-0.03,-0.05,0.27
2024-12-06 12:27:27.142,83.03,527.0,0.25,0.96,-0.02,-0.03,-0.05,0.27
2024-12-06 12:27:27.167,83.25,505.0,0.25,0.96,-0.02,-0.16,0.26,0.51
2024-12-06 12:27:27.172,83.47,509.0,0.25,0.96,-0.02,-0.16,0.32,0.58
2024-12-06 12:27:27.178,84.6,514.0,0.25,0.96,-0.02,-0.16,0.32,0.58
2024-12-06 12:27:27.195,87.52,526.0,0.25,0.96,-0.02,-0.1,0.32,0.64
2024-12-06 12:27:27.201,83.7,530.0,0.26,0.95,-0.02,-0.1,0.32,0.7
2024-12-06 12:27:27.208,89.55,507.0,0.26,0.96,-0.02,-0.03,0.32,0.64
2024-12-06 12:27:27.215,85.95,516.0,0.26,0.96,-0.02,-0.03,0.26,0.64
2024-12-06 12:27:27.219,83.7,523.0,0.26,0.96,-0.02,-0.03,0.19,0.51
2024-12-06 12:27:27.224,83.7,534.0,0.26,0.96,-0.01,-0.03,0.19,0.51
2024-12-06 12:27:27.238,86.85,514.0,0.25,0.96,-0.01,-0.03,0.07,0.45
2024-12-06 12:27:27.244,81.22,511.0,0.25,0.96,-0.01,-0.1,0.01,0.39
2024-12-06 12:27:27.247,86.17,532.0,0.25,0.96,-0.01,-0.03,-0.05,0.33
2024-12-06 12:27:27.257,83.92,513.0,0.25,0.96,-0.01,-0.03,-0.05,0.21
2024-12-06 12:27:27.264,83.92,515.0,0.25,0.96,-0.01,-0.03,-0.05,0.21
2024-12-06 12:27:27.274,85.72,507.0,0.25,0.96,-0.01,-0.1,0.01,0.21
2024-12-06 12:27:27.286,82.8,519.0,0.25,0.96,-0.01,-0.1,0.01,0.15
2024-12-06 12:27:27.295,85.95,529.0,0.25,0.96,-0.01,-0.16,0.07,0.15
2024-12-06 12:27:27.299,83.25,513.0,0.25,0.96,-0.01,-0.16,-0.05,0.21
2024-12-06 12:27:27.303,85.28,524.0,0.25,0.96,-0.01,-0.16,-0.05,0.27
2024-12-06 12:27:27.311,82.57,522.0,0.26,0.96,-0.01,-0.16,-0.05,0.27
2024-12-06 12:27:27.322,83.25,513.0,0.26,0.95,-0.02,-0.22,-0.23,0.39
2024-12-06 12:27:27.324,85.95,511.0,0.26,0.95,-0.02,-0.22,-0.35,0.45
2024-12-06 12:27:27.343,87.52,514.0,0.26,0.95,-0.02,-0.22,-0.48,0.51
2024-12-06 12:27:27.346,85.5,523.0,0.26,0.95,-0.02,-0.22,-0.6,0.58
2024-12-06 12:27:27.351,87.07,511.0,0.26,0.96,-0.02,-0.22,-0.6,0.58
2024-12-06 12:27:27.356,85.95,515.0,0.26,0.95,-0.01,-0.22,-0.66,0.64
2024-12-06 12:27:27.366,86.62,527.0,0.25,0.96,-0.01,-0.1,-0.72,0.64
2024-12-06 12:27:27.393,86.62,516.0,0.25,0.96,-0.01,-0.22,-0.35,0.76
2024-12-06 12:27:27.402,83.47,514.0,0.25,0.96,-0.01,-0.22,-0.35,0.76
2024-12-06 12:27:27.404,86.17,531.0,0.25,0.96,-0.01,-0.22,-0.29,0.76
2024-12-06 12:27:27.411,86.17,518.0,0.25,0.96,-0.01,-0.22,-0.17,0.82
2024-12-06 12:27:27.422,85.5,531.0,0.25,0.96,-0.01,-0.22,-0.17,0.82
2024-12-06 12:27:27.427,85.95,526.0,0.25,0.96,-0.02,-0.28,-0.17,0.82
2024-12-06 12:27:27.435,84.6,516.0,0.25,0.96,-0.02,-0.28,-0.17,0.82
2024-12-06 12:27:27.444,87.3,524.0,0.25,0.96,-0.02,-0.28,-0.17,0.82
2024-12-06 12:27:27.448,86.85,529.0,0.25,0.96,-0.02,-0.28,-0.17,0.82
2024-12-06 12:27:27.454,82.8,520.0,0.25,0.96,-0.02,-0.22,-0.23,0.76
2024-12-06 12:27:27.471,85.28,565.0,0.25,0.96,-0.02,-0.1,-0.23,0.64
2024-12-06 12:27:27.474,85.05,493.0,0.25,0.96,-0.02,-0.1,-0.29,0.7
2024-12-06 12:27:27.478,83.7,512.0,0.25,0.96,-0.02,-0.03,-0.29,0.7
2024-12-06 12:27:27.485,83.03,519.0,0.25,0.96,-0.02,0.03,-0.17,0.64
2024-12-06 12:27:27.496,84.82,534.0,0.25,0.96,-0.01,0.09,-0.11,0.64
2024-12-06 12:27:27.501,86.62,514.0,0.25,0.96,-0.01,0.09,0.07,0.64
2024-12-06 12:27:27.509,85.72,521.0,0.25,0.96,-0.01,0.03,0.26,0.64
2024-12-06 12:27:27.517,86.85,522.0,0.25,0.96,-0.01,0.03,0.26,0.64
2024-12-06 12:27:27.529,85.5,525.0,0.25,0.96,-0.01,0.03,0.44,0.64
2024-12-06 12:27:27.540,83.92,523.0,0.25,0.96,-0.01,0.09,0.5,0.7
2024-12-06 12:27:27.551,85.95,514.0,0.25,0.96,-0.02,0.09,0.62,0.76
2024-12-06 12:27:27.558,84.82,510.0,0.25,0.96,-0.02,0.09,0.68,0.88
2024-12-06 12:27:27.561,85.28,517.0,0.25,0.96,-0.02,0.09,0.68,0.94
2024-12-06 12:27:27.564,83.25,519.0,0.25,0.96,-0.02,0.09,0.68,0.94
2024-12-06 12:27:27.575,88.42,522.0,0.26,0.96,-0.02,0.09,0.62,1.0
2024-12-06 12:27:27.579,88.42,531.0,0.26,0.96,-0.02,0.09,0.44,1.06
2024-12-06 12:27:27.590,82.12,517.0,0.25,0.96,-0.01,0.09,0.38,1.06
2024-12-06 12:27:27.617,86.17,554.0,0.25,0.96,-0.01,0.09,0.32,1.0
2024-12-06 12:27:27.624,86.4,517.0,0.25,0.96,-0.01,0.15,0.32,0.82
2024-12-06 12:27:27.632,85.5,506.0,0.25,0.96,-0.01,0.15,0.44,0.76
2024-12-06 12:27:27.636,87.97,514.0,0.25,0.96,-0.01,0.15,0.5,0.7
2024-12-06 12:27:27.640,86.85,529.0,0.25,0.96,-0.01,0.15,0.5,0.7
2024-12-06 12:27:27.653,83.7,517.0,0.25,0.96,-0.01,0.21,0.5,0.7
2024-12-06 12:27:27.660,85.95,564.0,0.25,0.95,-0.01,0.15,0.5,0.7
2024-12-06 12:27:27.665,82.8,520.0,0.26,0.95,-0.02,0.15,0.44,0.64
2024-12-06 12:27:27.676,86.4,512.0,0.26,0.95,-0.02,0.15,0.26,0.64
2024-12-06 12:27:27.684,79.65,507.0,0.26,0.95,-0.02,0.15,0.01,0.7
2024-12-06 12:27:27.692,86.17,514.0,0.26,0.95,-0.02,0.15,0.01,0.7
2024-12-06 12:27:27.695,85.05,508.0,0.26,0.95,-0.02,0.09,-0.11,0.7
2024-12-06 12:27:27.717,88.65,518.0,0.25,0.96,-0.01,0.09,-0.29,0.64
2024-12-06 12:27:27.720,86.62,542.0,0.25,0.96,-0.01,0.15,-0.29,0.64
2024-12-06 12:27:27.727,87.75,515.0,0.25,0.96,-0.01,0.15,-0.11,0.64
2024-12-06 12:27:27.739,82.35,511.0,0.25,0.96,-0.01,0.15,-0.11,0.64
2024-12-06 12:27:27.743,88.2,514.0,0.25,0.96,-0.01,0.09,0.01,0.58
2024-12-06 12:27:27.753,85.5,519.0,0.25,0.96,-0.01,0.03,0.13,0.58
2024-12-06 12:27:27.758,85.5,508.0,0.25,0.96,-0.01,-0.03,0.13,0.58
2024-12-06 12:27:27.856,88.2,524.0,0.26,0.96,-0.02,0.15,-0.05,0.58
2024-12-06 12:27:27.862,86.17,525.0,0.26,0.96,-0.01,0.21,0.07,0.58
2024-12-06 12:27:27.881,86.62,523.0,0.26,0.96,-0.01,0.21,0.19,0.64
2024-12-06 12:27:27.888,86.17,514.0,0.26,0.96,-0.02,0.33,0.32,0.7
2024-12-06 12:27:27.900,83.25,512.0,0.26,0.95,-0.02,0.39,0.26,0.64
2024-12-06 12:27:27.912,80.55,513.0,0.26,0.96,-0.02,0.45,0.19,0.7
2024-12-06 12:27:27.914,80.32,554.0,0.26,0.96,-0.02,0.39,0.13,0.76
2024-12-06 12:27:27.917,83.92,553.0,0.26,0.96,-0.02,0.27,0.07,0.7
2024-12-06 12:27:27.923,85.5,517.0,0.26,0.96,-0.02,0.27,0.07,0.7
2024-12-06 12:27:27.959,86.62,521.0,0.26,0.96,-0.02,0.15,-0.05,0.64
2024-12-06 12:27:27.963,84.38,519.0,0.25,0.96,-0.01,0.03,-0.29,0.27
2024-12-06 12:27:27.970,88.88,527.0,0.25,0.96,-0.01,0.03,-0.29,0.27
2024-12-06 12:27:27.977,84.82,517.0,0.26,0.96,-0.01,0.03,-0.29,0.21
2024-12-06 12:27:27.986,84.15,525.0,0.26,0.96,-0.01,0.09,-0.17,0.21
2024-12-06 12:27:27.993,83.7,517.0,0.26,0.95,-0.01,0.09,-0.17,0.15
2024-12-06 12:27:28.9,81.45,515.0,0.26,0.95,-0.01,0.09,-0.23,0.15
2024-12-06 12:27:28.12,87.3,510.0,0.26,0.95,-0.02,0.03,-0.29,0.21
2024-12-06 12:27:28.16,85.05,514.0,0.26,0.95,-0.02,0.03,-0.29,0.21
2024-12-06 12:27:28.25,85.5,518.0,0.26,0.95,-0.02,-0.03,-0.35,0.27
2024-12-06 12:27:28.32,88.42,527.0,0.26,0.95,-0.02,-0.1,-0.48,0.27
2024-12-06 12:27:28.40,86.4,520.0,0.26,0.95,-0.02,-0.1,-0.6,0.27
2024-12-06 12:27:28.69,88.42,510.0,0.26,0.95,-0.02,-0.03,-0.72,0.27
2024-12-06 12:27:28.71,82.35,525.0,0.26,0.95,-0.01,-0.03,-0.72,0.27
2024-12-06 12:27:28.81,86.4,525.0,0.26,0.96,-0.01,-0.1,-0.48,0.27
2024-12-06 12:27:28.87,85.72,516.0,0.26,0.96,-0.01,-0.1,-0.35,0.21
2024-12-06 12:27:28.104,85.5,530.0,0.26,0.96,-0.01,-0.1,-0.29,0.21
2024-12-06 12:27:28.108,85.95,506.0,0.26,0.96,-0.01,-0.1,-0.29,0.21
2024-12-06 12:27:28.112,81.67,526.0,0.26,0.96,-0.02,-0.16,-0.35,0.21
2024-12-06 12:27:28.116,85.95,528.0,0.26,0.96,-0.02,-0.22,-0.35,0.15
2024-12-06 12:27:28.130,85.95,506.0,0.26,0.96,-0.02,-0.16,-0.42,0.09
2024-12-06 12:27:28.134,83.7,511.0,0.26,0.96,-0.02,-0.22,-0.54,0.03
2024-12-06 12:27:28.140,81.67,516.0,0.26,0.96,-0.02,-0.22,-0.54,0.03
2024-12-06 12:27:28.152,86.62,518.0,0.26,0.96,-0.02,-0.22,-0.6,0.03
2024-12-06 12:27:28.158,86.4,514.0,0.26,0.95,-0.02,-0.22,-0.66,0.09
2024-12-06 12:27:28.199,81.67,519.0,0.26,0.96,-0.02,-0.16,-0.48,0.39
2024-12-06 12:27:28.202,86.85,506.0,0.26,0.96,-0.01,-0.16,-0.29,0.51
2024-12-06 12:27:28.208,87.75,531.0,0.26,0.96,-0.01,-0.22,-0.17,0.51
2024-12-06 12:27:28.216,87.97,508.0,0.26,0.96,-0.01,-0.22,-0.17,0.51
2024-12-06 12:27:28.226,85.95,505.0,0.26,0.96,-0.01,-0.22,-0.05,0.51
2024-12-06 12:27:28.233,82.8,513.0,0.26,0.96,-0.01,-0.16,0.07,0.58
2024-12-06 12:27:28.243,86.62,512.0,0.26,0.96,-0.02,-0.1,0.07,0.64
2024-12-06 12:27:28.265,83.7,524.0,0.26,0.96,-0.02,-0.03,-0.11,0.76
2024-12-06 12:27:28.300,86.4,510.0,0.26,0.96,-0.02,-0.1,-0.29,0.76
2024-12-06 12:27:28.304,84.82,516.0,0.26,0.96,-0.02,-0.28,-0.66,0.7
2024-12-06 12:27:28.312,85.95,516.0,0.26,0.96,-0.01,-0.22,-0.72,0.7
2024-12-06 12:27:28.318,88.42,524.0,0.26,0.96,-0.01,-0.22,-0.66,0.64
2024-12-06 12:27:28.327,76.95,508.0,0.26,0.96,-0.01,-0.28,-0.54,0.7
2024-12-06 12:27:28.331,86.4,516.0,0.26,0.96,-0.01,-0.28,-0.42,0.7
2024-12-06 12:27:28.337,86.4,511.0,0.26,0.96,-0.01,-0.28,-0.42,0.7
2024-12-06 12:27:28.345,85.5,536.0,0.26,0.96,-0.01,-0.28,-0.29,0.7
2024-12-06 12:27:28.354,84.38,522.0,0.26,0.95,-0.02,-0.22,-0.29,0.76
2024-12-06 12:27:28.368,82.35,510.0,0.26,0.95,-0.02,-0.22,-0.29,0.82
2024-12-06 12:27:28.372,86.62,507.0,0.26,0.95,-0.02,-0.28,-0.42,0.88
2024-12-06 12:27:28.376,84.82,506.0,0.26,0.95,-0.02,-0.28,-0.42,0.88
2024-12-06 12:27:28.411,85.5,505.0,0.26,0.96,-0.02,-0.22,-0.97,0.88
2024-12-06 12:27:28.416,88.42,539.0,0.26,0.96,-0.02,-0.22,-0.97,0.88
2024-12-06 12:27:28.422,84.82,524.0,0.26,0.96,-0.01,-0.16,-1.03,0.88
2024-12-06 12:27:28.435,83.92,508.0,0.26,0.96,-0.01,-0.16,-0.84,0.88
2024-12-06 12:27:28.437,82.57,523.0,0.25,0.96,-0.01,-0.22,-0.6,0.88
2024-12-06 12:27:28.449,87.97,526.0,0.26,0.96,-0.02,-0.22,-0.48,0.94
2024-12-06 12:27:28.465,81.22,537.0,0.26,0.96,-0.02,-0.28,-0.35,1.0
2024-12-06 12:27:28.467,82.8,522.0,0.26,0.96,-0.02,-0.28,-0.35,1.0
2024-12-06 12:27:28.471,84.82,517.0,0.25,0.96,-0.02,-0.34,-0.29,1.0
2024-12-06 12:27:28.478,84.6,534.0,0.26,0.96,-0.02,-0.34,-0.23,0.94
2024-12-06 12:27:28.486,86.85,506.0,0.26,0.96,-0.02,-0.4,-0.11,0.88
2024-12-06 12:27:28.492,81.67,517.0,0.26,0.96,-0.02,-0.4,-0.11,0.82
2024-12-06 12:27:28.502,78.3,522.0,0.26,0.96,-0.02,-0.34,-0.05,0.7
2024-12-06 12:27:28.537,86.4,502.0,0.26,0.96,-0.02,-0.03,-0.11,0.51
2024-12-06 12:27:28.548,83.92,523.0,0.26,0.96,-0.02,-0.03,-0.05,0.51
2024-12-06 12:27:28.552,88.65,510.0,0.26,0.96,-0.02,-0.03,-0.05,0.51
2024-12-06 12:27:28.555,85.5,524.0,0.26,0.96,-0.02,-0.03,0.07,0.51
2024-12-06 12:27:28.561,80.55,510.0,0.26,0.96,-0.02,-0.1,0.13,0.58
2024-12-06 12:27:28.569,86.4,515.0,0.26,0.96,-0.02,-0.1,0.19,0.58
2024-12-06 12:27:28.576,83.7,519.0,0.26,0.96,-0.02,-0.03,0.26,0.58
2024-12-06 12:27:28.584,87.52,523.0,0.26,0.96,-0.02,-0.03,0.26,0.58
2024-12-06 12:27:28.592,85.5,527.0,0.26,0.96,-0.02,0.03,0.32,0.58
2024-12-06 12:27:28.603,89.77,511.0,0.26,0.96,-0.02,0.03,0.26,0.58
2024-12-06 12:27:28.641,83.25,522.0,0.26,0.96,-0.02,-0.1,-0.05,0.39
2024-12-06 12:27:28.646,87.52,533.0,0.26,0.96,-0.02,-0.1,-0.05,0.33
2024-12-06 12:27:28.653,86.17,520.0,0.26,0.96,-0.01,-0.1,-0.11,0.27
2024-12-06 12:27:28.666,87.3,534.0,0.26,0.96,-0.01,-0.1,-0.05,0.21
2024-12-06 12:27:28.668,87.97,515.0,0.26,0.96,-0.01,-0.1,-0.05,0.21
2024-12-06 12:27:28.679,86.85,515.0,0.26,0.96,-0.01,-0.16,0.07,0.21
2024-12-06 12:27:28.687,90.45,527.0,0.26,0.96,-0.01,-0.22,0.13,0.21
2024-12-06 12:27:28.692,85.95,516.0,0.26,0.95,-0.01,-0.22,0.19,0.27
2024-12-06 12:27:28.700,89.55,532.0,0.26,0.95,-0.01,-0.34,0.26,0.27
2024-12-06 12:27:28.707,86.62,517.0,0.26,0.95,-0.01,-0.4,0.32,0.33
2024-12-06 12:27:28.719,85.05,539.0,0.26,0.95,-0.02,-0.4,0.32,0.33
2024-12-06 12:27:28.755,84.6,516.0,0.27,0.95,-0.02,-0.4,-0.11,0.39
2024-12-06 12:27:28.782,82.8,523.0,0.26,0.95,-0.01,-0.22,-0.29,0.27
2024-12-06 12:27:28.793,88.2,512.0,0.26,0.95,-0.01,-0.22,-0.17,0.21
2024-12-06 12:27:28.797,78.53,523.0,0.26,0.95,-0.01,-0.22,-0.17,0.21
2024-12-06 12:27:28.799,82.57,518.0,0.26,0.96,-0.01,-0.22,-0.17,0.21
2024-12-06 12:27:28.806,87.97,508.0,0.26,0.96,-0.01,-0.28,-0.17,0.15
2024-12-06 12:27:28.923,83.92,520.0,0.26,0.95,-0.01,-0.46,-0.29,0.51
2024-12-06 12:27:28.926,87.97,540.0,0.26,0.95,-0.01,-0.46,-0.29,0.51
2024-12-06 12:27:28.936,89.1,519.0,0.27,0.95,-0.01,-0.46,-0.29,0.51
2024-12-06 12:27:28.943,87.3,531.0,0.27,0.95,-0.01,-0.34,-0.29,0.51
2024-12-06 12:27:28.958,83.25,528.0,0.26,0.95,-0.02,-0.28,-0.42,0.51
2024-12-06 12:27:28.966,87.3,505.0,0.26,0.95,-0.02,-0.28,-0.54,0.45
2024-12-06 12:27:28.969,87.75,509.0,0.26,0.96,-0.02,-0.34,-0.66,0.45
2024-12-06 12:27:28.975,84.15,519.0,0.26,0.96,-0.02,-0.4,-0.78,0.39
2024-12-06 12:27:28.983,90.22,512.0,0.26,0.96,-0.01,-0.4,-0.78,0.33
2024-12-06 12:27:28.995,87.52,526.0,0.26,0.96,-0.01,-0.46,-0.9,0.33
2024-12-06 12:27:28.998,82.57,513.0,0.26,0.96,-0.01,-0.46,-0.97,0.21
2024-12-06 12:27:29.5,87.3,517.0,0.26,0.96,-0.01,-0.52,-0.97,0.15
2024-12-06 12:27:29.12,85.05,518.0,0.26,0.96,-0.01,-0.46,-0.9,0.09
2024-12-06 12:27:29.22,87.07,520.0,0.26,0.96,-0.01,-0.4,-0.84,0.09
2024-12-06 12:27:29.28,86.17,548.0,0.26,0.96,-0.01,-0.4,-0.84,0.03
2024-12-06 12:27:29.39,85.05,534.0,0.26,0.96,-0.01,-0.46,-0.84,0.03
2024-12-06 12:27:29.44,88.2,519.0,0.26,0.96,-0.01,-0.46,-0.78,-0.04
2024-12-06 12:27:29.66,85.5,512.0,0.26,0.95,-0.01,-0.52,-0.72,-0.1
2024-12-06 12:27:29.101,88.65,507.0,0.26,0.95,-0.02,-0.58,-0.66,-0.04
2024-12-06 12:27:29.112,85.5,513.0,0.26,0.95,-0.02,-0.46,-0.78,0.03
2024-12-06 12:27:29.115,87.52,513.0,0.26,0.95,-0.02,-0.34,-0.78,-0.1
2024-12-06 12:27:29.119,85.5,519.0,0.26,0.95,-0.01,-0.22,-0.78,-0.1
2024-12-06 12:27:29.134,84.38,558.0,0.26,0.96,-0.01,-0.16,-0.66,-0.16
2024-12-06 12:27:29.138,82.57,528.0,0.26,0.96,-0.01,-0.16,-0.42,-0.22
2024-12-06 12:27:29.142,85.72,531.0,0.26,0.96,-0.01,-0.1,-0.29,-0.16
2024-12-06 12:27:29.153,89.32,512.0,0.26,0.96,-0.01,-0.1,-0.29,-0.16
2024-12-06 12:27:29.159,77.17,518.0,0.26,0.96,-0.01,-0.1,-0.23,-0.16
2024-12-06 12:27:29.165,87.97,517.0,0.26,0.96,-0.01,-0.1,-0.11,-0.1
2024-12-06 12:27:29.176,86.4,511.0,0.26,0.96,-0.01,-0.16,0.07,-0.1
2024-12-06 12:27:29.191,83.03,511.0,0.26,0.96,-0.02,-0.22,0.26,-0.04
2024-12-06 12:27:29.196,87.75,512.0,0.26,0.96,-0.02,-0.22,0.26,-0.04
2024-12-06 12:27:29.214,86.62,510.0,0.26,0.96,-0.02,-0.1,0.19,0.09
2024-12-06 12:27:29.219,83.92,530.0,0.26,0.96,-0.02,0.03,0.13,0.09
2024-12-06 12:27:29.235,87.75,506.0,0.26,0.96,-0.02,0.09,0.19,0.09
2024-12-06 12:27:29.240,85.28,520.0,0.26,0.96,-0.02,0.09,0.19,0.09
2024-12-06 12:27:29.244,86.85,515.0,0.26,0.96,-0.02,0.09,0.26,0.15
2024-12-06 12:27:29.251,88.42,505.0,0.26,0.96,-0.01,0.09,0.32,0.15
2024-12-06 12:27:29.262,85.28,509.0,0.26,0.96,-0.01,0.03,0.44,0.21
2024-12-06 12:27:29.266,88.88,503.0,0.26,0.96,-0.01,0.09,0.5,0.27
2024-12-06 12:27:29.279,83.92,515.0,0.26,0.96,-0.01,0.15,0.62,0.27
2024-12-06 12:27:29.283,82.35,503.0,0.26,0.96,-0.01,0.15,0.62,0.27
2024-12-06 12:27:29.309,83.92,501.0,0.26,0.95,-0.02,0.21,0.56,0.33
2024-12-06 12:27:29.312,82.57,510.0,0.26,0.95,-0.02,0.21,0.5,0.27
2024-12-06 12:27:29.321,87.52,518.0,0.26,0.96,-0.02,0.21,0.5,0.27
2024-12-06 12:27:29.327,82.12,521.0,0.26,0.96,-0.02,0.15,0.38,0.15
2024-12-06 12:27:29.338,87.97,542.0,0.26,0.96,-0.01,0.09,0.26,0.09
2024-12-06 12:27:29.343,86.62,523.0,0.26,0.96,-0.01,0.03,0.07,0.03
2024-12-06 12:27:29.353,86.62,559.0,0.26,0.96,-0.01,0.09,-0.11,-0.04
2024-12-06 12:27:29.358,86.85,505.0,0.26,0.96,-0.01,0.09,-0.17,-0.16
2024-12-06 12:27:29.366,84.6,506.0,0.26,0.96,-0.01,0.09,-0.17,-0.16
2024-12-06 12:27:29.374,85.72,510.0,0.26,0.96,-0.01,0.09,-0.17,-0.16
2024-12-06 12:27:29.383,83.47,503.0,0.26,0.96,-0.01,0.09,-0.17,-0.1
2024-12-06 12:27:29.392,80.78,495.0,0.26,0.95,-0.01,0.03,-0.11,-0.1
2024-12-06 12:27:29.402,83.7,506.0,0.26,0.95,-0.01,-0.1,-0.11,-0.1
2024-12-06 12:27:29.406,85.72,518.0,0.26,0.95,-0.01,-0.1,-0.17,-0.04
2024-12-06 12:27:29.413,89.1,514.0,0.26,0.95,-0.01,-0.1,-0.17,-0.04
2024-12-06 12:27:29.423,85.05,514.0,0.26,0.95,-0.02,-0.16,-0.17,0.09
2024-12-06 12:27:29.429,86.62,519.0,0.26,0.95,-0.02,-0.22,-0.17,0.15
2024-12-06 12:27:29.438,84.82,515.0,0.26,0.95,-0.02,-0.16,-0.23,0.15
2024-12-06 12:27:29.447,85.28,510.0,0.26,0.95,-0.02,-0.16,-0.42,0.21
2024-12-06 12:27:29.453,83.25,513.0,0.26,0.95,-0.02,-0.03,-0.54,0.21
2024-12-06 12:27:29.461,83.92,525.0,0.26,0.95,-0.01,-0.03,-0.54,0.21
2024-12-06 12:27:29.470,87.75,504.0,0.26,0.95,-0.01,-0.03,-0.6,0.03
2024-12-06 12:27:29.480,87.75,528.0,0.26,0.96,-0.01,0.09,-0.6,-0.04
2024-12-06 12:27:29.485,87.3,524.0,0.26,0.96,-0.01,0.03,-0.6,-0.1
2024-12-06 12:27:29.494,88.2,523.0,0.26,0.96,-0.01,-0.03,-0.48,-0.22
2024-12-06 12:27:29.501,85.5,492.0,0.26,0.96,-0.01,-0.03,-0.48,-0.22
2024-12-06 12:27:29.508,82.12,508.0,0.26,0.96,-0.01,-0.03,-0.48,-0.22
2024-12-06 12:27:29.518,87.07,505.0,0.26,0.96,-0.01,-0.1,-0.54,-0.22
2024-12-06 12:27:29.579,87.07,507.0,0.26,0.96,-0.02,-0.16,-0.48,-0.16
2024-12-06 12:27:29.582,87.3,523.0,0.26,0.95,-0.02,-0.1,-0.84,0.03
2024-12-06 12:27:29.587,85.72,507.0,0.26,0.96,-0.02,-0.1,-0.84,0.03
2024-12-06 12:27:29.593,85.72,503.0,0.26,0.96,-0.02,-0.1,-0.78,0.15
2024-12-06 12:27:29.602,86.85,520.0,0.26,0.96,-0.02,-0.1,-0.66,0.21
2024-12-06 12:27:29.609,83.25,510.0,0.26,0.96,-0.01,-0.1,-0.42,0.27
2024-12-06 12:27:29.616,87.52,508.0,0.26,0.96,-0.01,-0.03,-0.23,0.33
2024-12-06 12:27:29.630,85.72,521.0,0.26,0.96,-0.01,-0.03,0.01,0.39
2024-12-06 12:27:29.637,81.0,523.0,0.26,0.96,-0.01,-0.03,0.01,0.39
2024-12-06 12:27:29.640,85.5,541.0,0.26,0.96,-0.01,0.09,0.13,0.39
2024-12-06 12:27:29.646,85.28,498.0,0.26,0.96,-0.02,0.15,0.19,0.39
2024-12-06 12:27:29.654,86.62,531.0,0.26,0.96,-0.02,0.21,0.13,0.27
2024-12-06 12:27:29.668,85.28,525.0,0.26,0.96,-0.02,0.15,0.01,0.09
2024-12-06 12:27:29.677,84.82,516.0,0.26,0.96,-0.02,0.15,0.01,0.09
2024-12-06 12:27:29.682,85.5,513.0,0.26,0.96,-0.02,0.09,-0.17,0.09
2024-12-06 12:27:29.689,81.45,521.0,0.26,0.96,-0.02,0.09,-0.35,-0.04
2024-12-06 12:27:29.692,82.8,518.0,0.26,0.96,-0.02,0.03,-0.48,-0.1
2024-12-06 12:27:29.701,87.07,509.0,0.26,0.96,-0.02,0.03,-0.6,-0.16
2024-12-06 12:27:29.710,84.82,513.0,0.26,0.96,-0.02,0.09,-0.6,-0.28
2024-12-06 12:27:29.718,83.25,526.0,0.25,0.96,-0.01,0.09,-0.6,-0.28
2024-12-06 12:27:29.724,81.22,510.0,0.25,0.96,-0.01,0.09,-0.66,-0.34
2024-12-06 12:27:29.734,85.28,528.0,0.25,0.96,-0.01,0.09,-0.6,-0.4
2024-12-06 12:27:29.765,87.07,503.0,0.26,0.95,-0.01,-0.1,-0.66,-0.52
2024-12-06 12:27:29.770,82.57,526.0,0.26,0.95,-0.01,-0.16,-0.6,-0.58
2024-12-06 12:27:29.781,85.72,511.0,0.26,0.95,-0.02,-0.28,-0.6,-0.52
2024-12-06 12:27:29.791,84.6,536.0,0.26,0.95,-0.02,-0.28,-0.72,-0.46
2024-12-06 12:27:29.805,83.03,508.0,0.26,0.95,-0.02,-0.28,-0.78,-0.52
2024-12-06 12:27:29.811,81.9,524.0,0.26,0.95,-0.02,-0.28,-0.78,-0.52
2024-12-06 12:27:29.818,88.42,508.0,0.26,0.95,-0.02,-0.22,-0.84,-0.52
2024-12-06 12:27:29.826,85.5,514.0,0.26,0.95,-0.02,-0.16,-0.9,-0.58
2024-12-06 12:27:29.829,88.42,499.0,0.26,0.96,-0.01,-0.03,-0.97,-0.58
2024-12-06 12:27:29.834,85.72,509.0,0.26,0.96,-0.01,0.03,-0.78,-0.65
2024-12-06 12:27:29.839,86.4,504.0,0.25,0.96,-0.01,-0.03,-0.6,-0.71
2024-12-06 12:27:29.849,81.22,520.0,0.25,0.96,-0.01,-0.03,-0.6,-0.71
2024-12-06 12:27:29.861,80.55,515.0,0.25,0.96,-0.01,0.03,-0.48,-0.71
2024-12-06 12:27:29.961,85.5,531.0,0.25,0.96,-0.02,-0.1,-0.48,-0.4
2024-12-06 12:27:29.998,84.15,510.0,0.25,0.96,-0.02,-0.16,-0.35,-0.28
2024-12-06 12:27:30.6,85.95,503.0,0.25,0.96,-0.02,-0.03,0.07,0.15
2024-12-06 12:27:30.9,82.57,519.0,0.25,0.96,-0.02,0.03,0.07,0.15
2024-12-06 12:27:30.13,87.07,511.0,0.25,0.96,-0.02,0.15,0.13,0.15
2024-12-06 12:27:30.23,84.15,503.0,0.25,0.96,-0.02,0.15,0.07,0.09
2024-12-06 12:27:30.28,84.15,509.0,0.25,0.96,-0.02,0.15,-0.05,0.09
2024-12-06 12:27:30.45,87.07,525.0,0.25,0.96,-0.02,0.15,-0.05,0.09
2024-12-06 12:27:30.51,82.8,554.0,0.25,0.96,-0.02,0.09,-0.17,0.03
2024-12-06 12:27:30.59,84.82,610.0,0.25,0.96,-0.02,0.09,-0.23,-0.1
2024-12-06 12:27:30.61,85.95,509.0,0.25,0.96,-0.02,0.15,-0.35,-0.16
2024-12-06 12:27:30.66,85.72,524.0,0.25,0.96,-0.02,0.15,-0.29,-0.22
2024-12-06 12:27:30.74,86.62,512.0,0.25,0.96,-0.01,0.15,-0.29,-0.22
2024-12-06 12:27:30.83,88.88,510.0,0.25,0.96,-0.01,0.15,-0.23,-0.28
2024-12-06 12:27:30.90,81.0,507.0,0.24,0.96,-0.01,0.15,-0.11,-0.28
2024-12-06 12:27:30.98,87.97,511.0,0.25,0.96,-0.01,0.09,-0.05,-0.28
2024-12-06 12:27:30.107,87.07,498.0,0.25,0.96,-0.01,-0.03,0.01,-0.28
2024-12-06 12:27:30.114,89.32,521.0,0.25,0.95,-0.01,-0.16,0.07,-0.28
2024-12-06 12:27:30.121,82.57,527.0,0.25,0.95,-0.01,-0.16,0.07,-0.28
2024-12-06 12:27:30.130,87.3,504.0,0.25,0.95,-0.02,-0.28,0.01,-0.22
2024-12-06 12:27:30.139,84.38,510.0,0.25,0.95,-0.02,-0.34,0.01,-0.22
2024-12-06 12:27:30.154,87.97,523.0,0.25,0.96,-0.02,-0.34,-0.11,-0.16
2024-12-06 12:27:30.160,78.53,504.0,0.25,0.96,-0.02,-0.34,-0.29,-0.1
2024-12-06 12:27:30.167,82.12,518.0,0.25,0.96,-0.02,-0.34,-0.29,-0.1
2024-12-06 12:27:30.173,86.4,507.0,0.25,0.96,-0.02,-0.28,-0.42,-0.1
2024-12-06 12:27:30.179,83.03,506.0,0.25,0.96,-0.02,-0.22,-0.54,-0.1
2024-12-06 12:27:30.183,82.57,509.0,0.25,0.96,-0.01,-0.1,-0.54,-0.1
2024-12-06 12:27:30.218,84.15,501.0,0.25,0.96,-0.02,-0.22,-0.35,-0.04
2024-12-06 12:27:30.221,80.78,501.0,0.25,0.96,-0.02,-0.22,-0.35,-0.04
2024-12-06 12:27:30.232,82.35,518.0,0.25,0.96,-0.02,-0.28,-0.23,0.03
2024-12-06 12:27:30.236,86.62,520.0,0.25,0.96,-0.02,-0.28,-0.05,0.09
2024-12-06 12:27:30.246,83.7,532.0,0.25,0.96,-0.02,-0.28,-0.05,0.09
2024-12-06 12:27:30.255,83.25,504.0,0.25,0.96,-0.02,-0.22,-0.11,0.09
2024-12-06 12:27:30.263,80.1,513.0,0.25,0.96,-0.02,-0.28,0.07,0.09
2024-12-06 12:27:30.268,78.53,513.0,0.25,0.96,-0.02,-0.22,0.01,0.15
2024-12-06 12:27:30.277,86.85,541.0,0.25,0.96,-0.02,-0.1,-0.17,0.15
2024-12-06 12:27:30.283,85.72,510.0,0.25,0.96,-0.02,-0.1,-0.17,0.15
2024-12-06 12:27:30.295,80.78,515.0,0.25,0.96,-0.02,-0.03,-0.17,0.15
2024-12-06 12:27:30.298,85.72,499.0,0.25,0.96,-0.02,-0.03,-0.29,0.15
2024-12-06 12:27:30.308,82.8,508.0,0.25,0.96,-0.02,-0.1,-0.29,0.21
2024-12-06 12:27:30.313,84.15,517.0,0.25,0.96,-0.02,-0.16,-0.23,0.21
2024-12-06 12:27:30.322,80.78,508.0,0.25,0.96,-0.02,-0.16,-0.11,0.27
2024-12-06 12:27:30.329,86.85,522.0,0.25,0.96,-0.02,-0.16,-0.11,0.27
2024-12-06 12:27:30.338,86.17,502.0,0.25,0.96,-0.02,-0.16,-0.05,0.45
2024-12-06 12:27:30.345,81.67,515.0,0.25,0.96,-0.02,-0.1,0.13,0.51
2024-12-06 12:27:30.361,87.3,497.0,0.25,0.96,-0.02,-0.03,0.13,0.58
2024-12-06 12:27:30.369,83.03,519.0,0.25,0.96,-0.02,-0.03,0.13,0.51
2024-12-06 12:27:30.393,86.4,516.0,0.25,0.96,-0.02,-0.03,0.07,0.45
2024-12-06 12:27:30.400,86.4,505.0,0.25,0.96,-0.02,-0.16,-0.05,0.21
2024-12-06 12:27:30.406,85.5,519.0,0.25,0.96,-0.02,-0.1,-0.11,0.09
2024-12-06 12:27:30.416,84.38,514.0,0.25,0.96,-0.01,-0.1,-0.11,0.09
2024-12-06 12:27:30.422,87.07,522.0,0.25,0.96,-0.01,-0.1,-0.11,-0.1
2024-12-06 12:27:30.432,87.97,516.0,0.24,0.96,-0.01,-0.1,0.01,-0.16
2024-12-06 12:27:30.442,88.2,505.0,0.25,0.96,-0.01,-0.03,0.07,-0.22
2024-12-06 12:27:30.448,83.03,519.0,0.25,0.96,-0.01,-0.16,0.19,-0.22
2024-12-06 12:27:30.478,83.92,508.0,0.25,0.96,-0.01,-0.22,0.19,-0.22
2024-12-06 12:27:30.482,85.05,517.0,0.25,0.96,-0.02,-0.4,0.19,-0.1
2024-12-06 12:27:30.486,83.03,515.0,0.25,0.96,-0.02,-0.46,0.07,-0.04
2024-12-06 12:27:30.491,83.03,500.0,0.25,0.96,-0.02,-0.52,-0.05,-0.04
2024-12-06 12:27:31.689,86.17,499.0,0.25,0.96,-0.01,-0.16,0.62,-0.71
2024-12-06 12:27:31.695,83.47,504.0,0.26,0.86,0.02,-5.41,0.32,11.62
2024-12-06 12:27:31.717,69.97,490.0,0.3,0.93,0.05,-3.09,5.93,7.53
2024-12-06 12:27:31.746,72.22,493.0,0.32,0.95,0.03,1.0,9.65,0.33
2024-12-06 12:27:31.773,69.75,487.0,0.32,0.93,-0.0,3.63,8.25,-6.81
2024-12-06 12:27:31.812,66.38,526.0,0.27,0.94,-0.01,5.82,4.41,-9.5
2024-12-06 12:27:31.830,62.77,488.0,0.23,0.94,-0.0,5.76,5.08,-12.12
2024-12-06 12:27:31.857,61.2,475.0,0.24,0.94,0.0,4.6,6.97,-12.24
2024-12-06 12:27:31.893,66.38,478.0,0.23,0.95,0.0,3.26,7.7,-10.59
2024-12-06 12:27:31.911,64.12,469.0,0.24,0.96,-0.01,1.49,6.97,-9.62
2024-12-06 12:27:31.940,64.8,490.0,0.25,0.97,-0.02,0.21,4.28,-7.91
2024-12-06 12:27:32.46,62.1,485.0,0.23,0.97,-0.03,-0.16,2.51,-6.69
2024-12-06 12:27:32.54,58.5,476.0,0.23,0.97,-0.01,0.39,3.67,-7.12
2024-12-06 12:27:32.75,54.9,446.0,0.24,0.97,-0.01,0.27,2.57,-6.87
2024-12-06 12:27:32.105,56.25,465.0,0.23,0.97,-0.02,0.45,1.54,-5.47
2024-12-06 12:27:32.133,54.22,465.0,0.23,0.97,-0.01,0.33,1.42,-4.12
2024-12-06 12:27:32.158,54.67,493.0,0.22,0.97,-0.01,0.15,1.9,-2.66
2024-12-06 12:27:32.189,52.88,466.0,0.22,0.97,-0.01,-0.03,2.21,-2.29
2024-12-06 12:27:32.213,51.52,466.0,0.22,0.97,-0.01,-0.16,1.96,-1.99
2024-12-06 12:27:32.262,51.3,467.0,0.23,0.97,-0.01,0.09,1.54,-1.32
2024-12-06 12:27:32.269,51.97,485.0,0.23,0.97,-0.02,0.45,0.56,0.03
2024-12-06 12:27:32.304,49.27,470.0,0.22,0.96,-0.0,0.58,-0.17,-0.04
2024-12-06 12:27:32.326,50.62,468.0,0.19,0.96,-0.0,0.21,0.56,0.27
2024-12-06 12:27:32.354,46.12,461.0,0.21,0.96,-0.01,0.45,1.35,-0.4
2024-12-06 12:27:32.379,41.85,451.0,0.21,0.97,-0.01,0.51,1.6,-1.13
2024-12-06 12:27:32.413,42.08,483.0,0.21,0.98,-0.02,0.94,0.44,-1.5
2024-12-06 12:27:32.435,39.6,460.0,0.21,0.97,-0.01,0.64,-1.21,-1.99
2024-12-06 12:27:32.477,43.42,472.0,0.21,0.98,-0.01,0.15,-1.82,-1.26
2024-12-06 12:27:32.490,42.08,455.0,0.19,0.96,-0.01,0.09,-2.12,-1.44
2024-12-06 12:27:32.519,35.33,468.0,0.21,0.97,-0.01,-0.71,-1.15,-1.38
2024-12-06 12:27:32.549,38.92,461.0,0.2,0.97,-0.01,-0.77,-0.11,-0.77
2024-12-06 12:27:32.579,36.45,471.0,0.21,0.97,-0.01,-0.77,0.68,-0.77
2024-12-06 12:27:32.601,35.77,478.0,0.21,0.97,-0.02,-0.28,1.66,0.15
2024-12-06 12:27:32.629,32.62,449.0,0.21,0.97,-0.02,0.09,1.17,0.27
2024-12-06 12:27:32.660,30.15,458.0,0.21,0.97,-0.01,0.51,0.32,0.03
2024-12-06 12:27:32.706,34.88,449.0,0.2,0.96,-0.01,0.82,-0.35,-0.83
2024-12-06 12:27:32.717,32.85,473.0,0.2,0.97,-0.01,0.94,-0.78,-1.81
2024-12-06 12:27:32.738,28.12,472.0,0.2,0.98,-0.01,0.7,0.07,-2.17
2024-12-06 12:27:32.767,30.82,460.0,0.2,0.98,-0.01,0.58,1.54,-1.32
2024-12-06 12:27:32.794,30.15,466.0,0.2,0.97,-0.02,1.06,3.49,-0.1
2024-12-06 12:27:32.823,24.07,463.0,0.21,0.97,-0.02,1.31,4.53,1.31
2024-12-06 12:27:32.855,24.3,460.0,0.21,0.97,-0.02,1.55,4.59,1.8
2024-12-06 12:27:32.877,26.77,453.0,0.21,0.98,-0.02,1.61,3.25,2.22
2024-12-06 12:27:32.931,28.35,473.0,0.21,0.98,-0.01,1.55,2.15,2.1
2024-12-06 12:27:32.937,25.88,461.0,0.2,0.97,-0.01,1.67,2.03,1.43
2024-12-06 12:27:32.962,24.97,456.0,0.21,0.98,-0.01,1.49,2.88,1.49
2024-12-06 12:27:32.988,19.8,457.0,0.2,0.97,-0.02,1.74,3.12,1.8
2024-12-06 12:27:33.95,20.92,454.0,0.21,0.96,-0.0,1.19,1.54,0.76
2024-12-06 12:27:33.98,22.05,468.0,0.21,0.97,-0.01,0.39,2.82,-1.38
2024-12-06 12:27:33.124,18.67,490.0,0.21,0.98,-0.02,0.64,4.41,-0.4
2024-12-06 12:27:33.155,17.77,459.0,0.21,0.98,-0.02,0.45,4.71,0.27
2024-12-06 12:27:33.179,15.97,466.0,0.22,0.98,-0.03,0.51,4.16,1.37
2024-12-06 12:27:33.209,12.6,447.0,0.21,0.97,-0.03,0.51,2.88,2.53
2024-12-06 12:27:33.234,13.95,458.0,0.21,0.96,-0.01,0.21,1.29,1.55
2024-12-06 12:27:33.264,15.07,472.0,0.2,0.96,-0.01,0.33,0.07,0.27
2024-12-06 12:27:33.301,9.22,470.0,0.2,0.96,-0.01,0.39,0.56,-0.89
2024-12-06 12:27:33.317,12.6,499.0,0.21,0.98,-0.01,0.33,1.84,-0.46
2024-12-06 12:27:33.345,12.15,459.0,0.2,0.97,-0.02,-0.1,2.39,0.03
2024-12-06 12:27:33.388,10.12,463.0,0.21,0.96,-0.01,-0.71,1.78,0.21
2024-12-06 12:27:33.402,10.12,459.0,0.22,0.97,-0.02,-1.13,1.6,1.61
2024-12-06 12:27:33.428,3.82,473.0,0.21,0.97,-0.02,-0.95,1.17,2.28
2024-12-06 12:27:33.455,-0.22,461.0,0.21,0.97,-0.02,-0.64,0.26,1.73
2024-12-06 12:27:33.483,6.97,466.0,0.21,0.96,-0.02,-0.22,0.8,1.37
2024-12-06 12:27:33.510,3.38,473.0,0.22,0.98,-0.02,-0.22,0.5,1.98
2024-12-06 12:27:33.538,2.25,465.0,0.22,0.98,-0.05,1.25,2.51,2.16
2024-12-06 12:27:33.567,2.92,461.0,0.22,0.98,-0.01,1.61,2.88,4.24
2024-12-06 12:27:33.574,2.47,468.0,0.21,0.97,-0.02,1.61,2.76,4.3
2024-12-06 12:27:33.589,-0.67,477.0,0.21,0.97,-0.02,1.49,3.19,3.99
2024-12-06 12:27:33.600,-2.92,458.0,0.21,0.96,-0.01,1.13,3.55,3.99
2024-12-06 12:27:33.634,1.57,481.0,0.2,0.96,-0.01,1.37,3.86,2.59
2024-12-06 12:27:33.639,-0.22,470.0,0.19,0.96,-0.01,1.55,3.43,1.86
2024-12-06 12:27:33.642,-0.22,461.0,0.19,0.96,-0.01,1.55,3.43,1.86
2024-12-06 12:27:33.649,1.57,466.0,0.19,0.96,-0.01,1.61,3.86,1.06
2024-12-06 12:27:33.657,-4.5,463.0,0.19,0.95,-0.01,1.61,3.73,0.21
2024-12-06 12:27:33.671,2.02,466.0,0.19,0.95,-0.01,1.55,3.61,-0.65
2024-12-06 12:27:33.677,-2.47,469.0,0.19,0.95,-0.01,1.67,2.94,-1.99
2024-12-06 12:27:33.684,-3.82,457.0,0.17,0.95,-0.01,1.67,3.0,-3.7
2024-12-06 12:27:33.692,-3.38,477.0,0.18,0.95,-0.02,1.49,3.0,-3.7
2024-12-06 12:27:33.696,1.8,463.0,0.2,0.95,-0.01,1.19,3.37,-4.8
2024-12-06 12:27:33.706,-2.25,453.0,0.21,0.96,0.0,0.88,3.43,-4.92
2024-12-06 12:27:33.713,0.45,477.0,0.22,0.97,-0.0,0.88,3.37,-4.37
2024-12-06 12:27:33.719,-1.8,472.0,0.22,0.97,-0.0,0.88,3.49,-3.82
2024-12-06 12:27:33.727,-0.67,461.0,0.22,0.97,-0.01,0.88,3.49,-3.82
2024-12-06 12:27:33.735,-3.38,476.0,0.21,0.98,-0.01,0.7,3.73,-3.51
2024-12-06 12:27:33.742,-2.92,459.0,0.21,0.97,-0.01,0.39,3.67,-3.45
2024-12-06 12:27:33.751,-2.7,463.0,0.21,0.97,-0.01,0.03,3.19,-3.45
2024-12-06 12:27:33.758,1.35,477.0,0.21,0.97,-0.01,-0.22,2.76,-3.39
2024-12-06 12:27:33.766,-2.7,465.0,0.21,0.97,-0.01,-0.46,2.45,-3.27
2024-12-06 12:27:33.774,-1.57,469.0,0.21,0.96,-0.01,-0.46,2.45,-3.27
2024-12-06 12:27:33.782,-4.95,461.0,0.21,0.96,-0.02,-0.64,2.09,-3.09
2024-12-06 12:27:33.802,-2.25,453.0,0.21,0.96,-0.02,-0.83,1.78,-2.9
2024-12-06 12:27:33.830,0.0,460.0,0.21,0.96,-0.02,-1.01,1.29,-2.72
2024-12-06 12:27:33.838,0.22,472.0,0.21,0.97,-0.02,-1.13,0.68,-2.35
2024-12-06 12:27:33.843,1.35,516.0,0.21,0.97,-0.02,-1.07,0.62,-2.11
2024-12-06 12:27:33.851,-1.8,462.0,0.21,0.97,-0.02,-0.95,0.62,-1.81
2024-12-06 12:27:33.869,-1.57,474.0,0.21,0.97,-0.02,-0.95,0.62,-1.81
2024-12-06 12:27:33.872,1.57,497.0,0.22,0.97,-0.02,-0.83,0.68,-1.5
2024-12-06 12:27:33.879,0.9,466.0,0.22,0.97,-0.02,-0.77,0.74,-1.26
2024-12-06 12:27:33.883,0.45,473.0,0.22,0.97,-0.02,-0.64,0.74,-1.01
2024-12-06 12:27:33.892,-2.25,460.0,0.22,0.97,-0.02,-0.58,0.8,-0.83
2024-12-06 12:27:33.897,-0.22,462.0,0.22,0.97,-0.02,-0.58,0.8,-0.83
2024-12-06 12:27:33.904,0.22,469.0,0.22,0.97,-0.02,-0.46,0.68,-0.65
2024-12-06 12:27:33.912,-0.22,467.0,0.22,0.97,-0.02,-0.46,0.56,-0.52
2024-12-06 12:27:33.922,0.9,476.0,0.22,0.97,-0.02,-0.4,0.38,-0.34
2024-12-06 12:27:33.937,0.0,465.0,0.22,0.97,-0.02,-0.22,-0.23,-0.1
2024-12-06 12:27:33.943,2.47,474.0,0.22,0.97,-0.01,-0.22,-0.23,-0.1
2024-12-06 12:27:33.951,-2.7,452.0,0.22,0.97,-0.01,-0.16,-0.42,0.09
2024-12-06 12:27:33.959,-3.38,454.0,0.22,0.98,-0.01,-0.1,-0.48,0.21
2024-12-06 12:27:33.967,1.57,467.0,0.21,0.98,-0.01,-0.1,-0.48,0.27
2024-12-06 12:27:33.977,-3.38,463.0,0.21,0.98,-0.01,0.03,-0.35,0.39
2024-12-06 12:27:33.983,-2.92,462.0,0.21,0.97,-0.01,0.21,-0.11,0.51
2024-12-06 12:27:33.992,-2.02,463.0,0.21,0.97,-0.02,0.21,-0.11,0.51
2024-12-06 12:27:33.998,-0.67,475.0,0.21,0.97,-0.02,0.33,0.13,0.7
2024-12-06 12:27:34.6,-2.7,466.0,0.21,0.97,-0.02,0.33,0.5,0.88
2024-12-06 12:27:34.15,0.9,519.0,0.21,0.97,-0.02,0.39,0.68,1.12
2024-12-06 12:27:34.22,0.22,463.0,0.21,0.97,-0.02,0.39,0.8,1.31
2024-12-06 12:27:34.29,-1.57,478.0,0.21,0.97,-0.02,0.39,0.8,1.55
2024-12-06 12:27:34.163,-1.8,501.0,0.21,0.97,-0.01,-0.1,-0.97,1.49
2024-12-06 12:27:34.167,2.47,460.0,0.21,0.97,-0.01,-0.16,-1.45,1.43
2024-12-06 12:27:34.170,0.0,475.0,0.21,0.96,-0.01,-0.16,-1.45,1.43
2024-12-06 12:27:34.178,-2.7,455.0,0.21,0.97,-0.01,-0.22,-1.88,1.31
2024-12-06 12:27:34.186,-2.02,482.0,0.21,0.97,-0.01,-0.34,-2.19,1.19
2024-12-06 12:27:34.194,0.0,467.0,0.21,0.97,-0.01,-0.52,-2.37,1.06
2024-12-06 12:27:34.201,-3.38,457.0,0.21,0.97,-0.01,-0.64,-2.61,1.0
2024-12-06 12:27:34.212,2.92,452.0,0.21,0.97,-0.01,-0.71,-2.8,0.94
2024-12-06 12:27:34.220,-0.22,458.0,0.21,0.97,-0.01,-0.71,-2.8,0.94
2024-12-06 12:27:34.229,1.8,476.0,0.21,0.97,-0.01,-0.77,-2.74,0.94
2024-12-06 12:27:34.232,-0.9,465.0,0.21,0.96,-0.01,-0.71,-2.55,0.88
2024-12-06 12:27:34.242,-6.75,476.0,0.21,0.96,-0.01,-0.71,-2.37,0.76
2024-12-06 12:27:34.249,1.8,456.0,0.21,0.96,-0.01,-0.64,-2.0,0.7
2024-12-06 12:27:34.286,-3.38,454.0,0.21,0.96,-0.02,-0.58,-1.76,0.64
2024-12-06 12:27:34.288,-3.38,461.0,0.21,0.97,-0.02,-0.64,-1.82,0.58
2024-12-06 12:27:34.296,1.57,462.0,0.22,0.97,-0.01,-0.64,-1.82,0.58
2024-12-06 12:27:34.306,-2.92,451.0,0.22,0.97,-0.01,-0.64,-2.12,0.58
2024-12-06 12:27:34.309,-2.25,461.0,0.21,0.97,-0.01,-0.71,-2.49,0.7
2024-12-06 12:27:34.319,2.92,458.0,0.21,0.98,-0.01,-0.77,-2.61,0.76
2024-12-06 12:27:34.325,0.45,454.0,0.21,0.97,-0.01,-0.83,-2.55,0.7
2024-12-06 12:27:34.338,0.22,459.0,0.21,0.97,-0.01,-0.89,-2.43,0.64
2024-12-06 12:27:34.341,-1.35,460.0,0.21,0.97,-0.01,-0.89,-2.19,0.64
2024-12-06 12:27:34.349,0.0,467.0,0.21,0.97,-0.01,-0.83,-2.19,0.64
2024-12-06 12:27:34.360,-3.38,480.0,0.21,0.97,-0.02,-0.64,-1.88,0.58
2024-12-06 12:27:34.364,-0.45,496.0,0.21,0.97,-0.02,-0.52,-1.51,0.51
2024-12-06 12:27:34.372,0.0,459.0,0.21,0.97,-0.02,-0.46,-1.27,0.45
2024-12-06 12:27:34.380,1.8,464.0,0.21,0.97,-0.02,-0.34,-1.09,0.39
2024-12-06 12:27:34.387,0.0,456.0,0.21,0.97,-0.02,-0.34,-1.09,0.39
2024-12-06 12:27:34.398,-0.67,474.0,0.21,0.97,-0.02,-0.22,-1.03,0.33
2024-12-06 12:27:34.404,-2.25,455.0,0.21,0.97,-0.02,-0.16,-1.15,0.33
2024-12-06 12:27:34.412,0.67,466.0,0.22,0.97,-0.01,-0.1,-1.51,0.45
2024-12-06 12:27:34.420,0.22,471.0,0.22,0.97,-0.01,-0.03,-1.88,0.58
2024-12-06 12:27:34.427,1.8,471.0,0.22,0.97,-0.01,-0.1,-2.12,0.64
2024-12-06 12:27:34.441,2.92,453.0,0.22,0.97,-0.01,-0.22,-2.37,0.76
2024-12-06 12:27:34.443,-0.22,477.0,0.21,0.97,-0.01,-0.22,-2.37,0.76
2024-12-06 12:27:34.451,-4.72,479.0,0.21,0.97,-0.01,-0.34,-2.61,0.82
2024-12-06 12:27:34.459,-4.05,450.0,0.21,0.96,-0.01,-0.4,-2.74,0.82
2024-12-06 12:27:34.466,-2.25,450.0,0.21,0.97,-0.01,-0.46,-2.61,0.7
2024-12-06 12:27:34.477,-4.5,460.0,0.21,0.97,-0.01,-0.46,-2.25,0.64
2024-12-06 12:27:34.509,-2.25,470.0,0.21,0.97,-0.01,-0.34,-1.09,0.64
2024-12-06 12:27:34.512,-2.02,470.0,0.21,0.97,-0.01,-0.22,-0.84,0.7
2024-12-06 12:27:34.520,-3.15,453.0,0.21,0.97,-0.01,-0.22,-0.84,0.7
2024-12-06 12:27:34.527,-0.22,472.0,0.21,0.97,-0.02,-0.16,-0.54,0.76
2024-12-06 12:27:34.538,-4.72,465.0,0.21,0.97,-0.01,-0.22,-0.42,0.82
2024-12-06 12:27:34.545,-0.67,453.0,0.21,0.97,-0.01,-0.28,-0.48,0.88
2024-12-06 12:27:34.554,0.9,484.0,0.21,0.97,-0.01,-0.34,-0.54,0.88
2024-12-06 12:27:34.559,-1.35,476.0,0.21,0.97,-0.01,-0.46,-0.72,0.88
2024-12-06 12:27:34.567,2.25,461.0,0.21,0.97,-0.01,-0.46,-0.72,0.88
2024-12-06 12:27:34.574,-3.38,460.0,0.22,0.97,-0.01,-0.58,-0.9,0.94
2024-12-06 12:27:34.582,-0.67,465.0,0.22,0.96,-0.01,-0.64,-1.27,0.94
2024-12-06 12:27:34.590,-2.7,461.0,0.22,0.96,-0.02,-0.71,-1.51,0.88
2024-12-06 12:27:34.598,-1.12,456.0,0.22,0.96,-0.02,-0.71,-1.82,0.82
2024-12-06 12:27:34.609,0.67,458.0,0.22,0.96,-0.02,-0.64,-2.06,0.7
2024-12-06 12:27:34.614,-0.22,461.0,0.22,0.96,-0.02,-0.64,-2.06,0.7
2024-12-06 12:27:34.622,-1.57,503.0,0.22,0.96,-0.02,-0.58,-2.31,0.51
2024-12-06 12:27:34.629,-3.6,470.0,0.22,0.96,-0.02,-0.46,-2.55,0.39
2024-12-06 12:27:34.639,-3.15,459.0,0.22,0.97,-0.01,-0.46,-2.98,0.27
2024-12-06 12:27:34.653,-2.7,461.0,0.22,0.97,-0.01,-0.28,-3.59,0.03
2024-12-06 12:27:34.666,0.67,451.0,0.22,0.97,-0.01,-0.28,-3.59,0.03
2024-12-06 12:27:34.669,0.67,459.0,0.21,0.97,-0.01,-0.28,-3.71,-0.1
2024-12-06 12:27:34.677,-3.38,472.0,0.21,0.97,-0.01,-0.28,-3.77,-0.16
2024-12-06 12:27:34.684,2.25,462.0,0.21,0.97,-0.02,-0.28,-3.71,-0.22
2024-12-06 12:27:34.695,-5.62,458.0,0.21,0.97,-0.02,-0.34,-3.47,-0.22
2024-12-06 12:27:34.700,-2.25,452.0,0.21,0.97,-0.02,-0.4,-3.16,-0.22
2024-12-06 12:27:34.742,-1.8,467.0,0.21,0.97,-0.02,-0.4,-3.16,-0.22
2024-12-06 12:27:34.748,-0.22,459.0,0.21,0.97,-0.02,-0.46,-2.0,0.09
2024-12-06 12:27:34.755,2.25,460.0,0.21,0.97,-0.02,-0.46,-1.76,0.21
2024-12-06 12:27:34.761,3.6,473.0,0.21,0.97,-0.01,-0.46,-1.76,0.33
2024-12-06 12:27:34.770,1.12,476.0,0.21,0.96,-0.01,-0.4,-1.82,0.39
2024-12-06 12:27:34.781,1.12,460.0,0.21,0.96,-0.01,-0.46,-1.58,0.45
2024-12-06 12:27:34.784,-3.15,461.0,0.21,0.96,-0.02,-0.46,-1.58,0.45
2024-12-06 12:27:34.791,-1.57,461.0,0.21,0.96,-0.02,-0.46,-1.33,0.51
2024-12-06 12:27:34.799,-2.25,475.0,0.21,0.97,-0.02,-0.46,-1.33,0.64
2024-12-06 12:27:34.810,-0.9,455.0,0.21,0.97,-0.02,-0.46,-1.33,0.76
2024-12-06 12:27:34.815,-1.8,473.0,0.21,0.97,-0.02,-0.46,-1.21,0.94
2024-12-06 12:27:34.835,-0.67,461.0,0.21,0.97,-0.02,-0.46,-1.03,1.0
2024-12-06 12:27:34.838,-0.67,469.0,0.21,0.97,-0.02,-0.46,-0.84,1.06
2024-12-06 12:27:34.848,-0.22,486.0,0.21,0.97,-0.02,-0.46,-0.66,1.12
2024-12-06 12:27:34.853,-5.17,449.0,0.21,0.97,-0.02,-0.4,-0.6,1.19
2024-12-06 12:27:34.861,-2.02,449.0,0.21,0.97,-0.02,-0.4,-0.54,1.25
2024-12-06 12:27:34.872,2.25,461.0,0.21,0.97,-0.02,-0.4,-0.54,1.25
2024-12-06 12:27:34.883,-2.02,473.0,0.21,0.97,-0.02,-0.34,-0.54,1.19
2024-12-06 12:27:34.886,-0.45,470.0,0.21,0.97,-0.02,-0.28,-0.42,1.19
2024-12-06 12:27:34.892,1.12,458.0,0.21,0.97,-0.02,-0.28,-0.23,1.12
2024-12-06 12:27:34.900,4.72,465.0,0.21,0.97,-0.02,-0.28,-0.11,1.12
2024-12-06 12:27:34.908,-4.72,463.0,0.21,0.97,-0.02,-0.22,0.01,1.19
2024-12-06 12:27:34.916,2.92,458.0,0.21,0.97,-0.02,-0.22,0.01,1.19
2024-12-06 12:27:34.927,-1.8,462.0,0.21,0.97,-0.02,-0.22,0.13,1.19
2024-12-06 12:27:34.933,-0.67,464.0,0.21,0.97,-0.02,-0.16,0.32,1.12
2024-12-06 12:27:34.964,-0.45,447.0,0.21,0.97,-0.02,-0.1,0.44,1.06
2024-12-06 12:27:34.978,0.0,470.0,0.21,0.97,-0.02,-0.16,0.56,0.94
2024-12-06 12:27:34.988,0.0,463.0,0.21,0.97,-0.02,-0.22,0.38,0.88
2024-12-06 12:27:34.992,-0.67,480.0,0.21,0.97,-0.01,-0.22,0.38,0.88
2024-12-06 12:27:34.999,0.9,461.0,0.21,0.97,-0.01,-0.22,0.26,0.88
2024-12-06 12:27:35.10,-0.22,476.0,0.21,0.97,-0.01,-0.16,0.01,0.76
2024-12-06 12:27:35.17,-5.62,473.0,0.21,0.97,-0.01,-0.16,-0.17,0.7
2024-12-06 12:27:35.21,-2.92,477.0,0.21,0.97,-0.01,-0.16,-0.35,0.64
2024-12-06 12:27:35.30,-5.85,457.0,0.21,0.97,-0.01,-0.16,-0.35,0.64
2024-12-06 12:27:35.45,-3.6,457.0,0.21,0.97,-0.01,-0.22,-0.35,0.51
2024-12-06 12:27:35.48,-1.57,473.0,0.21,0.97,-0.01,-0.22,-0.23,0.39
2024-12-06 12:27:35.52,-2.02,465.0,0.21,0.97,-0.01,-0.22,-0.11,0.27
2024-12-06 12:27:35.67,-0.45,466.0,0.21,0.97,-0.01,-0.16,0.07,0.27
2024-12-06 12:27:35.70,-0.22,463.0,0.21,0.97,-0.01,-0.16,0.26,0.21
2024-12-06 12:27:35.75,-2.7,462.0,0.21,0.97,-0.02,-0.16,0.26,0.21
2024-12-06 12:27:35.89,-3.82,463.0,0.21,0.97,-0.02,-0.16,0.26,0.27
2024-12-06 12:27:35.192,-1.57,473.0,0.21,0.97,-0.01,-0.22,0.32,0.27
2024-12-06 12:27:35.206,-2.47,453.0,0.22,0.97,-0.02,0.03,0.26,0.58
2024-12-06 12:27:35.211,1.8,474.0,0.22,0.97,-0.02,0.09,0.32,0.64
2024-12-06 12:27:35.220,-0.22,477.0,0.21,0.97,-0.01,0.09,0.32,0.64
2024-12-06 12:27:35.227,-2.02,453.0,0.21,0.97,-0.01,0.21,0.26,0.64
2024-12-06 12:27:35.233,-1.35,472.0,0.21,0.97,-0.01,0.27,0.32,0.64
2024-12-06 12:27:35.242,0.45,469.0,0.21,0.97,-0.02,0.27,0.38,0.64
2024-12-06 12:27:35.250,0.0,490.0,0.21,0.97,-0.02,0.33,0.56,0.7
2024-12-06 12:27:35.257,2.47,473.0,0.21,0.97,-0.02,0.27,0.68,0.76
2024-12-06 12:27:35.266,-2.92,468.0,0.21,0.97,-0.02,0.27,0.68,0.76
2024-12-06 12:27:35.279,1.8,479.0,0.21,0.97,-0.01,0.27,0.87,0.88
2024-12-06 12:27:35.285,1.8,456.0,0.21,0.97,-0.01,0.27,0.93,1.0
2024-12-06 12:27:35.291,-2.47,461.0,0.22,0.97,-0.02,0.27,1.05,1.19
2024-12-06 12:27:35.300,-0.45,469.0,0.22,0.97,-0.02,0.27,1.17,1.25
2024-12-06 12:27:35.309,1.12,462.0,0.21,0.97,-0.02,0.27,1.23,1.25
2024-12-06 12:27:35.313,-2.92,466.0,0.22,0.97,-0.02,0.27,1.23,1.25
2024-12-06 12:27:35.322,2.7,458.0,0.22,0.96,-0.02,0.33,1.23,1.25
2024-12-06 12:27:35.327,-1.57,434.0,0.22,0.96,-0.02,0.33,1.17,1.25
2024-12-06 12:27:35.338,0.0,467.0,0.22,0.96,-0.01,0.33,1.05,1.19
2024-12-06 12:27:35.345,0.9,458.0,0.22,0.97,-0.01,0.39,0.74,1.19
2024-12-06 12:27:35.354,-1.35,457.0,0.22,0.97,-0.01,0.39,0.74,1.19
2024-12-06 12:27:35.360,-2.92,461.0,0.22,0.97,-0.01,0.39,0.32,1.12
2024-12-06 12:27:35.366,-1.12,460.0,0.22,0.97,-0.01,0.39,0.01,1.0
2024-12-06 12:27:35.373,-4.05,470.0,0.22,0.97,-0.01,0.39,-0.17,0.94
2024-12-06 12:27:35.387,-0.45,465.0,0.22,0.97,-0.01,0.39,-0.29,0.94
2024-12-06 12:27:35.414,-1.12,449.0,0.21,0.96,-0.01,0.39,-0.11,0.7
2024-12-06 12:27:35.419,-1.35,471.0,0.21,0.96,-0.01,0.39,0.01,0.64
2024-12-06 12:27:35.432,0.67,459.0,0.21,0.96,-0.01,0.39,0.01,0.64
2024-12-06 12:27:35.437,-2.02,449.0,0.22,0.96,-0.02,0.39,0.19,0.64
2024-12-06 12:27:35.441,-0.45,463.0,0.22,0.96,-0.02,0.39,0.32,0.64
2024-12-06 12:27:35.453,1.35,456.0,0.22,0.96,-0.02,0.33,0.26,0.7
2024-12-06 12:27:35.467,-4.05,466.0,0.22,0.96,-0.02,0.27,0.13,0.88
2024-12-06 12:27:35.470,-2.47,471.0,0.22,0.96,-0.02,0.21,-0.23,1.0
2024-12-06 12:27:35.481,0.0,462.0,0.22,0.96,-0.01,0.21,-0.23,1.0
2024-12-06 12:27:35.486,-3.38,477.0,0.22,0.96,-0.01,0.15,-0.54,1.06
2024-12-06 12:27:35.488,1.57,471.0,0.22,0.96,-0.01,0.03,-0.6,1.06
2024-12-06 12:27:35.496,-1.57,458.0,0.22,0.97,-0.01,-0.16,-0.78,1.06
2024-12-06 12:27:35.506,1.8,472.0,0.22,0.97,-0.01,-0.22,-0.9,1.12
2024-12-06 12:27:35.516,-3.15,478.0,0.22,0.97,-0.01,-0.28,-0.97,1.06
2024-12-06 12:27:35.520,0.0,461.0,0.22,0.97,-0.01,-0.28,-0.97,1.06
2024-12-06 12:27:35.530,2.25,476.0,0.22,0.97,-0.01,-0.22,-0.97,1.06
2024-12-06 12:27:35.535,1.12,488.0,0.22,0.97,-0.01,-0.16,-0.9,1.06
2024-12-06 12:27:35.545,-0.45,474.0,0.22,0.97,-0.01,-0.16,-0.66,0.94
2024-12-06 12:27:35.553,-1.57,466.0,0.22,0.97,-0.01,-0.1,-0.54,0.94
2024-12-06 12:27:35.558,-2.47,464.0,0.22,0.97,-0.01,-0.03,-0.66,0.94
2024-12-06 12:27:35.567,-2.7,467.0,0.22,0.97,-0.01,-0.03,-0.66,0.94
2024-12-06 12:27:35.575,0.45,459.0,0.22,0.97,-0.01,0.03,-0.72,1.0
2024-12-06 12:27:35.582,1.57,481.0,0.22,0.97,-0.01,0.09,-0.66,0.94
2024-12-06 12:27:35.590,-5.17,463.0,0.22,0.97,-0.02,0.03,-0.6,1.0
2024-12-06 12:27:35.598,-0.67,457.0,0.22,0.97,-0.02,-0.03,-0.54,1.0
2024-12-06 12:27:35.605,2.25,468.0,0.22,0.97,-0.02,-0.1,-0.48,1.12
2024-12-06 12:27:35.646,-4.5,461.0,0.22,0.97,-0.02,-0.1,-0.48,1.12
2024-12-06 12:27:35.650,-0.45,472.0,0.22,0.97,-0.02,-0.1,0.26,1.31
2024-12-06 12:27:35.653,-3.82,465.0,0.22,0.96,-0.02,-0.03,0.26,1.31
2024-12-06 12:27:35.660,2.25,452.0,0.22,0.96,-0.02,0.09,0.44,1.25
2024-12-06 12:27:35.668,-2.25,460.0,0.22,0.96,-0.02,0.15,0.68,1.19
2024-12-06 12:27:35.673,0.22,469.0,0.22,0.96,-0.02,0.15,0.68,1.25
2024-12-06 12:27:35.683,-1.57,448.0,0.22,0.96,-0.02,0.15,0.62,1.12
2024-12-06 12:27:35.689,1.12,460.0,0.22,0.97,-0.02,0.15,0.62,1.12
2024-12-06 12:27:35.698,-2.92,464.0,0.22,0.97,-0.01,0.15,0.32,1.12
2024-12-06 12:27:35.706,-5.62,470.0,0.22,0.97,-0.01,0.15,0.07,1.06
2024-12-06 12:27:35.713,-3.38,460.0,0.22,0.97,-0.01,0.15,-0.23,1.0
2024-12-06 12:27:35.721,-2.02,463.0,0.22,0.97,-0.01,0.09,-0.48,0.88
2024-12-06 12:27:35.729,-2.47,467.0,0.22,0.97,-0.01,0.03,-0.42,0.76
2024-12-06 12:27:35.739,0.0,484.0,0.22,0.97,-0.01,0.03,-0.42,0.76
2024-12-06 12:27:35.753,0.67,466.0,0.22,0.97,-0.01,0.03,-0.23,0.7
2024-12-06 12:27:35.756,0.22,458.0,0.22,0.97,-0.01,0.09,-0.11,0.64
2024-12-06 12:27:35.759,-1.57,467.0,0.22,0.96,-0.02,0.15,0.07,0.7
2024-12-06 12:27:35.773,0.22,461.0,0.22,0.96,-0.02,0.15,0.26,0.7
2024-12-06 12:27:35.777,-3.38,456.0,0.22,0.96,-0.02,0.15,0.26,0.7
2024-12-06 12:27:35.784,-0.45,476.0,0.22,0.96,-0.02,0.15,0.44,0.76
2024-12-06 12:27:35.793,-1.35,459.0,0.22,0.96,-0.02,0.15,0.44,0.76
2024-12-06 12:27:35.798,-2.02,457.0,0.22,0.96,-0.02,0.09,0.26,0.76
2024-12-06 12:27:35.809,0.45,465.0,0.22,0.96,-0.02,-0.03,-0.05,0.76
2024-12-06 12:27:35.814,-1.35,478.0,0.22,0.96,-0.01,-0.03,-0.42,0.76
2024-12-06 12:27:35.824,-1.57,459.0,0.22,0.96,-0.01,-0.1,-0.42,0.76
2024-12-06 12:27:35.828,-2.02,486.0,0.22,0.96,-0.01,-0.16,-0.66,0.7
2024-12-06 12:27:35.836,2.7,469.0,0.22,0.96,-0.01,-0.22,-0.6,0.64
2024-12-06 12:27:35.866,2.92,455.0,0.22,0.97,-0.01,-0.28,-0.84,0.64
2024-12-06 12:27:35.870,2.02,469.0,0.22,0.97,-0.01,-0.22,-0.84,0.64
2024-12-06 12:27:35.874,2.02,480.0,0.22,0.97,-0.02,-0.1,-0.72,0.58
2024-12-06 12:27:35.882,0.67,461.0,0.22,0.97,-0.02,-0.03,-0.6,0.51
2024-12-06 12:27:35.895,2.47,466.0,0.22,0.97,-0.02,-0.03,-0.48,0.45
2024-12-06 12:27:35.898,1.57,460.0,0.22,0.97,-0.02,-0.03,-0.48,0.39
2024-12-06 12:27:35.907,-2.7,458.0,0.22,0.97,-0.02,0.03,-0.48,0.39
2024-12-06 12:27:35.914,-5.4,463.0,0.22,0.96,-0.02,-0.03,-0.42,0.33
2024-12-06 12:27:35.923,-2.92,468.0,0.22,0.96,-0.02,-0.1,-0.42,0.33
2024-12-06 12:27:35.936,-4.28,455.0,0.22,0.96,-0.02,-0.1,-0.48,0.39
2024-12-06 12:27:35.944,0.45,454.0,0.22,0.96,-0.02,-0.16,-0.42,0.45
2024-12-06 12:27:35.948,0.22,470.0,0.22,0.96,-0.02,-0.16,-0.42,0.45
2024-12-06 12:27:35.953,-5.85,465.0,0.22,0.96,-0.02,-0.28,-0.23,0.51
2024-12-06 12:27:35.960,-2.25,489.0,0.22,0.96,-0.02,-0.28,-0.17,0.64
2024-12-06 12:27:35.972,-1.8,455.0,0.22,0.96,-0.02,-0.28,0.01,0.64
2024-12-06 12:27:35.975,0.9,451.0,0.22,0.96,-0.02,-0.22,0.19,0.64
2024-12-06 12:27:35.983,2.92,467.0,0.22,0.96,-0.02,-0.22,0.44,0.64
2024-12-06 12:27:35.992,0.0,461.0,0.22,0.96,-0.02,-0.16,0.44,0.64
2024-12-06 12:27:36.1,-1.57,454.0,0.22,0.96,-0.02,-0.1,0.74,0.7
2024-12-06 12:27:36.6,-2.02,467.0,0.23,0.96,-0.02,-0.1,0.8,0.76
2024-12-06 12:27:36.14,-2.92,454.0,0.23,0.96,-0.02,-0.1,0.74,0.64
2024-12-06 12:27:36.21,-2.02,469.0,0.23,0.96,-0.02,-0.1,0.68,0.58
2024-12-06 12:27:36.30,0.45,463.0,0.23,0.96,-0.02,-0.1,0.68,0.58
2024-12-06 12:27:36.37,0.45,458.0,0.23,0.96,-0.02,-0.16,0.56,0.51
2024-12-06 12:27:36.50,-2.92,453.0,0.23,0.97,-0.01,-0.22,0.13,0.45
2024-12-06 12:27:36.53,-0.45,459.0,0.23,0.97,-0.01,-0.28,-0.35,0.39
2024-12-06 12:27:36.61,-4.28,456.0,0.23,0.97,-0.01,-0.34,-0.78,0.33
2024-12-06 12:27:36.69,2.25,481.0,0.23,0.97,-0.01,-0.4,-1.03,0.27
2024-12-06 12:27:36.76,-3.15,452.0,0.23,0.97,-0.01,-0.4,-1.03,0.27
2024-12-06 12:27:36.111,-1.12,458.0,0.22,0.96,-0.01,-0.34,-0.78,0.27
2024-12-06 12:27:36.117,-5.4,456.0,0.22,0.96,-0.02,-0.34,-0.78,0.27
2024-12-06 12:27:36.126,0.0,468.0,0.22,0.96,-0.02,-0.34,-0.66,0.21
2024-12-06 12:27:36.135,-0.67,461.0,0.22,0.96,-0.02,-0.34,-0.6,0.21
2024-12-06 12:27:36.140,-5.4,478.0,0.23,0.96,-0.01,-0.34,-0.66,0.21
2024-12-06 12:27:36.145,0.67,476.0,0.23,0.96,-0.01,-0.4,-0.9,0.21
2024-12-06 12:27:36.153,-2.7,456.0,0.23,0.96,-0.01,-0.4,-0.9,0.21
2024-12-06 12:27:36.250,0.0,535.0,0.22,0.97,-0.01,-0.83,-1.21,0.58
2024-12-06 12:27:36.266,-3.6,460.0,0.22,0.97,-0.01,-0.83,-1.21,0.58
2024-12-06 12:27:36.268,0.67,474.0,0.22,0.96,-0.01,-0.77,-1.09,0.58
2024-12-06 12:27:36.272,0.22,465.0,0.22,0.96,-0.01,-0.71,-1.09,0.64
2024-12-06 12:27:36.291,0.9,472.0,0.22,0.96,-0.01,-0.58,-0.97,0.58
2024-12-06 12:27:36.316,-1.35,469.0,0.22,0.97,-0.01,-0.46,-0.78,0.33
2024-12-06 12:27:36.320,-2.47,473.0,0.22,0.96,-0.02,-0.46,-0.78,0.27
2024-12-06 12:27:36.325,1.12,455.0,0.22,0.96,-0.02,-0.46,-0.72,0.21
2024-12-06 12:27:36.333,-0.45,463.0,0.23,0.96,-0.02,-0.4,-0.72,0.21
2024-12-06 12:27:36.347,-1.57,468.0,0.22,0.96,-0.02,-0.4,-0.72,0.21
2024-12-06 12:27:36.350,-0.22,459.0,0.22,0.96,-0.02,-0.34,-0.72,0.09
2024-12-06 12:27:36.356,1.35,462.0,0.22,0.96,-0.02,-0.34,-0.72,0.09
2024-12-06 12:27:36.365,-0.45,480.0,0.22,0.96,-0.02,-0.34,-0.66,-0.04
2024-12-06 12:27:36.372,-2.92,475.0,0.22,0.96,-0.02,-0.34,-0.72,-0.04
2024-12-06 12:27:36.383,-1.12,462.0,0.22,0.96,-0.02,-0.34,-0.9,-0.1
2024-12-06 12:27:36.388,0.45,453.0,0.22,0.96,-0.02,-0.34,-0.9,-0.1
2024-12-06 12:27:36.398,1.35,461.0,0.22,0.97,-0.02,-0.34,-0.97,-0.16
2024-12-06 12:27:36.405,-0.22,473.0,0.22,0.97,-0.01,-0.4,-1.03,-0.16
2024-12-06 12:27:36.417,-1.57,493.0,0.22,0.97,-0.01,-0.4,-1.03,-0.22
2024-12-06 12:27:36.424,-0.22,461.0,0.22,0.97,-0.01,-0.46,-1.03,-0.22
2024-12-06 12:27:36.436,-1.12,464.0,0.22,0.97,-0.01,-0.46,-0.84,-0.22
2024-12-06 12:27:36.439,1.35,475.0,0.22,0.97,-0.01,-0.46,-0.84,-0.22
2024-12-06 12:27:36.447,-3.15,462.0,0.22,0.97,-0.01,-0.46,-0.6,-0.16
2024-12-06 12:27:36.452,-4.05,472.0,0.22,0.97,-0.01,-0.4,-0.23,-0.22
2024-12-06 12:27:36.463,0.9,477.0,0.22,0.97,-0.01,-0.4,0.07,-0.22
2024-12-06 12:27:36.468,-1.8,458.0,0.22,0.96,-0.02,-0.34,0.38,-0.22
2024-12-06 12:27:36.476,-1.57,476.0,0.22,0.96,-0.02,-0.34,0.56,-0.16
2024-12-06 12:27:36.483,0.0,477.0,0.22,0.96,-0.02,-0.34,0.56,-0.16
2024-12-06 12:27:36.500,-5.17,459.0,0.22,0.96,-0.02,-0.28,0.56,-0.16
2024-12-06 12:27:36.510,-1.57,454.0,0.22,0.96,-0.02,-0.34,0.44,-0.16
2024-12-06 12:27:36.513,-2.25,463.0,0.22,0.96,-0.02,-0.28,0.13,-0.1
2024-12-06 12:27:36.562,-0.45,470.0,0.23,0.97,-0.01,-0.34,0.13,-0.04
2024-12-06 12:27:36.568,-0.45,472.0,0.23,0.97,-0.01,-0.34,0.13,-0.04
2024-12-06 12:27:36.571,-3.15,465.0,0.23,0.97,-0.01,-0.28,0.07,-0.1
2024-12-06 12:27:36.574,2.47,470.0,0.22,0.97,-0.01,-0.22,0.01,-0.22
2024-12-06 12:27:36.581,-0.22,458.0,0.22,0.97,-0.01,-0.1,0.01,-0.34
2024-12-06 12:27:36.598,0.67,475.0,0.22,0.97,-0.01,-0.03,0.01,-0.46
2024-12-06 12:27:36.600,-1.12,471.0,0.22,0.97,-0.02,0.03,-0.05,-0.52
2024-12-06 12:27:36.605,-3.38,469.0,0.22,0.97,-0.02,0.03,-0.05,-0.52
2024-12-06 12:27:36.616,1.8,457.0,0.22,0.96,-0.02,0.03,-0.23,-0.52
2024-12-06 12:27:36.620,-1.8,480.0,0.22,0.96,-0.02,0.03,-0.48,-0.46
2024-12-06 12:27:36.627,-3.38,461.0,0.22,0.96,-0.02,-0.03,-0.54,-0.46
2024-12-06 12:27:36.636,2.02,457.0,0.22,0.96,-0.02,-0.1,-0.54,-0.46
2024-12-06 12:27:36.644,2.02,465.0,0.22,0.97,-0.02,-0.1,-0.54,-0.46
2024-12-06 12:27:36.653,0.22,457.0,0.22,0.97,-0.02,-0.16,-0.42,-0.34
2024-12-06 12:27:36.663,0.0,476.0,0.22,0.97,-0.02,-0.22,-0.17,-0.16
2024-12-06 12:27:36.670,2.7,455.0,0.22,0.97,-0.02,-0.28,0.19,0.03
2024-12-06 12:27:36.677,1.35,468.0,0.22,0.97,-0.02,-0.22,0.74,0.21
2024-12-06 12:27:36.690,2.7,480.0,0.22,0.97,-0.02,-0.28,1.23,0.33
2024-12-06 12:27:36.692,-3.38,463.0,0.22,0.96,-0.02,-0.28,1.23,0.33
2024-12-06 12:27:36.697,2.25,481.0,0.22,0.96,-0.02,-0.22,1.66,0.33
2024-12-06 12:27:36.708,3.6,479.0,0.23,0.96,-0.02,-0.16,1.96,0.39
2024-12-06 12:27:36.715,-1.8,463.0,0.23,0.96,-0.02,-0.1,2.15,0.45
2024-12-06 12:27:36.721,0.67,492.0,0.23,0.96,-0.02,-0.1,2.03,0.51
2024-12-06 12:27:36.729,0.0,454.0,0.23,0.96,-0.01,-0.1,1.72,0.45
2024-12-06 12:27:36.744,-0.45,465.0,0.23,0.96,-0.01,-0.1,1.72,0.45
2024-12-06 12:27:36.775,2.25,464.0,0.23,0.97,-0.01,-0.03,1.17,0.45
2024-12-06 12:27:36.789,1.57,471.0,0.23,0.97,-0.01,-0.1,-0.84,0.03
2024-12-06 12:27:36.792,0.22,484.0,0.23,0.97,-0.01,-0.1,-1.58,-0.28
2024-12-06 12:27:36.799,-0.45,460.0,0.23,0.97,-0.01,-0.1,-1.64,-0.34
2024-12-06 12:27:36.810,-0.45,465.0,0.23,0.97,-0.01,-0.03,-1.64,-0.4
2024-12-06 12:27:36.813,-5.4,475.0,0.22,0.96,-0.01,-0.03,-1.64,-0.4
2024-12-06 12:27:36.826,-2.47,475.0,0.22,0.96,-0.01,-0.1,-1.58,-0.4
2024-12-06 12:27:36.831,-2.02,478.0,0.22,0.96,-0.02,-0.1,-1.39,-0.52
2024-12-06 12:27:36.838,-1.35,482.0,0.22,0.96,-0.02,-0.16,-1.21,-0.46
2024-12-06 12:27:36.846,-2.7,455.0,0.22,0.96,-0.02,-0.22,-1.09,-0.4
2024-12-06 12:27:36.852,2.02,469.0,0.22,0.96,-0.02,-0.34,-1.09,-0.4
2024-12-06 12:27:36.884,2.02,468.0,0.22,0.96,-0.01,-0.46,-0.9,-0.16
2024-12-06 12:27:36.889,-6.52,465.0,0.22,0.96,-0.01,-0.52,-0.72,-0.1
2024-12-06 12:27:36.897,0.9,462.0,0.22,0.96,-0.01,-0.52,-0.72,-0.1
2024-12-06 12:27:36.917,-3.6,477.0,0.22,0.97,-0.01,-0.52,-0.6,0.03
2024-12-06 12:27:36.920,-5.62,469.0,0.22,0.97,-0.01,-0.52,-0.42,0.03
2024-12-06 12:27:36.928,2.25,461.0,0.22,0.97,-0.01,-0.46,-0.17,0.09
2024-12-06 12:27:36.937,-0.22,463.0,0.22,0.97,-0.01,-0.46,-0.17,0.09
2024-12-06 12:27:36.953,-2.25,470.0,0.22,0.97,-0.01,-0.4,0.07,0.09
2024-12-06 12:27:36.958,-2.7,462.0,0.22,0.97,-0.01,-0.28,-0.05,0.09
2024-12-06 12:27:36.971,-0.67,474.0,0.22,0.97,-0.01,-0.16,-0.17,0.09
2024-12-06 12:27:36.999,-0.22,464.0,0.22,0.97,-0.01,-0.1,-0.35,0.15
2024-12-06 12:27:37.6,1.35,468.0,0.22,0.97,-0.01,-0.03,-0.35,0.33
2024-12-06 12:27:37.42,-3.6,457.0,0.22,0.97,-0.01,0.15,0.07,0.7
2024-12-06 12:27:37.53,1.8,481.0,0.22,0.96,-0.02,0.15,0.07,0.7
2024-12-06 12:27:37.68,2.02,469.0,0.22,0.96,-0.02,0.21,0.19,0.82
2024-12-06 12:27:37.72,0.22,460.0,0.22,0.96,-0.02,0.27,0.38,0.82
2024-12-06 12:27:37.74,1.12,527.0,0.22,0.96,-0.02,0.27,0.38,0.88
2024-12-06 12:27:37.81,2.7,484.0,0.22,0.96,-0.02,0.21,0.13,0.88
2024-12-06 12:27:37.95,2.47,465.0,0.23,0.96,-0.01,0.21,0.13,16.51
2024-12-06 12:27:37.98,-0.22,453.0,0.23,0.97,-0.01,0.21,-0.11,0.94
2024-12-06 12:27:37.102,-1.8,466.0,0.22,0.97,-0.01,0.15,-0.35,0.88
2024-12-06 12:27:37.136,-2.7,452.0,0.22,0.97,-0.01,0.15,-0.6,0.82
2024-12-06 12:27:37.140,-0.67,492.0,0.22,0.97,-0.01,0.15,-0.42,0.76
2024-12-06 12:27:37.152,-0.45,472.0,0.22,0.97,-0.01,0.21,-0.11,0.76
2024-12-06 12:27:37.155,1.12,469.0,0.22,0.97,-0.01,0.21,0.07,0.82
2024-12-06 12:27:37.164,-2.92,462.0,0.22,0.97,-0.01,0.21,0.26,0.88
2024-12-06 12:27:37.183,-2.92,456.0,0.22,0.96,-0.01,0.21,0.26,0.88
2024-12-06 12:27:37.188,-1.35,455.0,0.22,0.96,-0.02,0.27,0.44,0.88
2024-12-06 12:27:37.300,1.35,477.0,0.22,0.97,-0.01,0.03,-0.17,0.88
2024-12-06 12:27:37.306,0.0,474.0,0.22,0.97,-0.01,0.09,-0.23,0.82
2024-12-06 12:27:37.340,0.9,466.0,0.22,0.96,-0.01,0.09,-0.29,0.76
2024-12-06 12:27:37.343,-1.8,455.0,0.22,0.96,-0.01,0.09,-0.35,0.7
2024-12-06 12:27:37.345,-0.22,476.0,0.22,0.96,-0.01,0.03,-0.35,0.7
2024-12-06 12:27:37.351,0.22,462.0,0.22,0.96,-0.02,0.03,-0.35,0.64
2024-12-06 12:27:37.362,0.9,460.0,0.22,0.97,-0.01,0.03,-0.35,0.64
2024-12-06 12:27:37.372,-5.62,462.0,0.22,0.97,-0.01,0.03,-0.29,0.64
2024-12-06 12:27:37.375,-4.05,472.0,0.22,0.97,-0.02,0.09,-0.23,0.7
2024-12-06 12:27:37.386,-0.45,454.0,0.22,0.96,-0.02,0.09,-0.05,0.76
2024-12-06 12:27:37.394,-1.12,472.0,0.22,0.96,-0.02,0.09,0.07,0.76
2024-12-06 12:27:37.402,-1.8,474.0,0.22,0.96,-0.02,0.09,0.19,0.7
2024-12-06 12:27:37.409,1.8,481.0,0.22,0.96,-0.02,0.15,0.19,0.7
2024-12-06 12:27:37.415,-2.92,463.0,0.22,0.96,-0.02,0.15,0.32,0.64
2024-12-06 12:27:37.446,-5.4,463.0,0.22,0.97,-0.01,0.09,0.13,0.39
2024-12-06 12:27:37.452,0.0,479.0,0.22,0.97,-0.01,0.09,-0.05,0.39
2024-12-06 12:27:37.460,-4.5,462.0,0.22,0.97,-0.01,0.03,-0.17,0.39
2024-12-06 12:27:37.467,-0.22,481.0,0.22,0.97,-0.01,-0.03,-0.29,0.33
2024-12-06 12:27:37.475,-3.38,471.0,0.22,0.97,-0.01,-0.1,-0.23,0.27
2024-12-06 12:27:37.485,0.9,528.0,0.22,0.97,-0.01,-0.1,-0.23,0.15
2024-12-06 12:27:37.493,2.02,456.0,0.22,0.97,-0.01,-0.1,0.01,0.15
2024-12-06 12:27:37.503,-2.92,461.0,0.22,0.96,-0.02,-0.03,0.26,0.09
2024-12-06 12:27:37.509,-1.35,471.0,0.22,0.96,-0.02,0.03,0.44,-0.04
2024-12-06 12:27:37.515,-2.25,461.0,0.22,0.96,-0.02,0.09,0.56,-0.1
2024-12-06 12:27:37.524,-0.9,462.0,0.22,0.96,-0.02,0.15,0.68,-0.16
2024-12-06 12:27:37.564,2.02,457.0,0.22,0.96,-0.02,0.15,0.68,-0.16
2024-12-06 12:27:37.569,3.15,478.0,0.22,0.96,-0.02,0.09,-0.23,-0.1
2024-12-06 12:27:37.574,0.9,475.0,0.22,0.96,-0.01,0.03,-0.29,-0.1
2024-12-06 12:27:37.585,-0.22,458.0,0.22,0.96,-0.02,0.03,-0.17,-0.16
2024-12-06 12:27:37.590,-1.35,482.0,0.22,0.97,-0.02,0.03,-0.05,-0.16
2024-12-06 12:27:37.598,-5.4,470.0,0.22,0.97,-0.02,0.09,-0.05,-0.1
2024-12-06 12:27:37.606,-0.67,464.0,0.22,0.97,-0.02,0.09,-0.05,-0.1
2024-12-06 12:27:37.616,-0.67,463.0,0.22,0.97,-0.02,0.09,0.13,-0.1
2024-12-06 12:27:37.628,-3.82,461.0,0.22,0.97,-0.02,0.15,0.26,-0.16
2024-12-06 12:27:37.634,-2.02,460.0,0.22,0.97,-0.02,0.21,0.38,-0.1
2024-12-06 12:27:37.638,-0.45,482.0,0.22,0.97,-0.02,0.21,0.5,-0.16
2024-12-06 12:27:37.672,-0.22,455.0,0.22,0.96,-0.02,0.21,0.26,-0.04
2024-12-06 12:27:37.677,0.22,465.0,0.22,0.96,-0.02,0.15,0.19,0.03
2024-12-06 12:27:37.682,2.47,476.0,0.22,0.96,-0.02,0.15,0.19,0.03
2024-12-06 12:27:37.693,2.47,459.0,0.22,0.96,-0.02,0.09,0.07,0.03
2024-12-06 12:27:37.699,-2.02,474.0,0.22,0.96,-0.02,0.09,0.13,0.21
2024-12-06 12:27:37.704,-0.22,479.0,0.22,0.96,-0.01,-0.03,0.19,0.33
2024-12-06 12:27:37.715,-1.8,464.0,0.22,0.96,-0.01,-0.03,0.19,0.45
2024-12-06 12:27:37.729,0.67,487.0,0.22,0.96,-0.01,-0.03,0.32,0.45
2024-12-06 12:27:37.732,-1.35,480.0,0.22,0.96,-0.01,-0.03,0.32,0.45
2024-12-06 12:27:37.736,1.57,470.0,0.22,0.96,-0.02,0.03,0.44,0.51
2024-12-06 12:27:37.744,0.0,462.0,0.22,0.96,-0.02,0.03,0.56,0.51
2024-12-06 12:27:37.751,-0.22,463.0,0.22,0.96,-0.02,0.09,0.62,0.39
2024-12-06 12:27:37.762,-0.22,467.0,0.22,0.96,-0.02,0.09,0.56,0.39
2024-12-06 12:27:37.785,0.45,470.0,0.22,0.96,-0.02,0.09,0.56,0.33
2024-12-06 12:27:37.790,-1.57,468.0,0.23,0.97,-0.02,-0.03,0.13,0.39
2024-12-06 12:27:37.792,-0.22,490.0,0.22,0.97,-0.01,-0.1,-0.17,0.33
2024-12-06 12:27:37.847,0.22,463.0,0.22,0.97,-0.01,-0.16,-0.48,0.27
2024-12-06 12:27:37.850,-0.9,465.0,0.22,0.96,-0.02,-0.28,-0.6,-0.1
2024-12-06 12:27:37.857,0.22,478.0,0.22,0.96,-0.02,-0.22,-0.35,-0.16
2024-12-06 12:27:37.865,1.12,462.0,0.22,0.96,-0.02,-0.22,-0.11,-0.16
2024-12-06 12:27:37.874,-1.35,462.0,0.22,0.96,-0.02,-0.22,0.01,-0.16
2024-12-06 12:27:37.887,2.7,472.0,0.22,0.96,-0.02,-0.28,0.01,-0.1
2024-12-06 12:27:37.891,0.67,482.0,0.22,0.96,-0.02,-0.28,0.01,-0.1
2024-12-06 12:27:37.906,0.67,460.0,0.22,0.96,-0.02,-0.34,-0.11,-0.04
2024-12-06 12:27:37.910,1.35,472.0,0.22,0.96,-0.02,-0.4,-0.29,0.03
2024-12-06 12:27:37.919,-1.12,486.0,0.22,0.96,-0.01,-0.46,-0.54,0.09
2024-12-06 12:27:37.921,-1.35,485.0,0.22,0.96,-0.01,-0.46,-0.84,0.09
2024-12-06 12:27:37.935,0.67,455.0,0.22,0.96,-0.01,-0.46,-0.78,0.09
2024-12-06 12:27:37.937,-0.22,463.0,0.22,0.96,-0.02,-0.52,-0.78,0.09
2024-12-06 12:27:37.944,2.25,474.0,0.22,0.97,-0.02,-0.52,-0.72,0.03
2024-12-06 12:27:37.955,-0.9,465.0,0.22,0.97,-0.01,-0.58,-0.66,0.03
2024-12-06 12:27:37.959,-0.45,472.0,0.22,0.97,-0.01,-0.52,-0.66,0.09
2024-12-06 12:27:37.970,2.92,466.0,0.22,0.97,-0.01,-0.52,-0.6,0.15
2024-12-06 12:27:37.973,0.67,495.0,0.22,0.97,-0.01,-0.52,-0.6,0.15
2024-12-06 12:27:38.11,-4.28,467.0,0.22,0.97,-0.02,-0.46,-0.35,0.15
2024-12-06 12:27:38.14,-1.8,477.0,0.22,0.97,-0.01,-0.46,-0.05,0.33
2024-12-06 12:27:38.19,1.8,455.0,0.22,0.96,-0.01,-0.4,-0.11,0.33
2024-12-06 12:27:38.34,-0.9,466.0,0.22,0.96,-0.02,-0.46,-0.05,0.33
2024-12-06 12:27:38.44,-1.35,466.0,0.22,0.96,-0.02,-0.46,0.01,0.39
2024-12-06 12:27:38.52,-0.67,456.0,0.22,0.96,-0.02,-0.46,0.01,0.39
2024-12-06 12:27:38.58,2.02,466.0,0.22,0.96,-0.01,-0.52,0.07,0.39
2024-12-06 12:27:38.73,0.45,478.0,0.22,0.97,-0.01,-0.52,0.13,0.51
2024-12-06 12:27:38.76,-0.22,459.0,0.22,0.97,-0.01,-0.52,0.26,0.58
2024-12-06 12:27:38.82,0.22,463.0,0.22,0.97,-0.01,-0.46,0.38,0.64
2024-12-06 12:27:38.100,-0.67,476.0,0.22,0.97,-0.02,-0.46,0.44,0.7
2024-12-06 12:27:38.105,0.0,464.0,0.22,0.96,-0.02,-0.46,0.44,0.7
2024-12-06 12:27:38.114,0.9,469.0,0.22,0.96,-0.02,-0.46,0.44,0.76
2024-12-06 12:27:38.117,-1.12,476.0,0.22,0.96,-0.02,-0.4,0.44,0.76
2024-12-06 12:27:38.122,1.8,480.0,0.22,0.96,-0.02,-0.46,0.38,0.82
2024-12-06 12:27:38.131,2.02,480.0,0.22,0.96,-0.02,-0.46,0.26,0.76
2024-12-06 12:27:38.143,0.45,464.0,0.22,0.97,-0.01,-0.52,0.07,0.7
2024-12-06 12:27:38.149,-4.5,477.0,0.22,0.97,-0.01,-0.58,-0.11,0.58
2024-12-06 12:27:38.163,-3.15,467.0,0.22,0.97,-0.01,-0.58,-0.35,0.51
2024-12-06 12:27:38.166,0.22,459.0,0.22,0.97,-0.01,-0.64,-0.42,0.45
2024-12-06 12:27:38.173,0.0,461.0,0.22,0.97,-0.01,-0.71,-0.48,0.39
2024-12-06 12:27:38.181,-1.12,455.0,0.22,0.97,-0.01,-0.71,-0.48,0.39
2024-12-06 12:27:38.192,0.0,465.0,0.22,0.97,-0.01,-0.64,-0.48,0.39
2024-12-06 12:27:38.196,0.0,462.0,0.22,0.96,-0.01,-0.64,-0.42,0.39
2024-12-06 12:27:38.206,-0.45,462.0,0.22,0.96,-0.01,-0.64,-0.42,0.39
2024-12-06 12:27:38.235,-0.45,464.0,0.22,0.96,-0.02,-0.77,-0.29,0.45
2024-12-06 12:27:38.241,1.8,463.0,0.22,0.97,-0.01,-0.83,-0.29,0.51
2024-12-06 12:27:38.244,-2.47,479.0,0.22,0.97,-0.01,-0.95,-0.23,0.58
2024-12-06 12:27:38.337,2.7,466.0,0.22,0.97,-0.01,-1.01,-0.29,0.58
2024-12-06 12:27:38.349,-1.35,492.0,0.22,0.97,-0.01,-0.46,-0.17,0.39
2024-12-06 12:27:38.366,-4.95,469.0,0.22,0.97,-0.01,-0.34,-0.11,0.33
2024-12-06 12:27:38.369,2.47,485.0,0.22,0.97,-0.01,-0.22,-0.05,0.27
2024-12-06 12:27:38.372,-2.47,456.0,0.22,0.97,-0.01,-0.22,-0.05,0.27
2024-12-06 12:27:38.384,-4.5,482.0,0.22,0.97,-0.01,-0.1,0.01,0.27
2024-12-06 12:27:38.388,0.22,462.0,0.22,0.97,-0.01,-0.1,0.01,0.27
2024-12-06 12:27:38.392,-1.12,469.0,0.22,0.97,-0.01,-0.03,0.13,0.27
2024-12-06 12:27:38.401,1.57,461.0,0.22,0.97,-0.01,-0.1,0.26,0.27
2024-12-06 12:27:38.408,-4.95,467.0,0.22,0.97,-0.01,-0.1,0.26,0.27
2024-12-06 12:27:38.416,-0.45,464.0,0.22,0.97,-0.01,-0.1,0.32,0.39
2024-12-06 12:27:38.428,0.22,467.0,0.22,0.97,-0.01,-0.1,0.38,0.51
2024-12-06 12:27:38.432,-0.45,470.0,0.22,0.97,-0.01,-0.16,0.44,0.51
2024-12-06 12:27:38.481,-1.8,466.0,0.22,0.96,-0.01,-0.22,0.93,0.58
2024-12-06 12:27:38.498,1.12,472.0,0.22,0.97,-0.01,-0.1,0.8,0.45
2024-12-06 12:27:38.514,1.8,459.0,0.22,0.97,-0.01,-0.1,0.38,0.33
2024-12-06 12:27:38.522,1.57,469.0,0.22,0.97,-0.01,-0.1,0.19,0.27
2024-12-06 12:27:38.526,0.22,458.0,0.22,0.97,-0.01,-0.1,0.19,0.27
2024-12-06 12:27:38.528,-1.57,480.0,0.22,0.97,-0.01,-0.1,0.01,0.15
2024-12-06 12:27:38.538,-0.67,471.0,0.22,0.97,-0.01,-0.16,-0.05,0.15
2024-12-06 12:27:38.544,0.22,458.0,0.22,0.97,-0.01,-0.1,0.07,0.09
2024-12-06 12:27:38.553,2.47,500.0,0.22,0.97,-0.01,-0.1,0.26,0.03
2024-12-06 12:27:38.562,-3.6,476.0,0.22,0.96,-0.01,-0.1,0.26,-0.04
2024-12-06 12:27:38.569,1.12,477.0,0.22,0.96,-0.01,-0.1,0.44,-0.04
2024-12-06 12:27:38.574,0.45,463.0,0.22,0.96,-0.01,-0.03,0.62,-0.1
2024-12-06 12:27:38.582,-3.6,465.0,0.22,0.96,-0.01,0.03,0.68,-0.1
2024-12-06 12:27:38.594,-1.12,477.0,0.22,0.96,-0.01,0.09,0.62,-0.1
2024-12-06 12:27:38.600,-4.28,460.0,0.22,0.96,-0.01,0.03,0.5,-0.1
2024-12-06 12:27:38.605,-4.5,462.0,0.22,0.96,-0.01,0.03,0.5,-0.1
2024-12-06 12:27:38.616,-0.45,464.0,0.22,0.96,-0.01,0.09,0.19,-0.1
2024-12-06 12:27:38.623,0.22,457.0,0.22,0.96,-0.01,0.03,0.01,-0.16
2024-12-06 12:27:38.633,0.22,480.0,0.22,0.96,-0.01,-0.1,0.01,-0.16
2024-12-06 12:27:38.637,0.45,466.0,0.22,0.96,-0.01,-0.16,-0.05,-0.1
2024-12-06 12:27:38.644,0.9,460.0,0.22,0.96,-0.01,-0.16,-0.05,-0.04
2024-12-06 12:27:38.654,-0.45,499.0,0.22,0.97,-0.01,-0.22,-0.17,-0.04
2024-12-06 12:27:38.687,-0.9,465.0,0.23,0.97,-0.01,-0.16,-0.17,0.15
2024-12-06 12:27:38.690,2.25,466.0,0.22,0.97,-0.01,-0.16,-0.17,0.15
2024-12-06 12:27:38.705,-3.38,479.0,0.22,0.97,-0.01,-0.16,-0.11,0.15
2024-12-06 12:27:39.784,0.45,455.0,0.23,0.97,-0.01,-0.16,-0.84,-0.04
2024-12-06 12:27:39.789,0.9,461.0,0.22,0.96,-0.01,-0.28,-0.72,-0.71
2024-12-06 12:27:39.791,-0.22,476.0,0.2,0.95,-0.0,-0.83,-3.35,-2.84
2024-12-06 12:27:39.838,-0.67,455.0,0.21,0.95,-0.02,-0.34,-3.83,-5.22
2024-12-06 12:27:39.845,0.0,471.0,0.22,0.96,-0.01,15.22,-3.47,-5.96
2024-12-06 12:27:39.871,2.02,456.0,0.18,0.96,-0.01,0.82,-4.26,-6.14
2024-12-06 12:27:39.898,2.7,456.0,0.19,0.96,-0.01,0.27,-2.8,-8.95
2024-12-06 12:27:39.925,5.62,464.0,0.21,0.98,-0.03,0.33,0.62,-7.18
2024-12-06 12:27:39.953,5.62,470.0,0.19,0.99,-0.02,0.82,5.63,-6.32
2024-12-06 12:27:39.983,4.95,468.0,0.2,0.99,-0.04,0.7,8.37,-3.09
2024-12-06 12:27:40.8,8.32,484.0,0.18,0.97,-0.03,0.76,8.31,-2.11
2024-12-06 12:27:40.48,8.1,470.0,0.2,0.98,-0.02,0.33,7.4,0.15
2024-12-06 12:27:40.63,9.45,465.0,0.21,0.98,-0.01,0.64,7.64,0.7
2024-12-06 12:27:40.91,9.22,469.0,0.21,0.97,-0.01,1.43,7.58,1.19
2024-12-06 12:27:40.118,14.85,469.0,0.22,0.97,-0.02,2.28,6.91,1.61
2024-12-06 12:27:40.146,15.52,487.0,0.21,0.96,-0.02,2.22,5.14,1.12
2024-12-06 12:27:40.174,16.2,485.0,0.23,0.97,-0.01,1.74,4.28,2.77
2024-12-06 12:27:40.203,17.32,477.0,0.21,0.97,-0.02,1.67,4.1,2.96
2024-12-06 12:27:40.229,15.97,520.0,0.21,0.96,-0.01,1.06,3.49,2.1
2024-12-06 12:27:40.272,15.3,477.0,0.21,0.97,-0.01,0.94,3.31,2.35
2024-12-06 12:27:40.286,15.75,483.0,0.19,0.97,-0.01,0.76,2.09,0.94
2024-12-06 12:27:40.313,21.82,487.0,0.21,0.97,-0.02,0.21,0.87,-0.04
2024-12-06 12:27:40.341,17.55,474.0,0.19,0.96,-0.03,0.82,1.11,-0.52
2024-12-06 12:27:40.455,18.45,475.0,0.19,0.96,-0.02,0.51,1.05,-2.48
2024-12-06 12:27:40.458,25.42,475.0,0.2,0.98,-0.02,-0.03,3.12,-1.68
2024-12-06 12:27:40.495,23.85,476.0,0.19,0.97,-0.03,0.39,3.92,-1.13
2024-12-06 12:27:40.511,24.07,478.0,0.2,0.98,-0.01,-0.03,4.41,-0.22
2024-12-06 12:27:40.532,27.0,487.0,0.2,0.97,-0.02,0.33,5.08,0.76
2024-12-06 12:27:40.559,32.62,477.0,0.2,0.97,-0.02,0.58,5.08,0.39
2024-12-06 12:27:40.587,31.27,460.0,0.21,0.97,-0.02,0.88,3.98,1.0
2024-12-06 12:27:40.614,32.85,486.0,0.2,0.97,-0.01,1.13,3.0,0.21
2024-12-06 12:27:40.645,32.4,481.0,0.21,0.97,-0.01,0.88,2.64,0.94
2024-12-06 12:27:40.670,33.97,486.0,0.2,0.97,-0.01,0.76,2.76,0.09
2024-12-06 12:27:40.727,32.17,493.0,0.22,0.98,-0.02,0.21,3.0,1.86
2024-12-06 12:27:40.730,32.4,482.0,0.2,0.97,-0.02,0.33,2.15,2.16
2024-12-06 12:27:40.752,38.7,478.0,0.21,0.97,-0.01,0.15,1.17,1.98
2024-12-06 12:27:40.780,37.8,483.0,0.2,0.96,-0.01,0.33,0.87,1.43
2024-12-06 12:27:40.809,35.77,473.0,0.19,0.95,-0.01,0.45,0.56,-0.46
2024-12-06 12:27:40.839,41.17,483.0,0.22,0.98,-0.01,0.15,0.74,0.7
2024-12-06 12:27:40.868,39.83,483.0,0.19,0.97,-0.03,-0.03,0.44,-0.04
2024-12-06 12:27:40.890,42.52,479.0,0.21,0.97,-0.02,-0.22,0.44,0.88
2024-12-06 12:27:40.918,40.27,478.0,0.21,0.98,-0.03,-0.28,1.05,1.73
2024-12-06 12:27:40.945,46.12,495.0,0.21,0.97,-0.01,-0.16,0.74,1.43
2024-12-06 12:27:40.976,43.2,491.0,0.2,0.97,-0.02,0.15,0.99,2.16
2024-12-06 12:27:41.8,45.0,502.0,0.19,0.96,-0.02,0.58,1.35,0.82
2024-12-06 12:27:41.28,46.57,481.0,0.21,0.97,-0.02,0.58,1.42,0.39
2024-12-06 12:27:41.64,47.92,477.0,0.21,0.98,-0.02,0.7,1.29,1.31
2024-12-06 12:27:41.83,50.62,485.0,0.21,0.97,-0.02,0.33,0.93,1.49
2024-12-06 12:27:41.111,51.75,491.0,0.2,0.96,-0.02,0.51,0.8,1.67
2024-12-06 12:27:41.146,47.7,482.0,0.2,0.97,-0.02,0.45,0.56,1.49
2024-12-06 12:27:41.174,52.2,461.0,0.21,0.98,-0.01,0.03,-0.23,1.8
2024-12-06 12:27:41.193,51.52,481.0,0.21,0.97,-0.02,-0.52,-0.6,2.41
2024-12-06 12:27:41.221,56.02,499.0,0.21,0.96,-0.02,-0.52,-0.66,2.53
2024-12-06 12:27:41.255,53.1,493.0,0.21,0.95,-0.02,-0.58,-0.6,2.53
2024-12-06 12:27:41.276,56.25,489.0,0.23,0.97,-0.02,-0.77,-1.64,3.38
2024-12-06 12:27:41.305,57.6,479.0,0.22,0.97,-0.01,-1.07,-2.86,3.93
2024-12-06 12:27:41.331,57.15,480.0,0.22,0.97,-0.01,-1.38,-3.53,4.42
2024-12-06 12:27:41.363,58.27,486.0,0.21,0.96,-0.02,-1.38,-3.16,4.12
2024-12-06 12:27:41.490,57.15,492.0,0.22,0.94,-0.02,-1.19,-2.67,2.89
2024-12-06 12:27:41.512,57.82,522.0,0.23,0.96,-0.01,-0.83,-3.04,1.31
2024-12-06 12:27:41.517,65.47,488.0,0.23,0.98,-0.02,-0.83,-2.67,2.28
2024-12-06 12:27:41.522,63.45,488.0,0.22,0.96,-0.02,-0.58,-2.49,1.92
2024-12-06 12:27:41.550,62.55,495.0,0.22,0.96,-0.01,-0.52,-2.43,2.28
2024-12-06 12:27:41.579,67.05,511.0,0.22,0.95,-0.02,-0.71,-1.58,1.61
2024-12-06 12:27:41.610,69.97,505.0,0.24,0.97,-0.01,-1.01,-2.0,1.43
2024-12-06 12:27:41.645,69.53,481.0,0.23,0.97,-0.02,-1.32,-2.61,1.73
2024-12-06 12:27:41.661,67.5,477.0,0.23,0.96,-0.01,-1.13,-2.98,1.31
2024-12-06 12:27:41.688,68.17,531.0,0.22,0.96,-0.01,-1.13,-2.49,1.0
2024-12-06 12:27:41.715,69.07,477.0,0.22,0.96,-0.02,-1.44,-1.82,0.51
2024-12-06 12:27:41.759,73.57,508.0,0.23,0.96,-0.02,-1.26,-2.06,0.39
2024-12-06 12:27:41.771,71.1,476.0,0.23,0.97,-0.02,-0.83,-1.51,1.12
2024-12-06 12:27:41.798,74.92,502.0,0.24,0.98,-0.02,-0.22,-1.7,2.28
2024-12-06 12:27:41.826,74.7,500.0,0.24,0.97,-0.02,0.21,-0.9,3.32
2024-12-06 12:27:41.863,74.03,499.0,0.23,0.96,-0.02,0.33,-0.17,3.99
2024-12-06 12:27:41.888,77.4,516.0,0.23,0.96,-0.02,0.27,0.13,4.48
2024-12-06 12:27:41.911,79.2,499.0,0.24,0.96,-0.02,0.33,0.74,4.42
2024-12-06 12:27:41.936,76.95,515.0,0.24,0.97,-0.02,0.03,-0.66,4.48
2024-12-06 12:27:41.963,77.4,523.0,0.24,0.94,-0.03,-0.03,-1.51,3.2
2024-12-06 12:27:41.991,79.2,518.0,0.25,0.95,0.01,0.03,-2.92,2.65
2024-12-06 12:27:42.19,81.67,519.0,0.24,0.96,-0.01,-0.64,-2.92,1.31
2024-12-06 12:27:42.46,82.8,503.0,0.25,0.96,-0.0,-0.83,-3.41,0.7
2024-12-06 12:27:42.83,81.9,530.0,0.25,0.96,-0.02,-1.56,-3.89,0.64
2024-12-06 12:27:42.86,79.88,541.0,0.25,0.96,-0.02,-1.74,-2.8,0.94
2024-12-06 12:27:42.88,85.28,514.0,0.27,0.97,-0.03,-1.74,-2.8,0.94
2024-12-06 12:27:42.101,85.28,515.0,0.25,0.96,-0.02,-1.32,-3.59,1.55
2024-12-06 12:27:42.115,85.72,504.0,0.24,0.94,-0.01,-1.01,-4.99,1.43
2024-12-06 12:27:42.120,85.72,516.0,0.25,0.94,-0.02,-1.8,-4.99,1.06
2024-12-06 12:27:42.128,82.35,530.0,0.25,0.95,-0.02,-2.11,-5.73,1.43
2024-12-06 12:27:42.142,85.95,519.0,0.25,0.96,-0.01,-2.11,-5.73,1.43
2024-12-06 12:27:42.145,87.52,515.0,0.25,0.98,-0.01,-2.29,-6.95,1.92
2024-12-06 12:27:42.153,85.95,517.0,0.24,0.99,-0.02,-2.6,-6.76,2.28
2024-12-06 12:27:42.160,86.17,522.0,0.24,0.99,-0.02,-2.6,-6.4,2.59
2024-12-06 12:27:42.167,83.25,534.0,0.24,0.99,-0.02,-2.9,-7.13,3.5
2024-12-06 12:27:42.176,88.42,551.0,0.24,1.0,-0.02,-3.15,-6.7,4.3
2024-12-06 12:27:42.183,82.8,587.0,0.24,0.98,-0.03,-3.15,-6.7,4.3
2024-12-06 12:27:42.191,87.75,524.0,0.23,0.97,-0.03,-3.09,-5.97,4.66
2024-12-06 12:27:42.199,83.92,527.0,0.23,0.95,-0.04,-3.15,-5.48,4.97
2024-12-06 12:27:42.220,88.42,519.0,0.24,0.93,-0.03,-3.21,-5.24,5.21
2024-12-06 12:27:42.223,84.82,529.0,0.24,0.93,-0.03,-3.21,-4.81,5.21
2024-12-06 12:27:42.229,84.6,525.0,0.24,0.93,-0.03,-3.21,-4.81,5.21
2024-12-06 12:27:42.237,80.78,543.0,0.25,0.93,-0.02,-3.27,-4.51,4.97
2024-12-06 12:27:42.245,87.3,540.0,0.25,0.94,-0.02,-3.15,-4.26,4.73
2024-12-06 12:27:42.259,86.4,517.0,0.25,0.95,-0.02,-2.9,-3.83,4.3
2024-12-06 12:27:42.261,82.57,532.0,0.25,0.95,-0.02,-2.66,-3.16,3.87
2024-12-06 12:27:42.269,86.85,521.0,0.25,0.96,-0.01,-2.17,-2.37,3.26
2024-12-06 12:27:42.305,85.5,531.0,0.25,0.96,-0.01,-2.17,-2.37,3.26
2024-12-06 12:27:42.308,87.07,530.0,0.26,0.95,-0.0,-0.1,0.62,0.45
2024-12-06 12:27:42.316,86.85,527.0,0.26,0.95,-0.0,-0.1,0.62,0.45
2024-12-06 12:27:42.344,84.38,523.0,0.26,0.96,-0.01,1.0,0.87,-2.11
2024-12-06 12:27:42.352,87.75,514.0,0.25,0.96,-0.01,1.19,0.87,-2.11
2024-12-06 12:27:42.376,81.22,519.0,0.25,0.96,-0.01,1.25,0.87,-2.35
2024-12-06 12:27:42.382,83.7,548.0,0.24,0.96,-0.01,1.19,0.93,-2.42
2024-12-06 12:27:42.386,89.77,513.0,0.24,0.96,-0.01,1.13,0.99,-2.23
2024-12-06 12:27:42.397,86.4,525.0,0.24,0.95,-0.01,1.13,0.99,-2.23
2024-12-06 12:27:42.399,83.7,511.0,0.24,0.95,-0.01,1.0,1.17,-2.05
2024-12-06 12:27:42.408,89.55,514.0,0.24,0.95,-0.01,0.82,1.17,-1.74
2024-12-06 12:27:42.422,85.05,491.0,0.25,0.95,-0.01,0.64,1.11,-1.5
2024-12-06 12:27:42.425,85.95,511.0,0.25,0.95,-0.01,0.39,0.93,-1.32
2024-12-06 12:27:42.431,85.95,511.0,0.25,0.95,-0.01,0.39,0.93,-1.32
2024-12-06 12:27:42.440,85.72,516.0,0.25,0.96,-0.01,0.15,0.68,-1.07
2024-12-06 12:27:42.537,83.92,525.0,0.25,0.96,-0.01,0.03,0.44,-0.89
2024-12-06 12:27:42.551,85.72,523.0,0.25,0.96,-0.02,0.09,-0.29,0.15
2024-12-06 12:27:42.562,85.28,512.0,0.25,0.96,-0.02,0.15,-0.42,0.21
2024-12-06 12:27:42.574,81.9,518.0,0.25,0.96,-0.02,0.27,-0.6,0.21
2024-12-06 12:27:42.577,86.4,510.0,0.25,0.96,-0.02,0.27,-0.54,0.21
2024-12-06 12:27:42.584,86.17,510.0,0.25,0.96,-0.02,0.21,-0.42,0.33
2024-12-06 12:27:42.593,83.92,508.0,0.25,0.96,-0.01,0.21,-0.42,0.33
2024-12-06 12:27:42.599,85.95,514.0,0.25,0.96,-0.01,0.21,-0.35,0.39
2024-12-06 12:27:42.614,88.2,527.0,0.25,0.96,-0.01,0.21,-0.35,0.45
2024-12-06 12:27:42.617,87.07,528.0,0.25,0.96,-0.01,0.15,-0.29,0.58
2024-12-06 12:27:42.619,89.1,513.0,0.25,0.96,-0.01,0.15,-0.17,0.58
2024-12-06 12:27:42.629,83.03,510.0,0.25,0.96,-0.01,0.09,-0.11,0.58
2024-12-06 12:27:42.636,82.12,524.0,0.25,0.96,-0.02,0.09,-0.11,0.58
2024-12-06 12:27:42.645,87.75,552.0,0.25,0.96,-0.02,0.09,-0.23,0.64
2024-12-06 12:27:42.655,86.62,517.0,0.25,0.96,-0.01,0.09,-0.29,0.64
2024-12-06 12:27:42.660,87.97,514.0,0.25,0.96,-0.02,0.09,-0.42,0.58
2024-12-06 12:27:42.667,85.5,517.0,0.25,0.96,-0.02,0.09,-0.6,0.58
2024-12-06 12:27:42.678,81.22,507.0,0.25,0.96,-0.01,0.09,-0.72,0.45
2024-12-06 12:27:42.682,85.05,521.0,0.25,0.96,-0.01,0.09,-0.72,0.45
2024-12-06 12:27:42.693,87.3,518.0,0.25,0.96,-0.01,0.15,-0.78,0.33
2024-12-06 12:27:42.703,86.17,520.0,0.25,0.96,-0.01,0.15,-0.72,0.27
2024-12-06 12:27:42.709,85.95,526.0,0.25,0.96,-0.01,0.15,-0.66,0.21
2024-12-06 12:27:42.714,86.4,519.0,0.25,0.96,-0.01,0.15,-0.6,0.15
2024-12-06 12:27:42.755,89.1,506.0,0.25,0.96,-0.01,0.21,-0.48,0.09
2024-12-06 12:27:42.760,75.82,528.0,0.25,0.96,-0.01,0.27,-0.29,-0.22
2024-12-06 12:27:42.763,83.7,523.0,0.25,0.96,-0.02,0.27,-0.42,-0.28
2024-12-06 12:27:42.770,87.07,507.0,0.25,0.96,-0.02,0.27,-0.42,-0.28
2024-12-06 12:27:42.781,84.38,515.0,0.25,0.96,-0.02,0.33,-0.6,-0.4
2024-12-06 12:27:42.784,87.3,507.0,0.25,0.96,-0.02,0.39,-0.66,-0.46
2024-12-06 12:27:42.791,86.17,502.0,0.25,0.96,-0.02,0.45,-0.84,-0.58
2024-12-06 12:27:42.801,87.52,514.0,0.25,0.96,-0.02,0.51,-0.97,-0.71
2024-12-06 12:27:42.811,85.28,527.0,0.25,0.96,-0.01,0.51,-0.97,-0.71
2024-12-06 12:27:42.814,84.38,501.0,0.25,0.96,-0.01,0.58,-0.97,-0.71
2024-12-06 12:27:42.824,84.82,503.0,0.25,0.96,-0.01,0.51,-1.03,-0.65
2024-12-06 12:27:42.830,85.95,511.0,0.25,0.96,-0.01,0.51,-1.09,-0.58
2024-12-06 12:27:42.837,84.38,509.0,0.24,0.96,-0.01,0.39,-1.09,-0.46
2024-12-06 12:27:42.846,86.85,519.0,0.24,0.96,-0.01,0.27,-1.15,-0.28
2024-12-06 12:27:42.859,84.6,525.0,0.25,0.97,-0.02,0.27,-1.15,-0.1
2024-12-06 12:27:42.864,86.4,507.0,0.25,0.97,-0.02,0.15,-1.21,-0.1
2024-12-06 12:27:42.869,84.38,515.0,0.25,0.97,-0.02,0.03,-1.21,0.09
2024-12-06 12:27:42.878,84.15,510.0,0.25,0.96,-0.02,-0.1,-1.21,0.21
2024-12-06 12:27:42.889,87.3,526.0,0.25,0.96,-0.02,-0.16,-1.15,0.33
2024-12-06 12:27:42.899,83.47,501.0,0.25,0.96,-0.02,-0.1,-1.27,0.45
2024-12-06 12:27:42.902,88.88,508.0,0.25,0.96,-0.02,-0.1,-1.27,0.45
2024-12-06 12:27:42.911,86.17,505.0,0.25,0.96,-0.02,0.03,-1.33,0.58
2024-12-06 12:27:42.916,86.62,521.0,0.25,0.96,-0.02,0.15,-1.33,0.7
2024-12-06 12:27:42.924,82.8,503.0,0.25,0.96,-0.02,0.21,-1.27,0.76
2024-12-06 12:27:42.934,81.67,509.0,0.25,0.96,-0.02,0.39,-1.09,0.76
2024-12-06 12:27:42.939,86.17,507.0,0.25,0.96,-0.02,0.45,-0.84,0.76
2024-12-06 12:27:42.952,85.72,522.0,0.25,0.96,-0.01,0.45,-0.84,0.76
2024-12-06 12:27:42.995,82.57,505.0,0.25,0.96,-0.02,0.82,0.13,0.51
2024-12-06 12:27:43.4,85.95,518.0,0.25,0.96,-0.02,0.76,0.13,0.45
2024-12-06 12:27:43.9,86.17,508.0,0.25,0.96,-0.02,0.7,0.01,0.45
2024-12-06 12:27:43.16,80.55,505.0,0.25,0.96,-0.02,0.7,-0.17,0.39
2024-12-06 12:27:43.22,85.5,518.0,0.25,0.96,-0.02,0.7,-0.17,0.39
2024-12-06 12:27:43.31,83.47,494.0,0.25,0.96,-0.02,0.64,-0.42,0.33
2024-12-06 12:27:43.38,81.9,506.0,0.25,0.96,-0.02,0.58,-0.54,0.33
2024-12-06 12:27:43.46,88.42,520.0,0.24,0.96,-0.01,0.58,-0.6,0.27
2024-12-06 12:27:43.54,86.62,520.0,0.24,0.96,-0.01,0.45,-0.6,0.33
2024-12-06 12:27:43.63,85.5,524.0,0.24,0.96,-0.01,0.39,-0.54,0.39
2024-12-06 12:27:43.70,82.8,511.0,0.24,0.96,-0.01,0.39,-0.54,0.39
2024-12-06 12:27:43.78,84.6,530.0,0.25,0.96,-0.01,0.39,-0.54,0.39
2024-12-06 12:27:43.86,87.75,526.0,0.25,0.96,-0.02,0.39,-0.48,0.45
2024-12-06 12:27:43.94,87.97,521.0,0.25,0.95,-0.02,0.39,-0.54,0.58
2024-12-06 12:27:43.107,85.05,512.0,0.25,0.95,-0.02,0.33,-0.6,0.58
2024-12-06 12:27:43.110,87.97,523.0,0.25,0.95,-0.02,0.33,-0.66,0.58
2024-12-06 12:27:43.117,83.25,531.0,0.25,0.95,-0.02,0.33,-0.66,0.58
2024-12-06 12:27:43.125,86.4,499.0,0.25,0.95,-0.02,0.33,-0.78,0.58
2024-12-06 12:27:43.133,85.28,510.0,0.25,0.95,-0.02,0.39,-0.9,0.45
2024-12-06 12:27:43.142,88.42,505.0,0.25,0.95,-0.02,0.45,-1.03,0.39
2024-12-06 12:27:43.150,85.5,511.0,0.25,0.95,-0.02,0.51,-0.97,0.27
2024-12-06 12:27:43.157,82.57,510.0,0.25,0.95,-0.02,0.58,-0.9,0.21
2024-12-06 12:27:43.165,83.92,509.0,0.25,0.96,-0.01,0.58,-0.78,0.09
2024-12-06 12:27:43.173,85.95,508.0,0.25,0.96,-0.01,0.58,-0.78,0.09
2024-12-06 12:27:43.211,85.72,513.0,0.24,0.96,-0.02,0.51,-0.54,-0.1
2024-12-06 12:27:43.217,85.05,504.0,0.24,0.96,-0.02,0.51,-0.54,-0.1
2024-12-06 12:27:43.220,83.7,502.0,0.24,0.96,-0.02,0.39,-0.54,-0.16
2024-12-06 12:27:43.230,87.97,503.0,0.24,0.96,-0.02,0.33,-0.66,-0.1
2024-12-06 12:27:43.244,85.5,521.0,0.24,0.96,-0.02,0.27,-0.78,-0.16
2024-12-06 12:27:43.251,85.28,505.0,0.24,0.96,-0.02,0.27,-0.9,-0.1
2024-12-06 12:27:43.254,87.52,503.0,0.24,0.96,-0.02,0.27,-0.9,-0.1
2024-12-06 12:27:43.259,87.52,516.0,0.24,0.96,-0.02,0.21,-1.15,0.09
2024-12-06 12:27:43.267,85.72,505.0,0.24,0.96,-0.02,0.09,-1.21,0.21
2024-12-06 12:27:43.273,85.5,511.0,0.24,0.96,-0.02,0.09,-1.15,0.27
2024-12-06 12:27:43.281,87.07,513.0,0.24,0.96,-0.02,0.03,-1.15,0.45
2024-12-06 12:27:43.288,82.8,509.0,0.24,0.96,-0.02,0.03,-0.97,0.58
2024-12-06 12:27:43.295,84.82,505.0,0.24,0.96,-0.02,0.03,-0.97,0.58
2024-12-06 12:27:43.304,85.05,509.0,0.24,0.96,-0.02,0.03,-0.78,0.7
2024-12-06 12:27:43.313,76.28,514.0,0.24,0.96,-0.02,0.03,-0.54,0.76
2024-12-06 12:27:43.319,82.12,542.0,0.25,0.96,-0.02,0.03,-0.29,0.76
2024-12-06 12:27:43.327,89.1,493.0,0.25,0.96,-0.02,0.09,-0.17,0.7
2024-12-06 12:27:43.338,85.28,518.0,0.25,0.96,-0.02,0.09,-0.05,0.7
2024-12-06 12:27:43.343,85.95,516.0,0.25,0.96,-0.02,0.09,-0.05,0.7
2024-12-06 12:27:43.354,87.07,515.0,0.25,0.96,-0.02,0.09,-0.11,0.58
2024-12-06 12:27:43.359,84.82,497.0,0.25,0.96,-0.02,0.09,-0.17,0.45
2024-12-06 12:27:43.366,87.52,511.0,0.25,0.96,-0.02,0.09,-0.23,0.27
2024-12-06 12:27:43.374,82.8,499.0,0.25,0.96,-0.02,0.15,-0.35,0.15
2024-12-06 12:27:43.384,73.8,517.0,0.25,0.96,-0.02,0.15,-0.35,0.03
2024-12-06 12:27:43.399,85.72,512.0,0.25,0.96,-0.02,0.21,-0.35,0.03
2024-12-06 12:27:43.404,88.2,499.0,0.25,0.96,-0.02,0.21,-0.29,-0.04
2024-12-06 12:27:43.430,87.07,506.0,0.24,0.96,-0.02,0.21,-0.05,-0.1
2024-12-06 12:27:43.435,81.9,505.0,0.24,0.96,-0.02,0.21,-0.05,-0.04
2024-12-06 12:27:43.499,86.85,507.0,0.25,0.96,-0.02,0.15,-0.05,0.09
2024-12-06 12:27:43.627,86.62,522.0,0.25,0.96,-0.02,-0.34,-0.6,0.45
2024-12-06 12:27:43.630,86.85,506.0,0.25,0.96,-0.02,-0.4,-0.48,0.58
2024-12-06 12:27:43.639,85.95,523.0,0.25,0.96,-0.02,-0.4,-0.42,0.64
2024-12-06 12:27:43.651,86.4,503.0,0.25,0.96,-0.02,-0.4,-0.42,0.64
2024-12-06 12:27:43.656,81.45,500.0,0.25,0.96,-0.02,-0.34,-0.29,0.7
2024-12-06 12:27:43.690,85.05,507.0,0.25,0.96,-0.02,-0.28,-0.17,0.76
2024-12-06 12:27:43.694,85.5,505.0,0.25,0.96,-0.02,-0.22,-0.35,0.7
2024-12-06 12:27:43.700,83.25,498.0,0.25,0.96,-0.02,-0.22,-0.42,0.58
2024-12-06 12:27:43.706,85.28,510.0,0.25,0.96,-0.02,-0.34,-0.54,0.51
2024-12-06 12:27:43.715,85.72,521.0,0.25,0.96,-0.02,-0.34,-0.66,0.39
2024-12-06 12:27:43.726,88.65,528.0,0.25,0.96,-0.02,-0.34,-0.84,0.27
2024-12-06 12:27:43.733,86.17,501.0,0.25,0.96,-0.02,-0.34,-0.84,0.27
2024-12-06 12:27:43.741,86.17,496.0,0.25,0.96,-0.02,-0.34,-0.84,0.21
2024-12-06 12:27:43.746,85.72,506.0,0.25,0.96,-0.02,-0.34,-0.9,0.15
2024-12-06 12:27:43.763,86.17,501.0,0.25,0.96,-0.02,-0.34,-0.84,0.09
2024-12-06 12:27:43.767,87.52,508.0,0.25,0.96,-0.02,-0.34,-0.78,0.09
2024-12-06 12:27:43.771,86.4,547.0,0.25,0.96,-0.02,-0.34,-0.66,0.09
2024-12-06 12:27:43.777,83.92,515.0,0.25,0.96,-0.02,-0.34,-0.66,0.09
2024-12-06 12:27:43.785,85.95,503.0,0.25,0.95,-0.02,-0.34,-0.6,0.15
2024-12-06 12:27:43.796,85.5,507.0,0.25,0.95,-0.02,-0.46,-0.6,0.21
2024-12-06 12:27:43.801,87.3,504.0,0.25,0.95,-0.02,-0.52,-0.6,0.27
2024-12-06 12:27:43.814,83.25,507.0,0.25,0.95,-0.02,-0.64,-0.66,0.39
2024-12-06 12:27:43.820,86.4,502.0,0.25,0.95,-0.03,-0.64,-0.78,0.45
2024-12-06 12:27:43.824,76.95,498.0,0.25,0.95,-0.03,-0.64,-0.78,0.45
2024-12-06 12:27:43.835,88.42,526.0,0.26,0.95,-0.02,-0.64,-0.84,0.51
2024-12-06 12:27:43.841,89.1,506.0,0.26,0.95,-0.02,-0.58,-0.9,0.51
2024-12-06 12:27:43.850,87.75,551.0,0.25,0.95,-0.02,-0.52,-0.9,0.51
2024-12-06 12:27:43.858,83.92,501.0,0.25,0.95,-0.02,-0.52,-0.72,0.58
2024-12-06 12:27:43.866,85.72,507.0,0.25,0.96,-0.02,-0.52,-0.6,0.51
2024-12-06 12:27:43.893,85.72,507.0,0.25,0.96,-0.02,-0.4,-0.48,0.45
2024-12-06 12:27:43.897,87.07,511.0,0.25,0.96,-0.02,-0.4,-0.48,0.39
2024-12-06 12:27:43.901,84.15,500.0,0.25,0.96,-0.02,-0.4,-0.48,0.27
2024-12-06 12:27:43.910,83.92,500.0,0.25,0.96,-0.02,-0.4,-0.48,0.27
2024-12-06 12:27:43.917,87.07,513.0,0.25,0.96,-0.02,-0.52,-0.35,0.15
2024-12-06 12:27:43.926,83.47,513.0,0.25,0.96,-0.02,-0.52,-0.42,0.09
2024-12-06 12:27:43.942,88.42,505.0,0.25,0.96,-0.02,-0.58,-0.6,0.09
2024-12-06 12:27:43.945,87.3,514.0,0.25,0.96,-0.02,-0.58,-0.72,0.09
2024-12-06 12:27:43.948,84.6,496.0,0.25,0.96,-0.02,-0.58,-0.72,0.21
2024-12-06 12:27:43.956,86.62,510.0,0.25,0.96,-0.02,-0.64,-0.78,0.21
2024-12-06 12:27:43.965,85.05,512.0,0.25,0.96,-0.02,-0.64,-0.78,0.21
2024-12-06 12:27:43.972,88.2,506.0,0.25,0.96,-0.02,-0.64,-0.78,0.27
2024-12-06 12:27:43.984,86.62,511.0,0.25,0.96,-0.02,-0.71,-0.66,0.33
2024-12-06 12:27:43.991,76.95,514.0,0.25,0.96,-0.02,-0.77,-0.6,0.39
2024-12-06 12:27:43.998,83.03,495.0,0.25,0.96,-0.02,-0.77,-0.6,0.45
2024-12-06 12:27:44.4,80.78,518.0,0.25,0.96,-0.02,-0.77,-0.48,0.45
2024-12-06 12:27:44.15,85.72,513.0,0.25,0.96,-0.02,-0.71,-0.35,0.39
2024-12-06 12:27:44.27,86.85,513.0,0.25,0.95,-0.02,-0.71,-0.23,0.45
2024-12-06 12:27:44.30,86.85,513.0,0.26,0.95,-0.02,-0.71,-0.23,0.45
2024-12-06 12:27:44.35,83.7,511.0,0.26,0.95,-0.02,-0.71,-0.23,0.51
2024-12-06 12:27:44.44,85.95,492.0,0.26,0.95,-0.02,-0.71,-0.29,0.45
2024-12-06 12:27:44.61,83.47,505.0,0.26,0.95,-0.02,-0.71,-0.29,0.45
2024-12-06 12:27:44.64,85.95,494.0,0.26,0.96,-0.02,-0.77,-0.35,0.39
2024-12-06 12:27:44.71,87.75,510.0,0.26,0.96,-0.02,-0.83,-0.48,0.27
2024-12-06 12:27:44.85,81.67,506.0,0.26,0.96,-0.02,-0.83,-0.54,0.21
2024-12-06 12:27:44.88,83.03,518.0,0.26,0.96,-0.02,-0.83,-0.6,0.03
2024-12-06 12:27:44.126,87.97,496.0,0.25,0.96,-0.02,-0.83,-0.6,0.03
2024-12-06 12:27:44.129,81.67,500.0,0.25,0.96,-0.02,-0.71,-0.78,-0.28
2024-12-06 12:27:44.138,86.62,521.0,0.25,0.96,-0.02,-0.71,-0.84,-0.34
2024-12-06 12:27:44.143,83.92,496.0,0.25,0.96,-0.02,-0.71,-0.9,-0.34
2024-12-06 12:27:44.149,83.03,502.0,0.25,0.96,-0.02,-0.83,-0.97,-0.34
2024-12-06 12:27:44.161,81.45,499.0,0.25,0.96,-0.02,-0.83,-1.15,-0.22
2024-12-06 12:27:44.172,87.97,514.0,0.25,0.96,-0.02,-0.83,-1.15,-0.22
2024-12-06 12:27:44.181,82.57,502.0,0.25,0.96,-0.02,-0.83,-1.27,-0.22
2024-12-06 12:27:44.188,81.67,517.0,0.25,0.96,-0.02,-0.83,-1.33,-0.1
2024-12-06 12:27:44.193,85.5,506.0,0.25,0.95,-0.02,-0.71,-1.45,-0.04
2024-12-06 12:27:44.196,87.3,503.0,0.25,0.95,-0.02,-0.58,-1.39,0.03
2024-12-06 12:27:44.205,84.15,486.0,0.25,0.95,-0.02,-0.58,-1.27,0.03
2024-12-06 12:27:44.213,86.4,500.0,0.25,0.96,-0.02,-0.58,-1.27,0.03
2024-12-06 12:27:44.221,86.4,512.0,0.25,0.96,-0.02,-0.58,-1.09,0.09
2024-12-06 12:27:44.227,82.8,483.0,0.25,0.96,-0.02,-0.58,-1.09,0.15
2024-12-06 12:27:44.235,86.85,506.0,0.25,0.96,-0.02,-0.58,-0.97,0.21
2024-12-06 12:27:44.243,85.05,519.0,0.25,0.96,-0.02,-0.58,-0.9,0.21
2024-12-06 12:27:44.251,85.5,505.0,0.25,0.96,-0.02,-0.58,-0.66,0.21
2024-12-06 12:27:44.267,84.38,502.0,0.25,0.96,-0.02,-0.58,-0.66,0.21
2024-12-06 12:27:44.272,85.28,501.0,0.25,0.96,-0.02,-0.58,-0.54,0.27
2024-12-06 12:27:44.274,83.25,509.0,0.25,0.96,-0.02,-0.58,-0.48,0.33
2024-12-06 12:27:44.284,88.42,519.0,0.25,0.96,-0.02,-0.52,-0.54,0.39
2024-12-06 12:27:44.292,86.17,511.0,0.25,0.96,-0.02,-0.46,-0.6,0.45
2024-12-06 12:27:44.298,88.42,520.0,0.25,0.96,-0.02,-0.46,-0.54,0.51
2024-12-06 12:27:44.305,85.5,498.0,0.25,0.96,-0.02,-0.46,-0.54,0.51
2024-12-06 12:27:44.337,85.72,512.0,0.25,0.96,-0.02,-0.34,-0.23,0.76
2024-12-06 12:27:44.343,88.42,497.0,0.25,0.96,-0.02,-0.34,-0.23,0.76
2024-12-06 12:27:44.351,86.17,501.0,0.25,0.96,-0.02,-0.28,-0.11,0.82
2024-12-06 12:27:44.359,83.92,502.0,0.25,0.96,-0.02,-0.22,-0.05,0.82
2024-12-06 12:27:44.373,84.15,506.0,0.25,0.96,-0.02,-0.1,-0.05,0.88
2024-12-06 12:27:44.376,83.03,497.0,0.25,0.96,-0.02,-0.1,-0.05,0.82
2024-12-06 12:27:44.384,81.9,506.0,0.25,0.96,-0.02,-0.1,-0.05,0.82
2024-12-06 12:27:44.393,86.4,501.0,0.25,0.96,-0.02,-0.1,-0.05,0.7
2024-12-06 12:27:44.397,85.05,507.0,0.25,0.96,-0.02,-0.03,-0.05,0.64
2024-12-06 12:27:44.405,84.6,501.0,0.25,0.96,-0.02,-0.03,-0.11,0.58
2024-12-06 12:27:44.423,80.32,512.0,0.25,0.96,-0.02,-0.03,-0.17,0.45
2024-12-06 12:27:44.426,88.65,484.0,0.25,0.96,-0.02,0.03,-0.11,0.33
2024-12-06 12:27:44.431,83.03,500.0,0.25,0.96,-0.02,0.03,-0.11,0.33
2024-12-06 12:27:44.436,86.4,511.0,0.25,0.96,-0.01,0.09,-0.05,0.21
2024-12-06 12:27:44.456,87.97,513.0,0.25,0.96,-0.02,0.15,0.07,0.03
2024-12-06 12:27:44.459,86.4,535.0,0.25,0.96,-0.02,0.09,0.07,-0.04
2024-12-06 12:27:44.467,80.78,502.0,0.24,0.96,-0.02,0.09,0.07,-0.04
2024-12-06 12:27:44.475,83.92,505.0,0.25,0.96,-0.02,0.09,0.13,-0.1
2024-12-06 12:27:44.483,85.72,493.0,0.25,0.96,-0.02,0.03,0.07,-0.04
2024-12-06 12:27:44.491,88.2,505.0,0.25,0.96,-0.02,-0.03,0.01,-0.04
2024-12-06 12:27:44.499,83.7,509.0,0.25,0.96,-0.02,-0.16,-0.05,0.03
2024-12-06 12:27:44.510,85.28,533.0,0.25,0.96,-0.02,-0.28,-0.17,0.03
2024-12-06 12:27:44.516,82.35,515.0,0.25,0.96,-0.02,-0.28,-0.17,0.03
2024-12-06 12:27:44.531,85.95,505.0,0.25,0.96,-0.02,-0.34,-0.35,0.09
2024-12-06 12:27:44.653,85.72,506.0,0.25,0.96,-0.02,-0.16,0.07,-0.34
2024-12-06 12:27:44.656,83.03,500.0,0.25,0.96,-0.02,-0.16,0.07,-0.28
2024-12-06 12:27:44.667,83.47,492.0,0.25,0.96,-0.02,-0.22,0.13,-0.16
2024-12-06 12:27:44.675,85.5,501.0,0.24,0.96,-0.02,-0.22,0.19,-0.04
2024-12-06 12:27:44.682,86.4,500.0,0.25,0.96,-0.02,-0.34,0.32,0.03
2024-12-06 12:27:44.693,86.4,502.0,0.25,0.96,-0.02,-0.28,0.44,0.15
2024-12-06 12:27:44.696,85.95,518.0,0.25,0.96,-0.02,-0.28,0.62,0.21
2024-12-06 12:27:44.706,86.4,499.0,0.25,0.96,-0.02,-0.28,0.68,0.33
2024-12-06 12:27:44.712,87.97,496.0,0.25,0.96,-0.02,-0.16,0.68,0.33
2024-12-06 12:27:44.722,85.5,498.0,0.25,0.96,-0.02,-0.16,0.74,0.33
2024-12-06 12:27:44.754,84.15,500.0,0.25,0.96,-0.02,-0.03,0.5,0.33
2024-12-06 12:27:44.787,82.35,505.0,0.25,0.96,-0.02,-0.03,0.32,0.27
2024-12-06 12:27:44.790,88.42,497.0,0.25,0.96,-0.01,0.03,0.07,-0.04
2024-12-06 12:27:44.795,85.95,531.0,0.24,0.97,-0.01,0.09,0.13,-0.1
2024-12-06 12:27:44.805,87.97,506.0,0.25,0.96,-0.01,0.03,0.19,-0.1
2024-12-06 12:27:44.813,87.97,497.0,0.25,0.96,-0.02,-0.03,0.32,-0.04
2024-12-06 12:27:44.818,86.85,496.0,0.25,0.96,-0.02,-0.03,0.32,0.09
2024-12-06 12:27:44.830,85.28,510.0,0.25,0.96,-0.02,-0.03,0.32,0.09
2024-12-06 12:27:44.833,85.28,510.0,0.25,0.96,-0.02,-0.1,0.26,0.21
2024-12-06 12:27:44.841,86.4,513.0,0.25,0.96,-0.02,-0.22,0.19,0.33
2024-12-06 12:27:44.849,87.07,512.0,0.25,0.96,-0.02,-0.28,0.01,0.39
2024-12-06 12:27:44.865,85.95,498.0,0.25,0.96,-0.02,-0.34,-0.29,0.51
2024-12-06 12:27:44.874,85.5,502.0,0.26,0.96,-0.02,-0.34,-0.29,0.51
2024-12-06 12:27:44.881,84.6,503.0,0.26,0.96,-0.02,-0.28,-0.48,0.45
2024-12-06 12:27:44.893,82.57,490.0,0.25,0.96,-0.01,-0.1,-0.66,0.45
2024-12-06 12:27:44.897,83.25,491.0,0.25,0.96,-0.01,-0.03,-0.66,0.39
2024-12-06 12:27:44.903,84.38,505.0,0.25,0.96,-0.01,-0.03,-0.48,0.33
2024-12-06 12:27:44.913,85.95,503.0,0.25,0.96,-0.01,0.03,-0.35,0.33
2024-12-06 12:27:44.919,83.03,512.0,0.25,0.96,-0.01,0.03,-0.35,0.33
2024-12-06 12:27:44.927,85.5,498.0,0.25,0.96,-0.01,0.09,-0.35,0.33
2024-12-06 12:27:44.937,82.12,491.0,0.25,0.96,-0.02,0.09,-0.35,0.33
2024-12-06 12:27:44.943,82.35,495.0,0.25,0.96,-0.02,0.09,-0.23,0.27
2024-12-06 12:27:44.952,85.72,501.0,0.25,0.96,-0.02,0.03,-0.23,0.21
2024-12-06 12:27:44.959,83.03,488.0,0.25,0.96,-0.02,-0.03,-0.23,0.21
2024-12-06 12:27:44.970,87.07,510.0,0.25,0.96,-0.02,-0.03,-0.23,0.21
2024-12-06 12:27:44.976,85.72,503.0,0.25,0.96,-0.02,-0.1,-0.29,0.15
2024-12-06 12:27:44.983,86.17,512.0,0.25,0.96,-0.02,-0.1,-0.35,0.15
2024-12-06 12:27:45.12,82.12,518.0,0.25,0.96,-0.02,0.15,-0.48,0.03
2024-12-06 12:27:45.18,87.52,503.0,0.25,0.96,-0.02,0.15,-0.48,0.03
2024-12-06 12:27:45.22,86.85,501.0,0.25,0.96,-0.02,0.15,-0.42,-0.1
2024-12-06 12:27:45.38,86.4,494.0,0.25,0.96,-0.02,0.27,-0.23,-0.16
2024-12-06 12:27:45.50,83.03,507.0,0.25,0.96,-0.02,0.33,-0.05,-0.16
2024-12-06 12:27:45.54,87.97,506.0,0.25,0.96,-0.02,0.33,-0.05,-0.16
2024-12-06 12:27:45.60,85.95,494.0,0.25,0.96,-0.02,0.39,0.13,-0.16
2024-12-06 12:27:45.73,85.28,508.0,0.25,0.96,-0.02,0.51,0.19,-0.16
2024-12-06 12:27:45.79,88.65,502.0,0.25,0.96,-0.02,0.64,0.26,-0.16
2024-12-06 12:27:45.85,86.17,512.0,0.25,0.96,-0.02,0.7,0.44,-0.1
2024-12-06 12:27:45.201,87.75,506.0,0.24,0.96,-0.02,-0.03,0.44,0.33
2024-12-06 12:27:45.205,82.57,497.0,0.24,0.96,-0.02,-0.03,0.44,0.33
2024-12-06 12:27:45.213,85.5,502.0,0.25,0.96,-0.02,-0.16,0.32,0.39
2024-12-06 12:27:45.241,81.22,489.0,0.25,0.96,-0.02,-0.1,-0.48,0.45
2024-12-06 12:27:45.250,83.92,501.0,0.25,0.96,-0.02,-0.1,-0.48,0.39
2024-12-06 12:27:45.256,86.4,503.0,0.25,0.96,-0.02,0.03,-0.54,0.39
2024-12-06 12:27:45.258,84.82,497.0,0.25,0.96,-0.02,0.09,-0.48,0.33
2024-12-06 12:27:45.266,85.72,495.0,0.25,0.96,-0.02,0.27,-0.48,0.27
2024-12-06 12:27:45.275,84.15,498.0,0.25,0.96,-0.02,0.39,-0.48,0.15
2024-12-06 12:27:45.281,86.85,509.0,0.25,0.96,-0.02,0.51,-0.54,0.09
2024-12-06 12:27:45.293,85.05,488.0,0.25,0.96,-0.02,0.51,-0.54,0.09
2024-12-06 12:27:45.302,87.3,501.0,0.25,0.96,-0.02,0.58,-0.54,-0.04
2024-12-06 12:27:45.309,85.5,502.0,0.25,0.96,-0.02,0.64,-0.48,-0.16
2024-12-06 12:27:45.312,82.12,506.0,0.25,0.96,-0.02,0.7,-0.48,-0.28
2024-12-06 12:27:45.321,85.05,537.0,0.25,0.96,-0.02,0.76,-0.48,-0.34
2024-12-06 12:27:45.329,85.5,494.0,0.25,0.96,-0.02,0.88,-0.48,-0.28
2024-12-06 12:27:45.335,83.03,496.0,0.25,0.96,-0.02,0.88,-0.48,-0.28
2024-12-06 12:27:45.343,81.45,493.0,0.25,0.96,-0.02,0.88,-0.48,-0.22
2024-12-06 12:27:45.351,87.3,496.0,0.25,0.96,-0.02,0.94,-0.48,-0.1
2024-12-06 12:27:45.359,84.82,483.0,0.25,0.96,-0.02,0.94,-0.48,0.09
2024-12-06 12:27:45.372,88.42,495.0,0.25,0.96,-0.02,0.88,-0.42,0.21
2024-12-06 12:27:45.378,82.57,492.0,0.24,0.96,-0.02,0.82,-0.29,0.39
2024-12-06 12:27:45.388,85.72,494.0,0.24,0.96,-0.02,0.82,-0.29,0.39
2024-12-06 12:27:45.393,82.57,510.0,0.24,0.96,-0.02,0.76,-0.23,0.51
2024-12-06 12:27:45.402,85.05,500.0,0.25,0.96,-0.02,0.76,-0.23,0.7
2024-12-06 12:27:45.409,86.4,489.0,0.25,0.96,-0.02,0.7,-0.17,0.76
2024-12-06 12:27:45.417,85.72,513.0,0.25,0.96,-0.02,0.64,-0.17,0.88
2024-12-06 12:27:45.428,87.97,503.0,0.25,0.95,-0.02,0.58,-0.17,0.94
2024-12-06 12:27:45.433,86.17,497.0,0.25,0.95,-0.02,0.58,-0.17,0.94
2024-12-06 12:27:45.475,86.17,495.0,0.25,0.96,-0.02,0.51,-0.23,1.0
2024-12-06 12:27:45.489,87.3,508.0,0.24,0.96,-0.02,0.39,-0.66,0.64
2024-12-06 12:27:45.492,86.17,505.0,0.24,0.96,-0.02,0.39,-0.66,0.27
2024-12-06 12:27:45.498,83.7,493.0,0.24,0.96,-0.02,0.39,-0.66,0.09
2024-12-06 12:27:45.511,83.47,491.0,0.24,0.96,-0.02,0.39,-0.66,0.09
2024-12-06 12:27:45.518,85.5,511.0,0.24,0.96,-0.02,0.45,-0.66,0.03
2024-12-06 12:27:45.521,86.17,481.0,0.24,0.96,-0.02,0.45,-0.6,-0.04
2024-12-06 12:27:45.531,88.2,494.0,0.24,0.96,-0.02,0.45,-0.6,-0.04
2024-12-06 12:27:45.539,86.4,494.0,0.24,0.95,-0.02,0.33,-0.6,0.03
2024-12-06 12:27:45.545,88.2,509.0,0.24,0.95,-0.02,0.33,-0.6,0.09
2024-12-06 12:27:45.552,86.85,494.0,0.25,0.96,-0.03,0.33,-0.66,0.15
2024-12-06 12:27:45.562,88.42,500.0,0.25,0.95,-0.03,0.27,-0.66,0.15
2024-12-06 12:27:45.568,85.72,492.0,0.25,0.95,-0.03,0.21,-0.72,0.21
2024-12-06 12:27:45.577,83.7,507.0,0.25,0.95,-0.03,0.15,-0.84,0.21
2024-12-06 12:27:45.584,85.28,493.0,0.24,0.95,-0.02,0.15,-0.97,0.27
2024-12-06 12:27:45.593,85.95,519.0,0.24,0.95,-0.02,0.09,-0.84,0.33
2024-12-06 12:27:45.699,80.55,497.0,0.24,0.96,-0.03,-0.22,-0.6,0.51
2024-12-06 12:27:45.704,85.5,500.0,0.24,0.96,-0.03,-0.28,-0.48,0.58
2024-12-06 12:27:45.719,84.82,495.0,0.24,0.96,-0.02,-0.28,-0.48,0.58
2024-12-06 12:27:45.742,83.7,526.0,0.24,0.96,-0.02,-0.28,-0.35,0.64
2024-12-06 12:27:45.749,86.17,510.0,0.24,0.96,-0.02,-0.16,0.01,0.64
2024-12-06 12:27:45.752,84.15,492.0,0.24,0.96,-0.02,-0.16,0.01,0.64
2024-12-06 12:27:45.758,87.52,512.0,0.25,0.96,-0.03,-0.1,0.07,0.64
2024-12-06 12:27:45.783,82.57,513.0,0.25,0.96,-0.03,-0.22,0.07,0.58
2024-12-06 12:27:45.787,81.67,526.0,0.25,0.96,-0.03,-0.34,-0.05,0.51
2024-12-06 12:27:45.792,87.3,489.0,0.25,0.96,-0.03,-0.34,-0.05,0.51
2024-12-06 12:27:45.796,81.9,502.0,0.25,0.96,-0.03,-0.4,-0.23,0.45
2024-12-06 12:27:45.804,84.38,496.0,0.25,0.96,-0.02,-0.46,-0.35,0.45
2024-12-06 12:27:45.814,88.65,497.0,0.24,0.96,-0.02,-0.46,-0.35,0.33
2024-12-06 12:27:45.825,88.2,506.0,0.24,0.96,-0.02,-0.46,-0.29,0.27
2024-12-06 12:27:45.828,86.62,497.0,0.24,0.96,-0.02,-0.46,-0.23,0.21
2024-12-06 12:27:45.835,86.62,494.0,0.24,0.96,-0.02,-0.4,-0.23,0.21
2024-12-06 12:27:45.843,82.57,509.0,0.24,0.96,-0.02,-0.34,-0.17,0.09
2024-12-06 12:27:45.855,86.4,499.0,0.25,0.96,-0.02,-0.28,-0.05,0.03
2024-12-06 12:27:45.862,81.67,496.0,0.25,0.96,-0.02,-0.28,0.01,0.03
2024-12-06 12:27:45.868,85.05,508.0,0.25,0.96,-0.02,-0.28,0.01,0.09
2024-12-06 12:27:45.874,83.92,497.0,0.25,0.95,-0.03,-0.28,0.01,0.09
2024-12-06 12:27:45.883,83.7,495.0,0.25,0.95,-0.03,-0.34,0.01,0.09
2024-12-06 12:27:45.895,84.15,497.0,0.25,0.95,-0.03,-0.4,0.01,0.15
2024-12-06 12:27:45.897,83.7,500.0,0.25,0.96,-0.03,-0.46,-0.11,0.21
2024-12-06 12:27:45.906,86.17,495.0,0.25,0.96,-0.03,-0.46,-0.17,0.33
2024-12-06 12:27:45.942,86.4,501.0,0.25,0.96,-0.03,-0.4,-0.29,0.39
2024-12-06 12:27:45.950,86.62,505.0,0.25,0.96,-0.02,-0.28,-0.11,0.39
2024-12-06 12:27:45.952,82.57,513.0,0.25,0.96,-0.02,-0.34,-0.05,0.39
2024-12-06 12:27:45.959,87.75,493.0,0.25,0.96,-0.02,-0.34,-0.05,0.39
2024-12-06 12:27:45.965,83.92,507.0,0.25,0.96,-0.02,-0.34,-0.05,0.39
2024-12-06 12:27:45.976,81.45,498.0,0.25,0.96,-0.02,-0.34,-0.05,0.33
2024-12-06 12:27:45.981,83.7,515.0,0.24,0.96,-0.02,-0.34,-0.05,0.27
2024-12-06 12:27:45.989,80.55,494.0,0.24,0.96,-0.02,-0.28,-0.05,0.27
2024-12-06 12:27:45.996,83.92,505.0,0.24,0.96,-0.02,-0.28,0.01,0.21
2024-12-06 12:27:46.28,86.4,502.0,0.25,0.96,-0.03,-0.03,-0.42,0.15
2024-12-06 12:27:46.35,88.2,506.0,0.25,0.96,-0.03,0.09,-0.48,0.09
2024-12-06 12:27:46.57,86.62,503.0,0.25,0.96,-0.03,0.09,-0.48,0.09
2024-12-06 12:27:46.73,85.72,495.0,0.25,0.96,-0.02,0.09,-0.54,0.09
2024-12-06 12:27:46.94,82.8,514.0,0.25,0.96,-0.02,0.09,-0.35,0.15
2024-12-06 12:27:46.97,88.65,487.0,0.25,0.96,-0.02,0.15,-0.17,0.21
2024-12-06 12:27:46.103,82.8,508.0,0.25,0.96,-0.02,0.15,-0.11,0.21
2024-12-06 12:27:46.113,85.72,510.0,0.25,0.96,-0.02,0.15,-0.11,0.21
2024-12-06 12:27:46.173,82.12,510.0,0.24,0.96,-0.02,-0.28,-0.54,-0.16
2024-12-06 12:27:46.184,85.95,509.0,0.24,0.96,-0.02,-0.34,-0.35,-0.28
2024-12-06 12:27:46.187,86.62,495.0,0.24,0.96,-0.02,-0.34,-0.23,-0.28
2024-12-06 12:27:46.196,89.1,499.0,0.24,0.96,-0.02,-0.34,-0.23,-0.28
2024-12-06 12:27:46.207,86.85,516.0,0.24,0.96,-0.02,-0.34,0.07,-0.22
2024-12-06 12:27:46.220,85.72,500.0,0.24,0.96,-0.02,-0.34,0.56,-0.1
2024-12-06 12:27:46.231,85.72,496.0,0.25,0.96,-0.02,-0.34,0.87,0.09
2024-12-06 12:27:46.252,84.38,495.0,0.25,0.95,-0.03,-1.01,0.38,-0.04
2024-12-06 12:27:46.256,88.42,505.0,0.25,0.95,-0.03,-1.01,-0.29,-0.22
2024-12-06 12:27:46.266,86.85,497.0,0.25,0.95,-0.03,-0.89,-0.54,-0.28
2024-12-06 12:27:46.271,82.35,496.0,0.25,0.96,-0.03,-0.71,-0.9,-0.28
2024-12-06 12:27:46.281,85.72,500.0,0.25,0.96,-0.02,-0.71,-0.9,-0.28
2024-12-06 12:27:46.287,82.8,498.0,0.25,0.96,-0.02,-0.58,-1.21,-0.4
2024-12-06 12:27:46.295,82.35,503.0,0.25,0.96,-0.02,-0.71,-0.78,-0.52
2024-12-06 12:27:46.301,80.78,497.0,0.25,0.96,-0.02,-0.64,-0.48,-0.52
2024-12-06 12:27:46.310,82.8,492.0,0.25,0.96,-0.02,-0.52,-0.72,-0.34
2024-12-06 12:27:46.320,86.85,492.0,0.25,0.96,-0.02,-0.52,-0.72,-0.22
2024-12-06 12:27:46.330,83.7,493.0,0.25,0.96,-0.02,-0.52,-0.72,-0.22
2024-12-06 12:27:46.333,84.82,507.0,0.24,0.96,-0.02,-0.52,-0.48,-0.22
2024-12-06 12:27:46.369,86.4,488.0,0.25,0.96,-0.02,-0.52,-0.35,-0.28
2024-12-06 12:27:46.372,86.17,489.0,0.24,0.96,-0.02,-0.71,-0.35,-0.1
2024-12-06 12:27:46.378,85.95,499.0,0.25,0.96,-0.02,-0.71,-0.42,-0.1
2024-12-06 12:27:46.386,82.8,493.0,0.25,0.96,-0.02,-0.71,-0.42,-0.04
2024-12-06 12:27:46.401,86.4,492.0,0.25,0.96,-0.02,-0.64,-0.35,0.03
2024-12-06 12:27:46.409,84.38,501.0,0.24,0.96,-0.02,-0.64,-0.35,0.03
2024-12-06 12:27:46.413,85.95,513.0,0.24,0.96,-0.02,-0.64,-0.29,0.09
2024-12-06 12:27:46.425,83.92,506.0,0.24,0.96,-0.02,-0.71,-0.23,0.21
2024-12-06 12:27:46.428,86.4,493.0,0.25,0.96,-0.02,-0.64,-0.05,0.21
2024-12-06 12:27:46.432,86.17,490.0,0.25,0.96,-0.02,-0.64,0.07,0.39
2024-12-06 12:27:46.440,79.65,492.0,0.25,0.96,-0.02,-0.64,0.07,0.39
2024-12-06 12:27:46.457,87.52,491.0,0.25,0.96,-0.02,-0.64,0.13,0.45
2024-12-06 12:27:46.475,84.82,504.0,0.25,0.96,-0.02,-0.52,0.01,0.45
2024-12-06 12:27:46.479,87.75,497.0,0.25,0.96,-0.02,-0.52,-0.05,0.33
2024-12-06 12:27:46.489,86.4,506.0,0.25,0.96,-0.02,-0.46,-0.05,0.33
2024-12-06 12:27:46.494,88.88,493.0,0.25,0.96,-0.02,-0.4,-0.23,0.21
2024-12-06 12:27:46.508,87.3,507.0,0.25,0.96,-0.02,-0.34,-0.42,0.03
2024-12-06 12:27:46.511,87.75,488.0,0.25,0.96,-0.02,-0.28,-0.48,-0.1
2024-12-06 12:27:46.517,78.97,502.0,0.25,0.96,-0.02,-0.22,-0.54,-0.16
2024-12-06 12:27:46.528,89.1,492.0,0.24,0.97,-0.02,-0.22,-0.54,-0.28
2024-12-06 12:27:46.536,83.47,500.0,0.24,0.97,-0.02,-0.16,-0.48,-0.28
2024-12-06 12:27:46.544,86.62,494.0,0.24,0.96,-0.02,-0.16,-0.35,-0.34
2024-12-06 12:27:47.547,83.25,482.0,0.23,0.96,-0.02,0.51,0.19,0.27
2024-12-06 12:27:47.576,80.32,471.0,0.23,0.97,-0.02,0.64,0.38,0.03
2024-12-06 12:27:47.603,81.67,508.0,0.24,1.05,-0.01,-2.29,-0.35,3.26
2024-12-06 12:27:47.633,79.42,531.0,0.23,1.14,-0.03,-5.16,-3.28,13.76
2024-12-06 12:27:47.658,77.17,516.0,0.18,1.0,-0.07,-6.32,-4.26,16.93
2024-12-06 12:27:47.686,75.6,503.0,0.26,0.88,-0.08,-6.5,-9.45,18.28
2024-12-06 12:27:47.790,73.35,494.0,0.27,0.85,-0.01,-5.83,-8.59,18.58
2024-12-06 12:27:47.793,66.82,501.0,0.29,0.9,0.04,-2.6,1.9,6.68
2024-12-06 12:27:47.803,63.45,512.0,0.32,0.94,0.04,0.51,5.99,-2.17
2024-12-06 12:27:47.824,68.85,506.0,0.32,0.96,-0.01,3.32,4.22,-7.36
2024-12-06 12:27:47.853,66.15,490.0,0.27,0.95,-0.04,4.54,-1.09,-8.52
2024-12-06 12:27:47.879,65.47,490.0,0.25,0.94,-0.02,4.42,-0.9,-8.4
2024-12-06 12:27:47.907,60.75,479.0,0.23,0.94,-0.01,3.93,2.27,-6.08
2024-12-06 12:27:47.934,59.4,481.0,0.25,0.93,-0.01,2.35,5.5,-6.32
2024-12-06 12:27:47.990,57.15,472.0,0.25,0.94,-0.02,2.65,7.82,-6.08
2024-12-06 12:27:47.997,61.88,472.0,0.24,0.95,-0.02,3.38,8.68,-8.21
2024-12-06 12:27:48.17,59.62,488.0,0.25,0.97,-0.02,3.81,7.27,-9.74
2024-12-06 12:27:48.45,56.47,474.0,0.25,0.97,-0.02,3.63,4.65,-10.66
2024-12-06 12:27:48.74,53.77,459.0,0.23,0.97,-0.02,3.26,1.05,-11.02
2024-12-06 12:27:48.103,52.88,468.0,0.22,0.96,-0.03,2.47,-0.23,-10.78
2024-12-06 12:27:48.129,54.9,479.0,0.21,0.97,-0.02,1.13,-2.37,-9.13
2024-12-06 12:27:48.157,50.85,470.0,0.2,0.97,-0.02,0.94,-0.84,-8.58
2024-12-06 12:27:48.192,51.75,487.0,0.21,0.98,-0.02,0.15,1.96,-6.5
2024-12-06 12:27:48.217,51.75,463.0,0.2,0.97,-0.03,-0.89,2.45,-5.04
2024-12-06 12:27:48.239,50.62,460.0,0.23,0.97,-0.02,-1.38,1.17,-5.16
2024-12-06 12:27:48.266,47.92,469.0,0.22,0.96,-0.02,-0.95,0.87,-4.19
2024-12-06 12:27:48.294,42.08,493.0,0.22,0.97,-0.02,-0.83,2.27,-4.25
2024-12-06 12:27:48.321,48.15,475.0,0.2,0.97,-0.04,0.64,5.99,-4.31
2024-12-06 12:27:48.349,44.1,466.0,0.2,0.98,-0.05,1.86,9.35,-4.06
2024-12-06 12:27:48.400,41.17,466.0,0.19,0.98,-0.06,3.81,11.0,-3.82
2024-12-06 12:27:48.405,39.38,486.0,0.19,0.99,-0.05,4.67,10.39,-3.51
2024-12-06 12:27:48.434,40.5,468.0,0.18,0.99,-0.05,4.42,9.35,-2.9
2024-12-06 12:27:48.461,40.5,467.0,0.18,0.98,-0.04,3.81,8.19,-1.74
2024-12-06 12:27:48.488,44.1,476.0,0.19,0.98,-0.03,3.51,8.31,1.0
2024-12-06 12:27:48.515,33.52,465.0,0.19,0.97,-0.01,3.44,9.53,1.73
2024-12-06 12:27:48.543,39.6,475.0,0.19,0.96,-0.01,2.53,10.94,2.22
2024-12-06 12:27:48.572,35.77,475.0,0.2,0.95,-0.01,1.8,10.2,1.55
2024-12-06 12:27:48.599,32.4,468.0,0.21,0.96,-0.01,1.49,6.97,-0.71
2024-12-06 12:27:48.633,35.77,480.0,0.21,0.97,-0.01,0.94,3.61,-1.68
2024-12-06 12:27:48.654,28.35,430.0,0.18,0.96,-0.02,0.33,1.29,-3.64
2024-12-06 12:27:48.682,32.62,483.0,0.2,0.96,-0.01,-1.32,0.5,-4.67
2024-12-06 12:27:48.709,27.0,464.0,0.19,0.96,-0.02,-1.44,0.44,-4.92
2024-12-06 12:27:48.879,28.8,456.0,0.2,0.97,-0.02,-1.68,0.26,-4.49
2024-12-06 12:27:48.896,30.38,491.0,0.17,0.98,-0.01,-3.45,-5.36,-6.69
2024-12-06 12:27:48.901,22.05,467.0,0.16,0.97,-0.02,-3.57,-5.05,-7.79
2024-12-06 12:27:48.930,24.52,468.0,0.17,0.99,-0.02,-3.51,-2.92,-6.14
2024-12-06 12:27:48.958,19.57,471.0,0.16,0.98,-0.02,-3.03,-1.64,-5.65
2024-12-06 12:27:48.984,18.0,461.0,0.16,0.98,-0.03,-2.9,-0.9,-3.7
2024-12-06 12:27:49.12,16.65,460.0,0.16,0.98,-0.03,-2.23,0.01,-2.66
2024-12-06 12:27:49.39,22.05,476.0,0.17,0.99,-0.03,-1.8,0.44,-1.38
2024-12-06 12:27:49.86,13.95,471.0,0.19,0.99,-0.02,-0.71,1.6,0.76
2024-12-06 12:27:49.95,18.9,453.0,0.18,0.99,-0.03,0.27,1.05,2.77
2024-12-06 12:27:49.124,13.5,459.0,0.19,0.99,-0.02,0.51,-0.72,4.48
2024-12-06 12:27:49.151,15.07,467.0,0.17,0.98,-0.02,0.21,-2.8,4.79
2024-12-06 12:27:49.180,10.57,458.0,0.15,0.97,-0.0,-0.28,-3.53,3.26
2024-12-06 12:27:49.205,10.12,459.0,0.16,0.97,-0.0,-0.4,-1.94,2.65
2024-12-06 12:27:49.234,12.82,456.0,0.15,0.97,-0.01,0.09,0.93,1.73
2024-12-06 12:27:49.268,12.15,474.0,0.16,0.98,-0.02,0.64,2.76,1.25
2024-12-06 12:27:49.292,11.02,465.0,0.17,0.98,-0.02,0.82,3.31,1.73
2024-12-06 12:27:49.319,6.52,461.0,0.17,0.99,-0.02,0.39,2.15,2.53
2024-12-06 12:27:49.354,8.55,479.0,0.19,0.99,-0.03,0.33,1.66,4.05
2024-12-06 12:27:49.372,3.15,463.0,0.17,0.98,-0.03,0.33,2.21,5.76
2024-12-06 12:27:49.402,7.2,460.0,0.18,0.97,-0.01,0.51,1.9,5.64
2024-12-06 12:27:49.427,6.52,459.0,0.17,0.97,-0.02,1.0,1.6,5.7
2024-12-06 12:27:49.458,6.75,465.0,0.17,0.97,-0.01,1.06,1.05,3.26
2024-12-06 12:27:49.483,4.72,483.0,0.19,0.98,-0.01,1.13,2.82,3.44
2024-12-06 12:27:49.540,4.5,475.0,0.19,0.98,-0.01,1.19,3.55,4.79
2024-12-06 12:27:49.548,-2.7,464.0,0.19,0.97,-0.02,0.94,3.67,3.81
2024-12-06 12:27:49.553,-1.12,460.0,0.2,0.97,-0.02,0.88,3.98,3.93
2024-12-06 12:27:49.560,1.35,434.0,0.2,0.97,-0.02,0.76,4.28,4.24
2024-12-06 12:27:49.571,-0.45,459.0,0.19,0.97,-0.02,0.82,4.04,4.36
2024-12-06 12:27:49.577,0.45,463.0,0.19,0.97,-0.02,0.82,3.86,4.42
2024-12-06 12:27:49.588,3.82,457.0,0.19,0.97,-0.02,0.82,3.86,3.87
2024-12-06 12:27:49.595,0.67,478.0,0.18,0.96,-0.02,0.76,3.73,3.87
2024-12-06 12:27:49.599,0.9,457.0,0.18,0.96,-0.02,0.76,3.25,3.26
2024-12-06 12:27:49.615,-2.7,470.0,0.17,0.96,-0.02,0.7,2.45,2.53
2024-12-06 12:27:49.619,2.02,481.0,0.17,0.95,-0.01,0.64,1.96,1.67
2024-12-06 12:27:49.627,-1.35,464.0,0.17,0.95,-0.01,0.51,0.62,0.76
2024-12-06 12:27:49.632,1.35,475.0,0.17,0.96,-0.01,0.51,0.62,0.76
2024-12-06 12:27:49.636,-2.92,492.0,0.18,0.96,-0.02,0.58,0.44,-0.1
2024-12-06 12:27:49.646,0.22,473.0,0.18,0.96,-0.01,0.45,0.07,-0.52
2024-12-06 12:27:49.656,-4.72,464.0,0.17,0.96,-0.01,0.58,-1.09,-1.38
2024-12-06 12:27:49.665,2.7,473.0,0.17,0.96,-0.01,0.39,-0.72,-2.42
2024-12-06 12:27:49.668,0.67,468.0,0.17,0.96,-0.01,0.39,-0.66,-3.21
2024-12-06 12:27:49.677,-2.7,462.0,0.17,0.97,-0.01,0.21,-0.66,-3.21
2024-12-06 12:27:49.684,3.38,464.0,0.19,0.97,-0.01,0.15,-0.29,-3.51
2024-12-06 12:27:49.698,-1.57,476.0,0.2,0.98,-0.01,0.15,0.74,-3.15
2024-12-06 12:27:49.701,-2.7,460.0,0.2,0.98,-0.01,0.33,1.05,-2.35
2024-12-06 12:27:49.708,-3.6,456.0,0.2,0.98,-0.01,0.45,1.66,-1.81
2024-12-06 12:27:49.718,-2.92,457.0,0.19,0.98,-0.02,0.45,1.66,-1.56
2024-12-06 12:27:49.723,2.25,467.0,0.19,0.97,-0.02,0.45,2.33,-1.56
2024-12-06 12:27:49.734,-3.15,463.0,0.18,0.97,-0.02,0.45,2.51,-1.5
2024-12-06 12:27:49.761,1.35,463.0,0.19,0.97,-0.02,0.15,1.9,-0.83
2024-12-06 12:27:49.768,-4.5,461.0,0.19,0.97,-0.02,-0.03,1.66,-0.58
2024-12-06 12:27:49.776,-2.92,485.0,0.19,0.97,-0.02,-0.22,1.48,-0.4
2024-12-06 12:27:49.890,1.35,468.0,0.19,0.98,-0.02,-0.28,0.38,2.04
2024-12-06 12:27:49.902,2.02,471.0,0.19,0.98,-0.02,-0.28,0.44,2.1
2024-12-06 12:27:49.904,-2.02,465.0,0.19,0.98,-0.02,-0.28,0.5,2.22
2024-12-06 12:27:49.915,-1.8,472.0,0.19,0.97,-0.02,-0.28,0.5,2.22
2024-12-06 12:27:49.925,0.45,470.0,0.2,0.97,-0.02,-0.22,0.5,2.28
2024-12-06 12:27:49.927,0.9,450.0,0.2,0.97,-0.02,-0.16,0.56,2.41
2024-12-06 12:27:49.935,-2.25,464.0,0.2,0.97,-0.02,-0.16,0.5,2.53
2024-12-06 12:27:49.945,0.22,476.0,0.2,0.97,-0.02,-0.03,0.38,2.53
2024-12-06 12:27:49.951,-2.92,458.0,0.2,0.97,-0.02,0.03,0.32,2.41
2024-12-06 12:27:49.961,0.9,460.0,0.2,0.97,-0.02,0.03,0.32,2.41
2024-12-06 12:27:49.974,-2.25,474.0,0.2,0.97,-0.02,0.03,0.07,2.22
2024-12-06 12:27:49.977,2.7,471.0,0.2,0.97,-0.02,0.03,-0.23,2.1
2024-12-06 12:27:49.982,0.67,472.0,0.2,0.97,-0.02,0.03,-0.42,1.86
2024-12-06 12:27:49.995,-4.28,458.0,0.2,0.97,-0.02,0.03,-0.66,1.8
2024-12-06 12:27:49.998,0.22,463.0,0.2,0.98,-0.01,0.03,-0.66,1.8
2024-12-06 12:27:50.59,0.0,465.0,0.2,0.98,-0.01,0.03,-1.09,1.67
2024-12-06 12:27:50.67,0.0,485.0,0.19,0.97,-0.02,0.21,-0.23,1.0
2024-12-06 12:27:50.72,2.7,467.0,0.19,0.97,-0.02,0.21,-0.05,0.94
2024-12-06 12:27:50.75,5.4,482.0,0.19,0.97,-0.02,0.21,-0.05,0.94
2024-12-06 12:27:50.83,-1.35,465.0,0.19,0.97,-0.02,0.27,0.01,0.88
2024-12-06 12:27:50.91,-0.67,510.0,0.19,0.97,-0.02,0.27,0.01,0.7
2024-12-06 12:27:50.97,2.92,478.0,0.19,0.97,-0.02,0.21,-0.23,0.7
2024-12-06 12:27:50.109,-2.7,467.0,0.19,0.97,-0.02,0.09,-0.48,0.7
2024-12-06 12:27:50.116,2.7,476.0,0.19,0.97,-0.02,0.03,-0.35,0.7
2024-12-06 12:27:50.125,-4.28,484.0,0.19,0.97,-0.02,0.03,-0.35,0.7
2024-12-06 12:27:50.128,-3.82,455.0,0.19,0.97,-0.02,-0.1,-0.17,0.64
2024-12-06 12:27:50.136,0.67,469.0,0.19,0.97,-0.02,-0.22,-0.23,0.64
2024-12-06 12:27:50.144,-0.22,482.0,0.19,0.97,-0.02,-0.22,-0.23,0.64
2024-12-06 12:27:50.159,-4.72,462.0,0.19,0.97,-0.02,-0.22,-0.17,0.64
2024-12-06 12:27:50.162,-3.82,484.0,0.19,0.97,-0.02,-0.16,-0.05,0.58
2024-12-06 12:27:50.168,1.35,454.0,0.19,0.97,-0.02,-0.16,-0.05,0.58
2024-12-06 12:27:50.179,1.12,468.0,0.19,0.97,-0.02,-0.16,0.13,0.51
2024-12-06 12:27:50.229,-5.17,492.0,0.19,0.97,-0.02,-0.28,0.07,0.33
2024-12-06 12:27:50.240,1.12,489.0,0.19,0.97,-0.02,-0.28,0.19,0.33
2024-12-06 12:27:50.246,-4.05,478.0,0.19,0.97,-0.02,-0.34,0.32,0.33
2024-12-06 12:27:50.249,-1.35,463.0,0.19,0.97,-0.02,-0.34,0.32,0.33
2024-12-06 12:27:50.253,-4.72,453.0,0.2,0.97,-0.02,-0.28,0.44,0.39
2024-12-06 12:27:50.261,-2.92,470.0,0.2,0.97,-0.02,-0.22,0.5,0.45
2024-12-06 12:27:50.267,0.9,468.0,0.2,0.97,-0.02,-0.16,0.62,0.51
2024-12-06 12:27:50.276,0.67,460.0,0.2,0.97,-0.02,-0.1,0.74,0.45
2024-12-06 12:27:50.285,-3.15,468.0,0.2,0.97,-0.02,-0.03,0.8,0.39
2024-12-06 12:27:50.290,0.9,471.0,0.2,0.97,-0.02,-0.03,0.8,0.39
2024-12-06 12:27:50.298,0.9,464.0,0.2,0.97,-0.02,0.03,0.74,0.27
2024-12-06 12:27:50.305,1.35,457.0,0.2,0.97,-0.02,-0.03,0.62,0.15
2024-12-06 12:27:50.313,-0.45,458.0,0.2,0.97,-0.02,-0.03,0.44,0.03
2024-12-06 12:27:50.329,0.22,452.0,0.2,0.97,-0.02,-0.03,-0.35,-0.16
2024-12-06 12:27:50.339,1.12,467.0,0.2,0.97,-0.01,-0.03,-0.35,-0.16
2024-12-06 12:27:50.347,-2.7,454.0,0.2,0.98,-0.01,-0.03,-0.72,-0.22
2024-12-06 12:27:50.351,2.02,466.0,0.2,0.98,-0.02,-0.03,-1.03,-0.22
2024-12-06 12:27:50.359,0.0,471.0,0.19,0.98,-0.02,-0.03,-1.09,-0.22
2024-12-06 12:27:50.367,0.45,466.0,0.19,0.98,-0.02,-0.1,-0.97,-0.22
2024-12-06 12:27:50.376,2.47,468.0,0.19,0.97,-0.02,-0.1,-0.97,-0.22
2024-12-06 12:27:50.386,-2.02,468.0,0.19,0.97,-0.02,-0.1,-0.78,-0.1
2024-12-06 12:27:50.394,0.22,463.0,0.19,0.97,-0.02,-0.1,-0.6,0.03
2024-12-06 12:27:50.398,-4.5,479.0,0.19,0.97,-0.02,-0.1,-0.35,0.15
2024-12-06 12:27:50.406,-4.05,480.0,0.19,0.97,-0.02,-0.16,-0.11,0.33
2024-12-06 12:27:50.452,-2.02,465.0,0.2,0.96,-0.01,-0.46,0.01,0.45
2024-12-06 12:27:50.455,-1.12,460.0,0.2,0.97,-0.01,-0.46,0.01,0.45
2024-12-06 12:27:50.458,0.0,469.0,0.2,0.97,-0.01,-0.46,-0.23,0.51
2024-12-06 12:27:50.466,-1.8,484.0,0.2,0.97,-0.02,-0.46,-0.29,0.45
2024-12-06 12:27:50.478,-1.35,471.0,0.2,0.97,-0.02,-0.46,-0.42,0.39
2024-12-06 12:27:50.483,0.9,483.0,0.2,0.97,-0.02,-0.52,-0.66,0.33
2024-12-06 12:27:50.495,-2.7,473.0,0.2,0.97,-0.01,-0.46,-1.03,0.33
2024-12-06 12:27:50.498,0.0,462.0,0.2,0.97,-0.01,-0.46,-1.03,0.33
2024-12-06 12:27:50.504,-3.6,463.0,0.2,0.97,-0.01,-0.46,-1.33,0.33
2024-12-06 12:27:50.512,-2.47,492.0,0.2,0.98,-0.02,-0.46,-1.45,0.33
2024-12-06 12:27:50.520,0.22,479.0,0.19,0.98,-0.02,-0.46,-1.58,0.33
2024-12-06 12:27:50.530,0.0,481.0,0.19,0.98,-0.02,-0.58,-1.64,0.33
2024-12-06 12:27:50.536,0.22,460.0,0.19,0.97,-0.02,-0.58,-1.64,0.33
2024-12-06 12:27:50.543,-0.22,466.0,0.19,0.97,-0.02,-0.58,-1.7,0.33
2024-12-06 12:27:50.556,0.22,464.0,0.19,0.97,-0.02,-0.58,-1.7,0.33
2024-12-06 12:27:50.559,0.0,465.0,0.19,0.97,-0.02,-0.64,-1.58,0.39
2024-12-06 12:27:50.575,5.17,461.0,0.19,0.97,-0.02,-0.64,-1.33,0.51
2024-12-06 12:27:50.580,1.12,457.0,0.19,0.97,-0.02,-0.71,-1.03,0.58
2024-12-06 12:27:50.583,-5.4,473.0,0.19,0.97,-0.02,-0.71,-1.03,0.58
2024-12-06 12:27:50.590,-2.02,454.0,0.19,0.97,-0.02,-0.71,-0.6,0.64
2024-12-06 12:27:50.601,2.92,471.0,0.19,0.97,-0.01,-0.71,-0.35,0.76
2024-12-06 12:27:50.606,-2.02,462.0,0.19,0.97,-0.01,-0.71,-0.05,0.88
2024-12-06 12:27:50.613,-1.57,463.0,0.19,0.97,-0.01,-0.71,0.32,1.0
2024-12-06 12:27:50.622,0.45,462.0,0.19,0.97,-0.01,-0.64,0.56,0.94
2024-12-06 12:27:50.630,0.0,461.0,0.19,0.97,-0.02,-0.64,0.56,0.94
2024-12-06 12:27:50.639,0.0,482.0,0.19,0.97,-0.02,-0.58,0.87,0.88
2024-12-06 12:27:50.690,0.22,464.0,0.2,0.98,-0.02,-0.4,0.8,0.45
2024-12-06 12:27:50.697,2.92,458.0,0.2,0.98,-0.02,-0.4,0.68,0.58
2024-12-06 12:27:50.707,0.67,455.0,0.2,0.98,-0.01,-0.4,0.68,0.58
2024-12-06 12:27:50.713,-1.12,473.0,0.2,0.98,-0.02,-0.46,0.56,0.58
2024-12-06 12:27:50.721,-1.12,475.0,0.2,0.98,-0.02,-0.46,0.62,0.64
2024-12-06 12:27:50.733,-0.9,465.0,0.2,0.97,-0.02,-0.46,0.87,0.7
2024-12-06 12:27:50.746,1.12,470.0,0.2,0.97,-0.02,-0.46,0.99,0.82
2024-12-06 12:27:50.753,-0.45,476.0,0.2,0.97,-0.02,-0.4,1.05,0.76
2024-12-06 12:27:50.760,1.8,476.0,0.2,0.96,-0.02,-0.28,0.99,0.82
2024-12-06 12:27:50.767,0.0,461.0,0.2,0.97,-0.02,-0.22,0.99,0.82
2024-12-06 12:27:50.784,2.92,466.0,0.21,0.97,-0.02,-0.22,0.8,0.88
2024-12-06 12:27:50.809,-0.9,474.0,0.21,0.97,-0.02,-0.16,0.56,0.94
2024-12-06 12:27:50.812,-1.8,477.0,0.21,0.97,-0.01,-0.1,-0.6,1.12
2024-12-06 12:27:50.814,0.45,484.0,0.21,0.97,-0.01,-0.16,-1.15,1.19
2024-12-06 12:27:50.828,-0.45,485.0,0.21,0.97,-0.01,-0.22,-1.45,1.12
2024-12-06 12:27:50.930,-4.28,464.0,0.19,0.97,-0.02,-0.34,-1.76,0.88
2024-12-06 12:27:50.933,0.9,468.0,0.19,0.97,-0.02,-0.52,-1.51,0.82
2024-12-06 12:27:50.947,0.0,462.0,0.19,0.97,-0.02,-0.52,-1.27,0.88
2024-12-06 12:27:50.953,0.67,464.0,0.19,0.96,-0.02,-0.64,-1.27,0.88
2024-12-06 12:27:50.958,-1.35,471.0,0.19,0.96,-0.01,-0.71,-1.03,0.94
2024-12-06 12:27:50.966,-4.05,472.0,0.2,0.96,-0.01,-0.77,-0.97,1.0
2024-12-06 12:27:50.974,-0.67,478.0,0.2,0.96,-0.02,-0.77,-0.78,1.06
2024-12-06 12:27:50.982,-2.7,472.0,0.2,0.96,-0.02,-0.77,-0.66,1.06
2024-12-06 12:27:50.997,-2.02,470.0,0.2,0.96,-0.02,-0.77,-0.66,1.06
2024-12-06 12:27:50.999,0.67,475.0,0.2,0.96,-0.01,-0.83,-0.54,1.06
2024-12-06 12:27:51.3,-0.45,475.0,0.2,0.97,-0.01,-0.83,-0.6,0.94
2024-12-06 12:27:51.13,-1.35,464.0,0.2,0.97,-0.01,-0.83,-0.78,0.76
2024-12-06 12:27:51.24,0.22,466.0,0.2,0.97,-0.01,-0.83,-1.15,0.7
2024-12-06 12:27:51.28,-0.22,460.0,0.2,0.97,-0.01,-0.89,-1.51,0.58
2024-12-06 12:27:51.36,-1.8,467.0,0.21,0.97,-0.01,-0.89,-1.51,0.58
2024-12-06 12:27:51.45,-2.02,485.0,0.21,0.98,-0.01,-0.83,-1.94,0.51
2024-12-06 12:27:51.53,-2.02,472.0,0.21,0.98,-0.01,-0.77,-2.31,0.33
2024-12-06 12:27:51.65,-2.25,460.0,0.2,0.98,-0.01,-0.77,-2.67,0.21
2024-12-06 12:27:51.68,-2.47,474.0,0.2,0.98,-0.01,-0.71,-2.92,0.21
2024-12-06 12:27:51.73,-1.12,464.0,0.2,0.98,-0.01,-0.71,-2.92,0.21
2024-12-06 12:27:51.81,-11.02,475.0,0.2,0.98,-0.01,-0.71,-2.92,0.15
2024-12-06 12:27:51.115,2.47,470.0,0.2,0.97,-0.02,-0.71,-2.8,0.64
2024-12-06 12:27:51.119,-1.35,474.0,0.2,0.97,-0.02,-0.83,-2.8,0.64
2024-12-06 12:27:51.146,0.45,461.0,0.21,0.97,-0.01,-0.89,-3.1,0.88
2024-12-06 12:27:51.153,0.45,466.0,0.21,0.97,-0.01,-1.01,-3.35,1.0
2024-12-06 12:27:51.155,-0.22,471.0,0.21,0.97,-0.01,-1.07,-3.83,1.19
2024-12-06 12:27:51.168,-4.95,459.0,0.21,0.97,-0.01,-1.07,-3.83,1.19
2024-12-06 12:27:51.172,-0.45,462.0,0.21,0.97,-0.0,-1.07,-4.32,1.37
2024-12-06 12:27:51.177,-1.8,463.0,0.21,0.97,-0.01,-1.07,-4.57,1.49
2024-12-06 12:27:51.183,1.12,469.0,0.21,0.97,-0.01,-1.07,-4.69,1.43
2024-12-06 12:27:51.187,0.9,452.0,0.21,0.97,-0.01,-1.01,-4.87,1.43
2024-12-06 12:27:51.196,-1.35,488.0,0.21,0.97,-0.01,-1.01,-4.87,1.43
2024-12-06 12:27:51.204,0.67,463.0,0.21,0.97,-0.01,-0.95,-4.93,1.43
2024-12-06 12:27:51.212,0.0,478.0,0.21,0.97,-0.01,-0.83,-4.87,1.43
2024-12-06 12:27:51.221,1.12,464.0,0.2,0.98,-0.01,-0.71,-4.75,1.37
2024-12-06 12:27:51.232,-0.67,466.0,0.2,0.98,-0.01,-0.64,-4.51,1.37
2024-12-06 12:27:51.237,1.12,473.0,0.2,0.98,-0.01,-0.58,-4.26,1.43
2024-12-06 12:27:51.245,4.05,475.0,0.2,0.98,-0.01,-0.58,-4.26,1.43
2024-12-06 12:27:51.270,-1.35,473.0,0.2,0.98,-0.01,-0.4,-3.96,1.49
2024-12-06 12:27:51.274,-4.95,466.0,0.19,0.97,-0.01,-0.4,-3.83,1.55
2024-12-06 12:27:51.276,0.22,460.0,0.19,0.97,-0.01,-0.4,-3.65,1.61
2024-12-06 12:27:51.283,-0.67,483.0,0.19,0.97,-0.02,-0.4,-3.65,1.61
2024-12-06 12:27:51.306,-1.57,469.0,0.19,0.97,-0.02,-0.58,-3.22,1.61
2024-12-06 12:27:51.309,0.9,460.0,0.19,0.97,-0.02,-0.58,-3.04,1.67
2024-12-06 12:27:51.337,1.35,444.0,0.19,0.97,-0.02,-0.64,-2.86,1.73
2024-12-06 12:27:51.341,-2.7,474.0,0.2,0.97,-0.02,-0.64,-2.55,1.86
2024-12-06 12:27:51.344,-1.57,464.0,0.2,0.97,-0.02,-0.64,-2.43,1.86
2024-12-06 12:27:51.349,2.02,471.0,0.2,0.97,-0.02,-0.58,-2.31,1.86
2024-12-06 12:27:51.357,2.7,466.0,0.2,0.97,-0.02,-0.52,-2.12,1.73
2024-12-06 12:27:51.366,-0.22,474.0,0.2,0.97,-0.02,-0.52,-2.12,1.73
2024-12-06 12:27:51.384,0.22,499.0,0.2,0.97,-0.01,-0.46,-2.19,1.43
2024-12-06 12:27:51.402,3.82,467.0,0.2,0.97,-0.01,-0.46,-2.31,1.31
2024-12-06 12:27:51.405,0.9,474.0,0.2,0.97,-0.01,-0.4,-2.31,1.19
2024-12-06 12:27:51.411,0.22,445.0,0.2,0.97,-0.01,-0.34,-2.37,0.94
2024-12-06 12:27:51.419,3.15,477.0,0.2,0.97,-0.01,-0.34,-2.37,0.82
2024-12-06 12:27:51.427,-0.22,471.0,0.2,0.97,-0.01,-0.28,-2.19,0.76
2024-12-06 12:27:51.436,0.22,432.0,0.2,0.97,-0.01,-0.22,-1.82,0.64
2024-12-06 12:27:51.456,0.22,468.0,0.2,0.97,-0.01,-0.1,-1.45,0.58
2024-12-06 12:27:51.465,0.67,519.0,0.19,0.97,-0.02,-0.03,-1.09,0.45
2024-12-06 12:27:51.468,-3.38,474.0,0.2,0.97,-0.02,0.09,-0.66,0.39
2024-12-06 12:27:51.474,-2.02,457.0,0.2,0.97,-0.02,0.15,-0.35,0.39
2024-12-06 12:27:51.483,2.47,466.0,0.2,0.97,-0.02,0.15,-0.11,0.39
2024-12-06 12:27:51.493,2.7,462.0,0.2,0.97,-0.02,0.15,-0.11,0.39
2024-12-06 12:27:51.503,1.12,478.0,0.2,0.97,-0.02,0.15,0.01,0.33
2024-12-06 12:27:51.506,2.47,470.0,0.2,0.97,-0.02,0.09,0.01,0.21
2024-12-06 12:27:51.511,-4.95,494.0,0.2,0.97,-0.01,0.03,-0.05,0.21
2024-12-06 12:27:51.522,-4.72,470.0,0.2,0.97,-0.01,-0.03,-0.17,0.15
2024-12-06 12:27:51.527,-3.15,470.0,0.2,0.97,-0.01,-0.1,0.07,0.15
2024-12-06 12:27:51.535,2.7,461.0,0.2,0.97,-0.02,-0.1,0.07,0.15
2024-12-06 12:27:51.563,-1.35,488.0,0.2,0.97,-0.02,-0.03,0.07,0.21
2024-12-06 12:27:51.567,-2.47,461.0,0.2,0.97,-0.02,0.03,0.13,0.15
2024-12-06 12:27:51.586,-2.25,466.0,0.2,0.97,-0.02,0.03,0.13,0.15
2024-12-06 12:27:51.589,0.67,468.0,0.2,0.97,-0.02,0.03,0.62,0.15
2024-12-06 12:27:51.597,1.12,463.0,0.2,0.97,-0.02,0.09,0.62,0.21
2024-12-06 12:27:51.607,-2.92,477.0,0.2,0.97,-0.02,0.09,0.68,0.33
2024-12-06 12:27:51.613,3.38,465.0,0.2,0.97,-0.02,0.09,0.68,0.33
2024-12-06 12:27:51.620,0.67,481.0,0.2,0.97,-0.02,0.09,0.74,0.39
2024-12-06 12:27:51.639,2.47,463.0,0.2,0.97,-0.02,0.09,0.74,0.45
2024-12-06 12:27:51.646,1.57,475.0,0.2,0.97,-0.01,-0.03,0.8,0.58
2024-12-06 12:27:51.651,-1.8,485.0,0.2,0.97,-0.02,-0.03,0.8,0.58
2024-12-06 12:27:51.661,-2.02,476.0,0.21,0.97,-0.02,-0.03,0.93,0.7
2024-12-06 12:27:51.667,0.0,459.0,0.21,0.97,-0.01,0.03,0.99,0.76
2024-12-06 12:27:51.675,-5.4,459.0,0.21,0.97,-0.01,0.03,1.05,0.88
2024-12-06 12:27:51.684,1.8,462.0,0.21,0.97,-0.01,0.09,0.99,0.88
2024-12-06 12:27:51.691,-0.67,456.0,0.21,0.97,-0.01,0.09,0.99,0.88
2024-12-06 12:27:51.695,2.02,478.0,0.21,0.97,-0.02,0.15,1.05,0.88
2024-12-06 12:27:51.708,-4.05,479.0,0.21,0.97,-0.02,0.15,1.17,0.76
2024-12-06 12:27:51.711,-2.25,461.0,0.21,0.97,-0.02,0.15,1.17,0.7
2024-12-06 12:27:51.720,0.45,473.0,0.21,0.97,-0.02,0.15,0.93,0.7
2024-12-06 12:27:51.726,2.47,478.0,0.21,0.97,-0.02,0.15,0.68,0.76
2024-12-06 12:27:51.741,1.57,460.0,0.21,0.97,-0.02,0.15,0.68,0.76
2024-12-06 12:27:51.749,1.12,459.0,0.21,0.97,-0.02,0.09,0.38,0.76
2024-12-06 12:27:51.757,-3.15,455.0,0.21,0.97,-0.01,0.09,0.07,0.7
2024-12-06 12:27:51.763,-5.17,452.0,0.21,0.97,-0.01,0.09,-0.23,0.7
2024-12-06 12:27:51.791,-3.82,454.0,0.21,0.97,-0.02,0.09,-0.42,0.58
2024-12-06 12:27:51.795,-3.82,476.0,0.21,0.97,-0.02,0.15,-0.29,0.58
2024-12-06 12:27:51.803,0.67,463.0,0.21,0.97,-0.02,0.21,-0.11,0.58
2024-12-06 12:27:51.810,-2.7,465.0,0.21,0.97,-0.02,0.27,0.01,0.58
2024-12-06 12:27:51.819,0.0,478.0,0.21,0.97,-0.02,0.27,0.01,0.58
2024-12-06 12:27:51.829,0.45,467.0,0.21,0.97,-0.02,0.27,0.19,0.64
2024-12-06 12:27:51.834,-2.92,481.0,0.21,0.97,-0.02,0.33,0.26,0.7
2024-12-06 12:27:51.845,-1.8,466.0,0.21,0.97,-0.02,0.27,0.26,0.82
2024-12-06 12:27:51.852,-3.82,451.0,0.21,0.97,-0.02,0.27,0.19,0.82
2024-12-06 12:27:51.857,1.35,462.0,0.21,0.97,-0.02,0.27,0.19,0.94
2024-12-06 12:27:51.868,0.22,473.0,0.21,0.97,-0.02,0.21,0.01,0.94
2024-12-06 12:27:51.986,2.7,476.0,0.21,0.97,-0.01,0.09,1.17,1.25
2024-12-06 12:27:53.18,-1.57,464.0,0.22,0.97,-0.02,-0.03,-0.29,0.82
2024-12-06 12:27:53.23,5.4,453.0,0.22,0.97,-0.02,0.15,-0.35,1.19
2024-12-06 12:27:53.39,0.67,458.0,0.22,0.97,-0.02,0.21,-0.78,1.19
2024-12-06 12:27:53.65,0.0,465.0,0.22,0.97,-0.02,0.09,-0.72,1.43
2024-12-06 12:27:53.95,2.02,467.0,0.22,0.96,-0.02,0.03,-0.6,1.55
2024-12-06 12:27:53.149,-3.82,483.0,0.21,0.96,-0.02,-0.03,-0.29,1.19
2024-12-06 12:27:53.156,-3.15,465.0,0.16,0.94,-0.01,-0.03,-3.22,-2.11
2024-12-06 12:27:53.179,2.02,478.0,0.2,0.95,0.02,-1.01,-7.13,-8.09
2024-12-06 12:27:53.208,1.12,489.0,0.23,0.97,-0.01,-1.07,-7.5,-8.4
2024-12-06 12:27:53.235,4.72,463.0,0.21,0.98,-0.03,-0.83,-6.09,-7.05
2024-12-06 12:27:53.258,4.5,462.0,0.18,0.97,-0.06,0.45,-3.65,-5.22
2024-12-06 12:27:53.286,8.32,465.0,0.16,0.96,0.01,0.58,-0.48,-8.58
2024-12-06 12:27:53.315,8.1,461.0,0.19,1.0,-0.02,-0.28,2.57,-5.22
2024-12-06 12:27:53.343,7.88,469.0,0.18,1.0,-0.03,-0.95,4.65,-3.27
2024-12-06 12:27:53.381,9.68,479.0,0.2,0.98,-0.03,-1.19,5.63,-1.19
2024-12-06 12:27:53.397,10.35,482.0,0.2,0.97,-0.02,-0.77,6.3,0.64
2024-12-06 12:27:53.426,12.15,466.0,0.19,0.97,-0.02,-0.58,6.66,0.64
2024-12-06 12:27:53.452,13.72,470.0,0.21,0.98,-0.02,0.33,7.09,1.31
2024-12-06 12:27:53.480,17.77,483.0,0.2,0.98,-0.02,0.94,6.36,2.16
2024-12-06 12:27:53.507,18.45,484.0,0.2,0.97,-0.01,0.88,4.71,1.92
2024-12-06 12:27:53.534,15.75,467.0,0.21,0.97,-0.01,0.88,3.43,1.92
2024-12-06 12:27:53.568,19.57,479.0,0.22,0.98,-0.02,0.94,3.37,3.75
2024-12-06 12:27:53.600,21.6,474.0,0.21,0.97,-0.01,0.94,3.43,4.79
2024-12-06 12:27:53.617,16.2,521.0,0.21,0.96,-0.01,0.15,2.57,4.66
2024-12-06 12:27:53.644,17.1,471.0,0.22,0.96,-0.01,-0.16,1.72,5.34
2024-12-06 12:27:53.672,18.9,478.0,0.21,0.96,-0.0,-0.64,0.74,4.12
2024-12-06 12:27:53.699,20.25,484.0,0.22,0.97,-0.0,-0.83,-0.29,3.87
2024-12-06 12:27:53.727,22.27,536.0,0.21,0.97,-0.01,-0.64,-1.39,2.77
2024-12-06 12:27:53.757,22.27,479.0,0.22,0.97,-0.0,-0.83,-2.19,2.28
2024-12-06 12:27:53.783,23.17,477.0,0.21,0.96,-0.01,-0.95,-2.49,1.61
2024-12-06 12:27:53.823,26.32,502.0,0.21,0.97,-0.01,-1.26,-2.06,1.06
2024-12-06 12:27:53.839,28.57,474.0,0.21,0.97,-0.03,-1.01,-0.78,1.61
2024-12-06 12:27:53.867,24.97,475.0,0.2,0.97,-0.02,-0.71,-0.72,1.06
2024-12-06 12:27:53.894,30.82,498.0,0.21,0.97,-0.02,-0.46,-1.03,1.0
2024-12-06 12:27:53.921,33.52,477.0,0.2,0.97,-0.02,-0.34,-1.03,0.64
2024-12-06 12:27:53.949,31.72,477.0,0.21,0.97,-0.01,-0.28,0.13,0.27
2024-12-06 12:27:53.976,30.6,478.0,0.21,0.97,-0.02,0.33,0.87,0.45
2024-12-06 12:27:54.70,35.33,477.0,0.21,0.97,-0.01,0.76,0.99,1.49
2024-12-06 12:27:54.85,33.97,490.0,0.21,0.97,-0.01,0.7,1.54,1.86
2024-12-06 12:27:54.113,35.33,478.0,0.21,0.96,-0.01,0.7,2.03,1.61
2024-12-06 12:27:54.141,37.8,486.0,0.21,0.96,-0.01,0.58,1.96,1.12
2024-12-06 12:27:54.169,41.85,494.0,0.22,0.96,-0.01,0.45,1.54,0.94
2024-12-06 12:27:54.199,39.15,484.0,0.22,0.97,-0.01,0.27,1.11,0.58
2024-12-06 12:27:54.223,42.75,475.0,0.23,0.97,-0.01,0.45,0.5,1.12
2024-12-06 12:27:54.285,45.67,498.0,0.22,0.97,-0.01,0.39,0.01,1.12
2024-12-06 12:27:54.287,45.22,495.0,0.22,0.97,-0.01,0.21,0.62,1.8
2024-12-06 12:27:54.322,47.47,488.0,0.22,0.96,-0.02,0.03,0.62,1.8
2024-12-06 12:27:54.336,46.12,480.0,0.23,0.96,-0.01,-0.03,0.19,1.55
2024-12-06 12:27:54.361,48.6,482.0,0.23,0.97,-0.02,-0.03,-0.6,1.98
2024-12-06 12:27:54.389,49.27,476.0,0.23,1.0,-0.01,-0.22,-1.7,1.67
2024-12-06 12:27:54.418,49.5,482.0,0.24,0.98,-0.02,-0.46,-2.49,2.53
2024-12-06 12:27:54.444,45.9,486.0,0.22,0.96,-0.02,-0.64,-3.1,1.61
2024-12-06 12:27:54.472,55.35,491.0,0.23,0.96,-0.01,-0.95,-3.28,2.1
2024-12-06 12:27:54.507,49.05,487.0,0.23,0.96,-0.01,-1.13,-3.04,2.1
2024-12-06 12:27:54.527,51.3,497.0,0.24,0.96,-0.01,-1.19,-3.28,1.86
2024-12-06 12:27:54.556,55.8,493.0,0.24,0.96,-0.01,-1.19,-3.47,2.22
2024-12-06 12:27:54.582,53.55,482.0,0.24,0.96,-0.01,-0.71,-3.89,1.86
2024-12-06 12:27:54.610,59.4,488.0,0.24,0.97,-0.02,-0.28,-3.59,2.59
2024-12-06 12:27:54.637,57.6,481.0,0.24,0.97,-0.02,-0.1,-2.92,3.2
2024-12-06 12:27:54.667,56.25,503.0,0.24,0.96,-0.02,-0.28,-2.37,3.44
2024-12-06 12:27:54.693,59.17,495.0,0.24,0.96,-0.02,-0.34,-2.55,3.38
2024-12-06 12:27:54.749,62.1,486.0,0.24,0.97,-0.02,-0.28,-2.74,3.38
2024-12-06 12:27:54.752,62.32,483.0,0.24,0.97,-0.02,-0.1,-2.86,3.81
2024-12-06 12:27:54.776,64.8,479.0,0.24,0.96,-0.02,0.15,-2.31,3.75
2024-12-06 12:27:54.803,63.9,484.0,0.25,0.96,-0.02,0.45,-2.25,4.12
2024-12-06 12:27:54.830,59.85,486.0,0.24,0.96,-0.02,0.51,-1.94,4.12
2024-12-06 12:27:54.858,65.25,473.0,0.25,0.96,-0.02,0.58,-1.64,4.24
2024-12-06 12:27:54.886,65.03,486.0,0.24,0.96,-0.02,0.82,-1.7,4.05
2024-12-06 12:27:54.917,64.57,486.0,0.25,0.96,-0.01,0.64,-2.19,3.14
2024-12-06 12:27:54.953,68.4,493.0,0.23,0.95,-0.02,0.33,-2.61,2.04
2024-12-06 12:27:54.969,70.2,498.0,0.24,0.93,-0.0,0.09,-1.94,-0.16
2024-12-06 12:27:54.996,70.65,484.0,0.25,0.96,-0.01,-0.1,-1.27,-0.71
2024-12-06 12:27:55.27,70.42,489.0,0.25,0.96,-0.03,-0.28,-2.06,-0.52
2024-12-06 12:27:55.117,72.67,505.0,0.25,0.95,-0.02,-0.22,-2.12,0.15
2024-12-06 12:27:55.150,73.57,551.0,0.25,0.96,-0.02,-0.16,-1.51,1.0
2024-12-06 12:27:55.193,74.92,498.0,0.25,0.95,-0.02,-0.22,-0.97,1.12
2024-12-06 12:27:55.195,77.62,499.0,0.25,0.95,-0.02,-0.16,-0.84,1.67
2024-12-06 12:27:55.216,77.17,508.0,0.25,0.97,-0.02,-0.46,-1.33,2.41
2024-12-06 12:27:55.253,78.75,518.0,0.25,0.96,-0.03,-0.52,-1.64,2.83
2024-12-06 12:27:55.288,76.05,511.0,0.26,0.95,-0.02,-1.01,-2.67,1.73
2024-12-06 12:27:55.301,81.45,505.0,0.25,0.95,-0.02,-1.26,-3.1,0.82
2024-12-06 12:27:55.328,78.53,506.0,0.25,0.95,-0.01,-1.01,-2.49,0.03
2024-12-06 12:27:55.354,81.67,504.0,0.24,0.95,-0.03,-1.07,-1.94,-0.46
2024-12-06 12:27:55.406,81.22,505.0,0.25,0.95,-0.02,-0.89,-1.94,0.51
2024-12-06 12:27:55.411,86.62,515.0,0.25,0.95,-0.02,-1.19,-0.72,0.15
2024-12-06 12:27:55.421,83.7,514.0,0.26,0.96,-0.02,-1.26,-1.33,0.64
2024-12-06 12:27:55.430,86.4,527.0,0.26,0.96,-0.02,-1.26,-0.66,0.76
2024-12-06 12:27:55.439,83.92,525.0,0.26,0.98,-0.02,-1.26,-0.66,0.76
2024-12-06 12:27:55.443,82.35,515.0,0.26,0.98,-0.02,-1.13,-0.35,1.12
2024-12-06 12:27:55.449,83.25,538.0,0.26,0.98,-0.02,-0.89,-0.48,1.55
2024-12-06 12:27:55.458,82.35,527.0,0.26,0.99,-0.03,-0.64,-0.54,1.92
2024-12-06 12:27:55.468,84.82,518.0,0.26,0.99,-0.02,-0.58,-1.03,2.41
2024-12-06 12:27:55.473,85.72,512.0,0.25,0.99,-0.02,-0.64,-1.03,2.77
2024-12-06 12:27:55.484,85.72,522.0,0.25,0.98,-0.03,-0.64,-0.97,3.08
2024-12-06 12:27:55.516,85.95,526.0,0.25,0.99,-0.03,-0.71,-0.97,3.08
2024-12-06 12:27:55.523,86.4,521.0,0.25,0.99,-0.04,-1.01,-1.94,5.76
2024-12-06 12:27:55.525,81.9,522.0,0.24,0.98,-0.04,-1.01,-1.88,6.25
2024-12-06 12:27:55.533,85.28,519.0,0.24,0.97,-0.04,-1.07,-1.88,6.25
2024-12-06 12:27:55.540,83.03,525.0,0.24,0.95,-0.04,-1.32,-1.82,6.62
2024-12-06 12:27:55.545,81.45,515.0,0.24,0.94,-0.03,-1.44,-1.7,6.86
2024-12-06 12:27:55.556,82.12,507.0,0.25,0.93,-0.03,-1.62,-1.33,6.86
2024-12-06 12:27:55.559,87.97,536.0,0.25,0.93,-0.03,-1.87,-1.21,6.74
2024-12-06 12:27:55.566,84.38,519.0,0.25,0.93,-0.02,-1.87,-1.21,6.74
2024-12-06 12:27:55.590,84.38,523.0,0.26,0.94,-0.01,-2.11,-1.21,5.76
2024-12-06 12:27:55.597,81.67,523.0,0.26,0.94,-0.01,-2.17,-0.97,5.15
2024-12-06 12:27:55.607,88.65,522.0,0.26,0.94,-0.01,-2.17,-0.78,4.48
2024-12-06 12:27:55.613,85.05,543.0,0.27,0.94,-0.01,-2.05,-0.78,4.48
2024-12-06 12:27:55.622,85.5,529.0,0.27,0.94,-0.0,-1.87,-0.54,3.81
2024-12-06 12:27:55.652,86.62,528.0,0.26,0.93,-0.0,-0.4,1.42,0.45
2024-12-06 12:27:55.664,85.5,534.0,0.27,0.92,-0.0,-0.4,1.42,0.45
2024-12-06 12:27:55.669,85.95,529.0,0.29,0.96,0.01,-0.1,0.87,-0.95
2024-12-06 12:27:55.672,86.17,536.0,0.27,0.96,0.0,0.39,1.11,-1.68
2024-12-06 12:27:55.682,86.17,520.0,0.27,0.96,0.0,0.76,1.42,-2.54
2024-12-06 12:27:55.698,85.72,529.0,0.27,0.96,-0.01,0.76,1.42,-2.54
2024-12-06 12:27:55.701,82.35,515.0,0.27,0.96,-0.02,0.82,1.35,-2.96
2024-12-06 12:27:55.704,85.5,513.0,0.27,0.95,-0.02,0.76,1.17,-3.27
2024-12-06 12:27:55.712,84.82,527.0,0.27,0.94,-0.02,0.76,1.05,-3.58
2024-12-06 12:27:55.720,85.28,520.0,0.27,0.91,-0.03,0.64,0.87,-3.76
2024-12-06 12:27:55.727,86.4,520.0,0.27,0.94,-0.03,0.51,0.44,-3.76
2024-12-06 12:27:55.735,85.95,520.0,0.27,0.94,-0.03,0.51,0.44,-3.76
2024-12-06 12:27:55.743,85.95,522.0,0.27,0.94,-0.02,0.45,0.01,-3.7
2024-12-06 12:27:55.776,86.4,515.0,0.26,0.95,-0.02,-0.16,0.01,-3.21
2024-12-06 12:27:55.780,84.82,510.0,0.26,0.96,-0.02,-0.16,0.01,-3.21
2024-12-06 12:27:55.782,86.4,509.0,0.26,0.96,-0.01,-0.4,-0.11,-2.9
2024-12-06 12:27:55.790,88.65,511.0,0.26,0.96,-0.01,-0.46,-0.17,-2.54
2024-12-06 12:27:55.804,85.5,518.0,0.26,0.96,-0.01,-0.52,-0.17,-2.29
2024-12-06 12:27:55.807,82.8,512.0,0.26,0.96,-0.01,-0.71,-0.17,-2.05
2024-12-06 12:27:55.819,88.88,525.0,0.26,0.96,-0.01,-0.89,-0.05,-1.81
2024-12-06 12:27:55.823,83.03,524.0,0.26,0.96,-0.01,-0.89,-0.05,-1.81
2024-12-06 12:27:55.855,81.67,520.0,0.27,0.96,-0.02,-1.07,-0.11,-1.56
2024-12-06 12:27:55.867,85.95,514.0,0.27,0.96,-0.02,-0.89,-0.84,-0.77
2024-12-06 12:27:55.872,86.62,528.0,0.27,0.96,-0.02,-0.71,-1.09,-0.58
2024-12-06 12:27:55.877,87.07,515.0,0.27,0.96,-0.02,-0.52,-1.21,-0.34
2024-12-06 12:27:55.880,84.38,511.0,0.26,0.96,-0.02,-0.46,-1.21,-0.16
2024-12-06 12:27:55.889,85.28,516.0,0.26,0.96,-0.02,-0.4,-1.27,-0.04
2024-12-06 12:27:55.897,84.38,507.0,0.26,0.96,-0.02,-0.4,-1.33,0.09
2024-12-06 12:27:55.910,82.57,520.0,0.26,0.96,-0.02,-0.28,-1.33,0.09
2024-12-06 12:27:55.914,85.05,514.0,0.26,0.96,-0.02,-0.22,-1.33,0.15
2024-12-06 12:27:55.920,85.05,521.0,0.26,0.96,-0.02,-0.16,-1.33,0.15
2024-12-06 12:27:55.933,86.85,514.0,0.26,0.96,-0.02,-0.16,-1.33,0.21
2024-12-06 12:27:55.947,87.07,517.0,0.26,0.96,-0.02,-0.22,-1.39,0.21
2024-12-06 12:27:55.950,86.4,508.0,0.26,0.96,-0.02,-0.22,-1.45,0.15
2024-12-06 12:27:55.964,82.35,502.0,0.26,0.96,-0.02,-0.22,-1.45,0.15
2024-12-06 12:27:55.968,82.57,522.0,0.26,0.96,-0.02,-0.34,-1.51,0.21
2024-12-06 12:27:55.974,80.1,522.0,0.26,0.96,-0.02,-0.28,-1.51,0.15
2024-12-06 12:27:55.981,84.15,516.0,0.26,0.96,-0.01,-0.28,-1.39,0.03
2024-12-06 12:27:55.991,85.72,506.0,0.26,0.96,-0.01,-0.28,-1.39,0.03
2024-12-06 12:27:55.998,87.52,509.0,0.26,0.96,-0.01,-0.28,-1.21,-0.04
2024-12-06 12:27:56.9,83.47,506.0,0.26,0.96,-0.01,-0.28,-1.03,-0.04
2024-12-06 12:27:56.15,84.82,539.0,0.26,0.96,-0.01,-0.22,-0.9,-0.1
2024-12-06 12:27:56.20,87.75,544.0,0.26,0.96,-0.01,-0.22,-0.72,-0.1
2024-12-06 12:27:56.32,83.92,507.0,0.26,0.96,-0.01,-0.22,-0.72,-0.04
2024-12-06 12:27:56.39,87.75,517.0,0.26,0.95,-0.01,-0.28,-0.6,-0.04
2024-12-06 12:27:56.43,87.75,512.0,0.26,0.95,-0.02,-0.22,-0.66,-0.1
2024-12-06 12:27:56.215,87.97,511.0,0.25,0.96,-0.02,-0.16,-1.09,0.03
2024-12-06 12:27:56.218,87.75,505.0,0.25,0.96,-0.02,-0.1,-1.09,0.09
2024-12-06 12:27:56.224,83.47,509.0,0.25,0.96,-0.02,-0.1,-0.9,0.09
2024-12-06 12:27:56.230,86.4,510.0,0.25,0.96,-0.02,-0.16,-0.72,0.09
2024-12-06 12:27:56.242,84.6,510.0,0.25,0.96,-0.02,-0.1,-0.6,0.09
2024-12-06 12:27:56.248,85.28,515.0,0.25,0.96,-0.02,-0.1,-0.54,0.15
2024-12-06 12:27:56.256,88.42,503.0,0.25,0.96,-0.01,-0.1,-0.54,0.15
2024-12-06 12:27:56.264,87.75,500.0,0.25,0.96,-0.02,-0.03,-0.42,0.15
2024-12-06 12:27:56.271,85.95,514.0,0.25,0.96,-0.02,0.03,-0.23,0.09
2024-12-06 12:27:56.279,86.4,512.0,0.25,0.96,-0.02,0.03,-0.17,0.09
2024-12-06 12:27:56.287,86.4,501.0,0.25,0.96,-0.02,0.03,-0.29,0.03
2024-12-06 12:27:56.294,82.57,514.0,0.25,0.96,-0.02,0.03,-0.29,-0.1
2024-12-06 12:27:56.306,81.0,507.0,0.25,0.96,-0.02,0.03,-0.48,-0.1
2024-12-06 12:27:56.311,84.82,508.0,0.26,0.96,-0.02,0.03,-0.72,-0.16
2024-12-06 12:27:56.317,85.95,517.0,0.26,0.96,-0.02,0.03,-1.03,-0.22
2024-12-06 12:27:56.331,82.12,507.0,0.26,0.96,-0.01,0.09,-1.27,-0.28
2024-12-06 12:27:56.334,81.45,498.0,0.26,0.96,-0.01,0.03,-1.39,-0.4
2024-12-06 12:27:56.339,82.35,498.0,0.25,0.96,-0.01,0.03,-1.39,-0.4
2024-12-06 12:27:56.349,87.52,500.0,0.25,0.96,-0.01,-0.03,-1.33,-0.46
2024-12-06 12:27:56.356,89.55,494.0,0.25,0.96,-0.01,-0.1,-1.21,-0.58
2024-12-06 12:27:56.398,83.7,517.0,0.25,0.95,-0.02,-0.46,-0.66,-0.52
2024-12-06 12:27:56.402,86.62,520.0,0.25,0.95,-0.02,-0.52,-0.6,-0.52
2024-12-06 12:27:56.414,86.62,515.0,0.25,0.95,-0.02,-0.52,-0.66,-0.4
2024-12-06 12:27:56.428,85.95,502.0,0.26,0.95,-0.02,-0.52,-0.72,-0.4
2024-12-06 12:27:56.435,86.17,528.0,0.26,0.95,-0.02,-0.52,-0.66,-0.4
2024-12-06 12:27:56.452,85.95,491.0,0.25,0.96,-0.02,-0.34,-0.66,-0.4
2024-12-06 12:27:56.467,84.38,505.0,0.25,0.96,-0.02,-0.28,-0.42,-0.52
2024-12-06 12:27:56.475,85.95,507.0,0.26,0.96,-0.02,-0.28,-0.23,-0.58
2024-12-06 12:27:56.479,85.05,503.0,0.26,0.96,-0.02,-0.22,-0.11,-0.65
2024-12-06 12:27:56.485,83.03,517.0,0.26,0.96,-0.02,-0.22,-0.05,-0.71
2024-12-06 12:27:56.494,82.35,516.0,0.26,0.96,-0.02,-0.16,-0.05,-0.83
2024-12-06 12:27:56.500,86.17,520.0,0.26,0.96,-0.02,-0.16,-0.05,-0.83
2024-12-06 12:27:56.535,83.03,515.0,0.26,0.96,-0.02,-0.1,-0.23,-1.26
2024-12-06 12:27:56.538,87.07,506.0,0.26,0.96,-0.02,-0.1,-0.23,-1.26
2024-12-06 12:27:56.549,83.03,505.0,0.25,0.96,-0.02,0.03,-0.35,-1.32
2024-12-06 12:27:56.556,84.15,497.0,0.25,0.96,-0.02,0.09,-0.48,-1.32
2024-12-06 12:27:56.563,85.95,522.0,0.25,0.96,-0.02,0.09,-0.66,-1.26
2024-12-06 12:27:56.570,88.65,493.0,0.25,0.96,-0.02,0.03,-0.66,-1.19
2024-12-06 12:27:56.577,83.47,510.0,0.25,0.96,-0.02,-0.1,-0.72,-0.95
2024-12-06 12:27:56.588,85.28,513.0,0.25,0.96,-0.02,-0.1,-0.72,-0.95
2024-12-06 12:27:56.601,84.6,517.0,0.25,0.96,-0.02,-0.22,-0.72,-0.52
2024-12-06 12:27:56.608,82.57,513.0,0.25,0.96,-0.02,-0.22,-0.72,-0.28
2024-12-06 12:27:56.617,84.82,502.0,0.25,0.96,-0.02,-0.16,-0.72,-0.04
2024-12-06 12:27:56.625,81.9,514.0,0.25,0.96,-0.02,-0.1,-0.84,0.15
2024-12-06 12:27:56.633,82.8,512.0,0.25,0.96,-0.02,-0.1,-0.84,0.15
2024-12-06 12:27:56.639,83.47,548.0,0.25,0.96,-0.02,-0.03,-0.97,0.21
2024-12-06 12:27:56.648,87.07,503.0,0.25,0.96,-0.02,-0.03,-1.09,0.33
2024-12-06 12:27:56.656,88.2,511.0,0.25,0.96,-0.02,-0.03,-1.21,0.33
2024-12-06 12:27:56.665,85.5,517.0,0.25,0.96,-0.02,-0.03,-1.33,0.27
2024-12-06 12:27:56.672,86.17,494.0,0.25,0.96,-0.02,0.03,-1.33,0.21
2024-12-06 12:27:56.679,81.22,497.0,0.25,0.96,-0.02,0.03,-1.33,0.21
2024-12-06 12:27:56.691,85.72,522.0,0.25,0.96,-0.01,0.09,-1.27,0.21
2024-12-06 12:27:56.697,85.5,518.0,0.25,0.96,-0.01,0.21,-1.15,0.15
2024-12-06 12:27:56.701,84.38,509.0,0.25,0.96,-0.01,0.27,-0.9,0.15
2024-12-06 12:27:56.711,85.05,523.0,0.25,0.96,-0.01,0.33,-0.66,0.03
2024-12-06 12:27:56.730,88.88,516.0,0.25,0.96,-0.01,0.33,-0.66,0.03
2024-12-06 12:27:56.733,88.65,511.0,0.25,0.96,-0.02,0.39,-0.42,-0.04
2024-12-06 12:27:56.741,81.0,522.0,0.25,0.96,-0.02,0.39,-0.35,-0.1
2024-12-06 12:27:56.749,81.0,524.0,0.25,0.96,-0.02,0.39,-0.35,-0.1
2024-12-06 12:27:56.756,85.05,514.0,0.25,0.96,-0.02,0.39,-0.42,-0.04
2024-12-06 12:27:56.804,83.25,513.0,0.25,0.96,-0.02,0.64,-0.78,-0.1
2024-12-06 12:27:56.815,85.95,505.0,0.25,0.96,-0.01,0.64,-0.72,-0.04
2024-12-06 12:27:56.818,83.03,502.0,0.25,0.96,-0.01,0.58,-0.6,0.03
2024-12-06 12:27:56.824,82.8,503.0,0.25,0.96,-0.01,0.51,-0.48,0.09
2024-12-06 12:27:56.841,88.65,513.0,0.25,0.96,-0.01,0.39,-0.48,0.15
2024-12-06 12:27:56.843,87.97,500.0,0.25,0.96,-0.01,0.39,-0.48,0.15
2024-12-06 12:27:56.847,87.07,507.0,0.24,0.96,-0.02,0.27,-0.48,0.21
2024-12-06 12:27:56.856,85.28,508.0,0.24,0.96,-0.02,0.27,-0.42,0.21
2024-12-06 12:27:56.863,81.22,520.0,0.24,0.96,-0.02,0.21,-0.48,0.27
2024-12-06 12:27:56.873,85.05,502.0,0.24,0.96,-0.02,0.09,-0.48,0.33
2024-12-06 12:27:56.880,88.2,515.0,0.24,0.96,-0.02,0.15,-0.6,0.39
2024-12-06 12:27:56.887,81.22,504.0,0.25,0.96,-0.02,0.15,-0.6,0.39
2024-12-06 12:27:56.894,85.28,512.0,0.25,0.96,-0.02,0.21,-0.78,0.58
2024-12-06 12:27:56.902,87.75,498.0,0.24,0.96,-0.02,0.21,-0.84,0.64
2024-12-06 12:27:56.914,86.17,506.0,0.24,0.96,-0.02,0.27,-0.78,0.76
2024-12-06 12:27:56.935,84.15,514.0,0.25,0.96,-0.02,0.27,-0.72,1.0
2024-12-06 12:27:56.941,87.52,506.0,0.25,0.96,-0.02,0.21,-0.6,1.06
2024-12-06 12:27:56.953,82.8,507.0,0.25,0.96,-0.02,0.21,-0.42,1.19
2024-12-06 12:27:56.960,88.2,501.0,0.25,0.96,-0.02,0.33,-0.29,1.19
2024-12-06 12:27:56.965,88.42,496.0,0.25,0.96,-0.02,0.45,-0.17,1.19
2024-12-06 12:27:57.0,82.8,516.0,0.25,0.96,-0.02,0.58,-0.05,1.25
2024-12-06 12:27:57.5,83.47,512.0,0.25,0.96,-0.02,0.7,0.01,1.12
2024-12-06 12:27:57.7,83.92,511.0,0.25,0.96,-0.02,0.7,0.01,1.06
2024-12-06 12:27:57.11,84.6,504.0,0.25,0.96,-0.02,0.7,-0.05,1.0
2024-12-06 12:27:57.22,86.4,500.0,0.25,0.96,-0.02,0.7,-0.05,1.0
2024-12-06 12:27:57.31,85.5,523.0,0.25,0.96,-0.02,0.76,-0.05,0.94
2024-12-06 12:27:57.34,86.85,507.0,0.24,0.96,-0.02,0.76,0.01,0.88
2024-12-06 12:27:57.51,85.95,507.0,0.24,0.96,-0.02,0.7,0.32,0.76
2024-12-06 12:27:57.66,86.85,518.0,0.24,0.96,-0.02,0.7,0.32,0.76
2024-12-06 12:27:57.74,86.85,514.0,0.24,0.96,-0.02,0.7,0.38,0.82
2024-12-06 12:27:57.83,83.7,502.0,0.25,0.96,-0.02,0.7,0.5,0.82
2024-12-06 12:27:57.86,82.12,512.0,0.25,0.96,-0.02,0.7,0.62,0.82
2024-12-06 12:27:57.88,83.92,514.0,0.25,0.96,-0.02,0.7,0.74,0.76
2024-12-06 12:27:57.96,85.5,494.0,0.25,0.95,-0.02,0.64,0.74,0.82
2024-12-06 12:27:57.106,85.72,494.0,0.25,0.95,-0.02,0.64,0.74,0.82
2024-12-06 12:27:57.114,87.75,502.0,0.25,0.95,-0.03,0.58,0.56,0.82
2024-12-06 12:27:57.122,83.7,508.0,0.25,0.95,-0.03,0.58,0.44,0.82
2024-12-06 12:27:57.220,85.5,521.0,0.25,0.96,-0.02,0.21,0.32,0.33
2024-12-06 12:27:57.227,85.5,520.0,0.25,0.96,-0.02,0.21,0.19,0.27
2024-12-06 12:27:57.232,82.57,497.0,0.25,0.96,-0.02,0.15,0.13,0.27
2024-12-06 12:27:57.248,83.92,516.0,0.25,0.95,-0.02,0.15,0.01,0.33
2024-12-06 12:27:57.258,83.47,506.0,0.25,0.95,-0.02,0.09,0.01,0.39
2024-12-06 12:27:57.268,82.57,499.0,0.25,0.96,-0.02,-0.03,0.13,0.45
2024-12-06 12:27:57.271,82.12,518.0,0.25,0.96,-0.02,-0.1,0.19,0.58
2024-12-06 12:27:57.279,83.47,502.0,0.25,0.96,-0.02,-0.16,0.32,0.64
2024-12-06 12:27:57.289,87.97,514.0,0.25,0.96,-0.02,-0.22,0.44,0.76
2024-12-06 12:27:57.311,88.42,498.0,0.25,0.96,-0.02,-0.22,0.44,0.76
2024-12-06 12:27:57.316,85.28,512.0,0.25,0.95,-0.03,-0.16,0.56,0.94
2024-12-06 12:27:57.323,85.95,507.0,0.26,0.95,-0.03,-0.16,0.38,1.0
2024-12-06 12:27:57.325,84.38,507.0,0.26,0.95,-0.03,-0.22,0.26,1.0
2024-12-06 12:27:57.332,86.62,503.0,0.26,0.95,-0.03,-0.22,0.26,1.0
2024-12-06 12:27:57.392,85.05,504.0,0.25,0.96,-0.02,-0.22,-0.54,0.64
2024-12-06 12:27:57.395,84.15,523.0,0.25,0.96,-0.02,-0.22,-0.42,0.39
2024-12-06 12:27:57.402,87.07,509.0,0.25,0.96,-0.02,-0.16,-0.29,0.33
2024-12-06 12:27:57.420,86.17,504.0,0.25,0.96,-0.02,-0.16,-0.23,0.21
2024-12-06 12:27:57.550,87.07,493.0,0.25,0.96,-0.02,-0.4,-0.78,0.58
2024-12-06 12:27:57.565,86.4,512.0,0.25,0.96,-0.02,-0.4,-0.78,0.58
2024-12-06 12:27:57.569,88.2,527.0,0.25,0.96,-0.03,-0.4,-0.84,0.58
2024-12-06 12:27:57.572,83.25,506.0,0.25,0.96,-0.03,-0.4,-0.97,0.64
2024-12-06 12:27:57.580,83.47,503.0,0.25,0.96,-0.03,-0.34,-1.03,0.7
2024-12-06 12:27:57.590,81.67,513.0,0.25,0.96,-0.03,-0.28,-1.03,0.82
2024-12-06 12:27:57.595,83.7,508.0,0.25,0.96,-0.03,-0.28,-1.03,0.82
2024-12-06 12:27:57.605,85.95,520.0,0.25,0.96,-0.03,-0.28,-1.03,0.88
2024-12-06 12:27:57.621,89.1,506.0,0.25,0.96,-0.02,-0.16,-0.97,1.0
2024-12-06 12:27:57.631,88.65,497.0,0.25,0.96,-0.02,-0.16,-0.84,1.0
2024-12-06 12:27:57.634,82.8,512.0,0.25,0.96,-0.02,-0.1,-0.78,0.94
2024-12-06 12:27:57.666,86.17,474.0,0.25,0.96,-0.02,0.09,-0.66,0.76
2024-12-06 12:27:57.672,87.97,507.0,0.25,0.96,-0.02,0.09,-0.66,0.7
2024-12-06 12:27:57.679,83.92,525.0,0.26,0.95,-0.02,0.09,-0.66,0.7
2024-12-06 12:27:57.707,88.65,494.0,0.25,0.96,-0.02,-0.16,-0.84,0.51
2024-12-06 12:27:57.710,86.4,520.0,0.25,0.96,-0.02,-0.16,-0.84,0.45
2024-12-06 12:27:57.722,86.17,502.0,0.25,0.96,-0.02,-0.16,-0.84,0.33
2024-12-06 12:27:57.726,82.57,566.0,0.25,0.96,-0.02,-0.22,-0.84,0.33
2024-12-06 12:27:57.735,87.75,498.0,0.25,0.96,-0.02,-0.28,-0.84,0.27
2024-12-06 12:27:57.745,84.6,512.0,0.25,0.96,-0.02,-0.22,-0.78,0.21
2024-12-06 12:27:57.752,87.75,500.0,0.25,0.96,-0.02,-0.28,-0.72,0.15
2024-12-06 12:27:57.757,87.07,507.0,0.25,0.96,-0.02,-0.34,-0.78,0.15
2024-12-06 12:27:57.770,83.03,504.0,0.26,0.96,-0.02,-0.34,-0.78,0.15
2024-12-06 12:27:57.774,85.5,495.0,0.26,0.95,-0.02,-0.34,-0.84,0.15
2024-12-06 12:27:57.780,84.82,500.0,0.26,0.95,-0.02,-0.46,-0.9,0.09
2024-12-06 12:27:57.793,85.72,505.0,0.26,0.95,-0.03,-0.58,-1.09,0.09
2024-12-06 12:27:57.799,88.2,501.0,0.26,0.95,-0.03,-0.64,-1.21,0.09
2024-12-06 12:27:57.809,85.05,508.0,0.26,0.95,-0.03,-0.71,-1.33,0.15
2024-12-06 12:27:57.821,84.38,515.0,0.26,0.95,-0.03,-0.64,-1.51,0.21
2024-12-06 12:27:57.825,87.07,504.0,0.26,0.95,-0.02,-0.64,-1.51,0.21
2024-12-06 12:27:57.828,81.0,515.0,0.26,0.96,-0.02,-0.52,-1.45,0.27
2024-12-06 12:27:57.836,85.28,499.0,0.26,0.96,-0.02,-0.52,-1.33,0.33
2024-12-06 12:27:57.850,82.8,512.0,0.26,0.96,-0.02,-0.46,-1.15,0.39
2024-12-06 12:27:57.853,82.12,524.0,0.26,0.96,-0.02,-0.46,-1.03,0.51
2024-12-06 12:27:57.859,85.28,500.0,0.26,0.96,-0.02,-0.46,-1.03,0.51
2024-12-06 12:27:57.901,83.03,505.0,0.25,0.96,-0.02,-0.46,-0.72,0.51
2024-12-06 12:27:57.906,83.03,514.0,0.25,0.96,-0.02,-0.46,-0.72,0.51
2024-12-06 12:27:57.913,84.6,516.0,0.25,0.96,-0.02,-0.52,-0.6,0.51
2024-12-06 12:27:57.915,85.05,518.0,0.25,0.96,-0.02,-0.58,-0.54,0.51
2024-12-06 12:27:57.919,83.25,502.0,0.25,0.96,-0.02,-0.58,-0.54,0.45
2024-12-06 12:27:57.930,83.03,515.0,0.25,0.96,-0.02,-0.52,-0.48,0.45
2024-12-06 12:27:57.937,86.85,508.0,0.25,0.96,-0.02,-0.46,-0.42,0.51
2024-12-06 12:27:57.944,86.62,505.0,0.25,0.96,-0.02,-0.46,-0.42,0.51
2024-12-06 12:27:57.953,85.5,507.0,0.25,0.96,-0.02,-0.46,-0.35,0.45
2024-12-06 12:27:57.958,86.4,510.0,0.25,0.96,-0.02,-0.52,-0.23,0.45
2024-12-06 12:27:57.966,86.85,506.0,0.25,0.96,-0.02,-0.52,-0.05,0.45
2024-12-06 12:27:57.973,88.42,520.0,0.25,0.96,-0.02,-0.58,0.01,0.51
2024-12-06 12:27:57.983,85.72,516.0,0.26,0.96,-0.02,-0.58,0.01,0.51
2024-12-06 12:27:57.996,85.5,525.0,0.26,0.95,-0.02,-0.58,0.07,0.45
2024-12-06 12:27:57.999,81.22,503.0,0.26,0.95,-0.02,-0.52,0.07,0.45
2024-12-06 12:27:58.16,88.2,504.0,0.26,0.95,-0.02,-0.46,0.01,0.45
2024-12-06 12:27:58.20,86.62,511.0,0.26,0.95,-0.02,-0.4,-0.05,0.45
2024-12-06 12:27:58.22,89.77,506.0,0.26,0.95,-0.02,-0.4,-0.11,0.39
2024-12-06 12:27:58.28,82.12,508.0,0.26,0.96,-0.02,-0.4,-0.11,0.39
2024-12-06 12:27:58.35,85.28,498.0,0.26,0.96,-0.02,-0.46,-0.23,0.33
2024-12-06 12:27:58.52,85.5,503.0,0.26,0.96,-0.02,-0.4,-0.29,0.21
2024-12-06 12:27:58.59,85.28,500.0,0.26,0.96,-0.02,-0.46,-0.42,0.09
2024-12-06 12:27:58.64,84.38,512.0,0.26,0.96,-0.02,-0.34,-0.48,0.03
2024-12-06 12:27:58.67,85.95,510.0,0.26,0.96,-0.02,-0.34,-0.48,0.03
2024-12-06 12:27:58.75,83.92,509.0,0.26,0.96,-0.02,-0.34,-0.48,-0.04
2024-12-06 12:27:58.83,88.2,504.0,0.25,0.96,-0.02,-0.34,-0.42,-0.04
2024-12-06 12:27:58.116,82.8,505.0,0.25,0.95,-0.02,-0.4,-0.23,0.15
2024-12-06 12:27:58.121,86.85,508.0,0.26,0.95,-0.02,-0.46,-0.17,0.15
2024-12-06 12:27:58.130,85.5,507.0,0.26,0.95,-0.02,-0.52,-0.23,0.21
2024-12-06 12:27:58.140,87.75,519.0,0.26,0.96,-0.02,-0.58,-0.29,0.21
2024-12-06 12:27:58.144,83.25,508.0,0.26,0.96,-0.02,-0.64,-0.42,0.21
2024-12-06 12:27:58.158,88.42,513.0,0.26,0.96,-0.02,-0.64,-0.42,0.21
2024-12-06 12:27:58.161,87.07,510.0,0.26,0.96,-0.02,-0.64,-0.6,0.21
2024-12-06 12:27:58.166,80.1,494.0,0.26,0.96,-0.02,-0.58,-0.84,0.21
2024-12-06 12:27:58.267,88.88,505.0,0.25,0.96,-0.02,-0.58,-0.6,0.33
2024-12-06 12:27:58.272,88.2,500.0,0.25,0.96,-0.02,-0.52,-0.66,0.27
2024-12-06 12:27:58.280,82.57,510.0,0.25,0.96,-0.02,-0.46,-0.66,0.27
2024-12-06 12:27:58.290,83.7,495.0,0.25,0.96,-0.02,-0.34,-0.72,0.27
2024-12-06 12:27:58.297,85.95,507.0,0.25,0.96,-0.02,-0.34,-0.6,0.21
2024-12-06 12:27:58.304,83.03,499.0,0.25,0.96,-0.02,-0.34,-0.54,0.21
2024-12-06 12:27:58.338,86.17,513.0,0.25,0.96,-0.02,-0.34,-0.54,0.21
2024-12-06 12:27:58.342,90.22,519.0,0.25,0.96,-0.02,-0.1,0.01,0.27
2024-12-06 12:27:58.351,87.97,520.0,0.26,0.96,-0.02,-0.1,0.01,0.27
2024-12-06 12:27:58.357,86.4,522.0,0.26,0.96,-0.02,-0.03,0.07,0.21
2024-12-06 12:27:58.366,89.32,498.0,0.26,0.96,-0.02,0.03,0.07,0.15
2024-12-06 12:27:58.376,86.62,508.0,0.26,0.96,-0.02,0.09,0.01,0.15
2024-12-06 12:27:58.384,86.17,492.0,0.26,0.96,-0.02,0.09,-0.05,0.03
2024-12-06 12:27:58.398,85.5,504.0,0.26,0.96,-0.02,0.15,-0.17,-0.1
2024-12-06 12:27:58.400,85.5,503.0,0.26,0.96,-0.02,0.15,-0.17,-0.1
2024-12-06 12:27:58.404,87.3,498.0,0.26,0.96,-0.02,0.21,-0.23,-0.16
2024-12-06 12:27:58.413,83.25,508.0,0.26,0.96,-0.02,0.21,-0.23,-0.22
2024-12-06 12:27:58.424,83.03,511.0,0.25,0.96,-0.02,0.27,-0.11,-0.22
2024-12-06 12:27:58.430,81.22,506.0,0.25,0.96,-0.02,0.27,0.01,-0.22
2024-12-06 12:27:58.438,86.17,498.0,0.25,0.96,-0.02,0.27,0.13,-0.16
2024-12-06 12:27:58.443,83.25,517.0,0.25,0.96,-0.02,0.15,0.13,-0.16
2024-12-06 12:27:58.451,84.6,513.0,0.25,0.96,-0.02,0.09,0.26,-0.04
2024-12-06 12:27:58.463,85.72,506.0,0.25,0.95,-0.02,0.03,0.26,0.09
2024-12-06 12:27:58.474,88.2,503.0,0.26,0.95,-0.02,-0.03,0.26,0.21
2024-12-06 12:27:58.476,87.07,501.0,0.26,0.95,-0.02,-0.1,0.13,0.33
2024-12-06 12:27:58.483,88.42,514.0,0.26,0.95,-0.02,-0.1,0.13,0.33
2024-12-06 12:27:58.493,84.82,516.0,0.26,0.95,-0.03,-0.16,-0.05,0.51
2024-12-06 12:27:58.496,86.17,510.0,0.26,0.95,-0.03,-0.16,-0.23,0.51
2024-12-06 12:27:58.511,84.15,511.0,0.26,0.96,-0.02,-0.1,-0.35,0.51
2024-12-06 12:27:58.513,77.62,517.0,0.26,0.96,-0.02,-0.03,-0.42,0.51
2024-12-06 12:27:58.521,84.82,506.0,0.26,0.96,-0.02,0.03,-0.35,0.51
2024-12-06 12:27:58.531,86.62,522.0,0.26,0.95,-0.02,0.03,-0.35,0.51
2024-12-06 12:27:58.566,87.75,519.0,0.26,0.96,-0.02,0.03,-0.05,0.39
2024-12-06 12:27:58.581,82.57,516.0,0.25,0.96,-0.02,0.03,-0.05,0.27
2024-12-06 12:27:58.584,87.52,512.0,0.25,0.96,-0.02,-0.03,-0.05,0.27
2024-12-06 12:27:58.591,88.42,504.0,0.25,0.96,-0.02,-0.1,0.01,0.27
2024-12-06 12:27:58.602,87.97,520.0,0.25,0.96,-0.02,-0.16,0.07,0.27
2024-12-06 12:27:58.609,87.75,500.0,0.25,0.96,-0.02,-0.16,0.07,0.27
2024-12-06 12:27:58.613,87.97,503.0,0.25,0.95,-0.02,-0.22,0.01,0.27
2024-12-06 12:27:58.621,83.25,524.0,0.26,0.95,-0.02,-0.22,-0.05,0.33
2024-12-06 12:27:58.640,87.75,502.0,0.26,0.95,-0.02,-0.16,-0.11,0.33
2024-12-06 12:27:58.642,81.9,505.0,0.25,0.95,-0.02,-0.22,-0.05,0.33
2024-12-06 12:27:59.650,86.4,497.0,0.25,0.96,-0.03,-0.1,-0.48,0.03
2024-12-06 12:27:59.697,84.82,512.0,0.25,0.96,-0.03,-0.1,-0.23,0.27
2024-12-06 12:27:59.700,85.28,505.0,0.25,1.0,-0.01,-1.26,-4.26,1.86
2024-12-06 12:27:59.727,78.75,539.0,0.23,1.12,-0.05,-3.57,-5.85,8.75
2024-12-06 12:27:59.754,74.92,522.0,0.22,1.01,-0.09,-4.37,-0.29,13.39
2024-12-06 12:27:59.785,75.38,526.0,0.25,0.89,-0.05,-4.67,-5.24,16.26
2024-12-06 12:27:59.811,73.8,496.0,0.26,0.82,-0.02,-6.32,-7.01,14.74
2024-12-06 12:27:59.837,72.67,508.0,0.3,0.89,0.03,-6.5,-4.75,11.2
2024-12-06 12:27:59.867,68.62,495.0,0.33,0.97,0.04,-4.8,-0.6,7.47
2024-12-06 12:27:59.893,72.0,489.0,0.33,0.96,0.01,-0.89,0.87,4.6
2024-12-06 12:27:59.924,70.88,502.0,0.34,0.93,-0.02,1.31,1.35,0.82
2024-12-06 12:27:59.948,73.12,494.0,0.32,0.97,-0.02,1.8,-3.28,0.21
2024-12-06 12:27:59.975,65.47,487.0,0.27,0.93,-0.02,1.61,-3.65,-0.89
2024-12-06 12:28:00.8,63.9,483.0,0.27,0.92,-0.0,1.37,0.68,-0.4
2024-12-06 12:28:00.30,67.05,483.0,0.27,0.92,0.0,0.45,3.19,-1.32
2024-12-06 12:28:00.58,60.07,493.0,0.3,0.91,0.0,-0.46,2.94,-3.45
2024-12-06 12:28:00.86,65.92,469.0,0.31,0.95,-0.0,-1.01,1.42,-4.06
2024-12-06 12:28:00.114,58.27,477.0,0.28,0.94,-0.02,-0.52,-0.35,-6.32
2024-12-06 12:28:00.150,61.88,483.0,0.29,0.93,-0.0,-0.28,-0.84,-9.07
2024-12-06 12:28:00.169,61.65,459.0,0.28,0.94,-0.0,0.09,-0.78,-11.45
2024-12-06 12:28:00.198,58.05,479.0,0.28,0.96,-0.0,-0.16,-0.29,-13.04
2024-12-06 12:28:00.232,60.07,492.0,0.27,0.98,-0.02,0.09,-0.11,-12.12
2024-12-06 12:28:00.252,56.7,474.0,0.26,0.97,-0.03,0.51,-1.33,-10.53
2024-12-06 12:28:00.372,55.8,482.0,0.24,0.98,-0.02,-1.07,-0.97,-4.49
2024-12-06 12:28:00.391,51.97,460.0,0.24,0.98,-0.01,-0.77,-0.66,-3.03
2024-12-06 12:28:00.416,52.65,469.0,0.24,0.97,-0.02,-0.28,0.01,-3.51
2024-12-06 12:28:00.445,47.92,526.0,0.25,0.97,-0.03,0.58,0.01,-3.09
2024-12-06 12:28:00.472,50.85,478.0,0.23,0.96,-0.03,1.49,-0.84,-3.45
2024-12-06 12:28:00.500,46.57,460.0,0.23,0.97,-0.02,1.74,-2.31,-3.76
2024-12-06 12:28:00.526,43.88,458.0,0.22,0.97,-0.01,1.98,-1.88,-4.25
2024-12-06 12:28:00.559,45.45,480.0,0.21,0.96,-0.02,2.16,-0.23,-3.94
2024-12-06 12:28:00.603,42.08,463.0,0.22,0.96,-0.01,2.41,1.29,-4.19
2024-12-06 12:28:00.613,44.32,469.0,0.22,0.96,-0.01,2.16,1.72,-3.15
2024-12-06 12:28:00.642,41.62,469.0,0.22,0.96,-0.01,1.98,0.99,-3.15
2024-12-06 12:28:00.668,37.12,461.0,0.22,0.97,-0.02,1.67,1.54,-3.51
2024-12-06 12:28:00.696,40.72,459.0,0.21,0.97,-0.02,1.55,1.29,-3.76
2024-12-06 12:28:00.721,34.42,466.0,0.21,0.97,-0.02,1.37,0.93,-4.55
2024-12-06 12:28:00.748,37.35,484.0,0.21,0.98,-0.03,1.19,1.78,-4.37
2024-12-06 12:28:00.776,32.62,462.0,0.2,0.98,-0.03,1.19,2.76,-3.94
2024-12-06 12:28:00.804,38.7,460.0,0.22,0.98,-0.04,1.43,3.73,-2.11
2024-12-06 12:28:00.833,33.75,454.0,0.21,0.97,-0.03,1.74,4.34,-1.01
2024-12-06 12:28:00.859,29.92,463.0,0.2,0.96,-0.03,1.43,4.47,-1.56
2024-12-06 12:28:00.905,34.42,475.0,0.2,0.96,-0.02,1.19,5.02,-2.54
2024-12-06 12:28:00.914,33.08,469.0,0.21,0.97,-0.02,1.13,5.2,-2.9
2024-12-06 12:28:00.943,27.9,457.0,0.2,0.97,-0.01,0.64,4.16,-3.7
2024-12-06 12:28:00.970,26.32,451.0,0.19,0.96,-0.02,-0.16,3.06,-5.47
2024-12-06 12:28:00.998,29.47,458.0,0.21,0.97,-0.03,0.15,2.27,-5.65
2024-12-06 12:28:01.25,27.9,470.0,0.2,0.98,-0.03,0.51,2.57,-4.31
2024-12-06 12:28:01.60,26.55,451.0,0.18,0.97,-0.03,0.39,2.7,-3.64
2024-12-06 12:28:01.95,24.3,478.0,0.17,0.97,-0.02,-0.28,4.22,-4.92
2024-12-06 12:28:01.112,23.62,452.0,0.18,0.97,-0.02,-0.4,7.27,-3.94
2024-12-06 12:28:01.137,23.62,436.0,0.17,0.98,-0.03,0.09,9.9,-3.58
2024-12-06 12:28:01.165,23.17,462.0,0.18,0.98,-0.02,0.09,10.14,-3.15
2024-12-06 12:28:01.196,20.02,453.0,0.17,0.98,-0.04,1.13,10.14,-3.09
2024-12-06 12:28:01.221,18.9,464.0,0.18,0.98,-0.03,1.74,10.63,-2.72
2024-12-06 12:28:01.280,20.7,469.0,0.18,0.99,-0.04,2.59,11.0,-1.87
2024-12-06 12:28:01.305,18.23,450.0,0.18,0.99,-0.03,2.65,10.39,-0.89
2024-12-06 12:28:01.308,17.32,445.0,0.17,0.98,-0.02,1.74,8.56,0.03
2024-12-06 12:28:01.410,14.85,477.0,0.17,0.97,-0.01,1.13,7.88,-0.4
2024-12-06 12:28:01.416,16.88,463.0,0.19,0.98,-0.01,1.98,9.96,-0.4
2024-12-06 12:28:01.438,14.85,472.0,0.19,0.97,-0.02,1.86,9.41,-0.4
2024-12-06 12:28:01.470,10.57,455.0,0.19,0.97,-0.02,1.92,9.04,0.21
2024-12-06 12:28:01.511,9.68,455.0,0.18,0.96,-0.02,1.61,8.43,-0.04
2024-12-06 12:28:01.521,3.6,458.0,0.18,0.96,-0.02,1.13,6.66,-0.46
2024-12-06 12:28:01.549,2.25,477.0,0.18,0.97,-0.02,0.76,5.75,-0.34
2024-12-06 12:28:01.578,5.62,463.0,0.19,0.98,-0.03,0.51,5.5,1.37
2024-12-06 12:28:01.613,5.62,461.0,0.18,0.97,-0.05,0.64,5.2,2.83
2024-12-06 12:28:01.639,4.72,470.0,0.18,0.96,-0.03,0.39,3.98,3.26
2024-12-06 12:28:01.667,3.82,473.0,0.19,0.97,-0.03,0.09,2.57,3.69
2024-12-06 12:28:01.696,0.9,463.0,0.2,0.98,-0.02,0.27,2.27,3.87
2024-12-06 12:28:01.732,-1.12,470.0,0.2,0.98,-0.01,0.33,2.39,4.54
2024-12-06 12:28:01.739,3.15,462.0,0.2,0.98,-0.02,0.33,2.39,4.54
2024-12-06 12:28:01.749,0.22,473.0,0.2,0.97,-0.02,0.27,2.57,4.73
2024-12-06 12:28:01.753,-0.9,456.0,0.2,0.97,-0.02,0.33,2.39,4.97
2024-12-06 12:28:01.760,-0.22,459.0,0.19,0.97,-0.02,0.45,1.96,5.03
2024-12-06 12:28:01.768,1.8,476.0,0.19,0.97,-0.02,0.27,1.84,4.73
2024-12-06 12:28:01.781,-1.35,456.0,0.18,0.96,-0.02,0.21,0.93,4.24
2024-12-06 12:28:01.795,2.02,470.0,0.18,0.96,-0.02,0.21,0.93,4.24
2024-12-06 12:28:01.798,1.57,461.0,0.17,0.96,-0.01,0.15,0.13,3.57
2024-12-06 12:28:01.808,0.45,453.0,0.18,0.95,-0.01,-0.1,-0.42,2.77
2024-12-06 12:28:01.819,-4.5,473.0,0.17,0.95,-0.01,-0.4,-1.33,1.92
2024-12-06 12:28:01.821,2.25,463.0,0.17,0.95,-0.01,-0.46,-1.64,1.12
2024-12-06 12:28:01.829,1.8,459.0,0.17,0.95,-0.01,-0.46,-1.64,1.12
2024-12-06 12:28:01.835,-2.47,477.0,0.16,0.95,-0.01,-0.58,-2.12,0.09
2024-12-06 12:28:01.838,0.67,473.0,0.15,0.95,-0.02,-0.46,-2.67,-1.5
2024-12-06 12:28:01.849,0.67,475.0,0.17,0.95,-0.01,-0.71,-2.0,-2.84
2024-12-06 12:28:01.858,2.02,468.0,0.17,0.95,-0.01,-0.77,-1.76,-3.51
2024-12-06 12:28:01.862,-3.15,464.0,0.19,0.96,-0.01,-0.58,-1.21,-3.27
2024-12-06 12:28:01.885,-0.9,479.0,0.19,0.99,-0.02,-0.28,-0.23,-2.11
2024-12-06 12:28:01.905,-2.25,460.0,0.18,0.98,-0.02,-0.52,0.26,-2.29
2024-12-06 12:28:01.916,-1.8,464.0,0.17,0.98,-0.03,-0.64,0.5,-2.54
2024-12-06 12:28:01.922,-1.35,483.0,0.18,0.98,-0.03,-0.71,1.05,-2.54
2024-12-06 12:28:01.930,-3.38,488.0,0.18,0.98,-0.03,-0.64,1.35,-2.48
2024-12-06 12:28:01.970,2.7,460.0,0.17,0.97,-0.04,-0.28,2.64,-2.29
2024-12-06 12:28:01.973,1.8,457.0,0.18,0.97,-0.03,-0.16,2.76,-2.29
2024-12-06 12:28:01.980,0.45,489.0,0.18,0.97,-0.03,-0.03,2.57,-2.11
2024-12-06 12:28:01.984,0.67,443.0,0.18,0.97,-0.03,-0.03,2.57,-2.11
2024-12-06 12:28:01.998,2.92,469.0,0.18,0.97,-0.03,0.03,2.21,-1.99
2024-12-06 12:28:02.2,-4.28,467.0,0.18,0.97,-0.03,0.03,2.09,-1.87
2024-12-06 12:28:02.6,0.67,469.0,0.18,0.98,-0.03,-0.03,1.84,-1.81
2024-12-06 12:28:02.19,0.22,476.0,0.18,0.98,-0.03,-0.1,1.23,-1.62
2024-12-06 12:28:02.25,0.67,474.0,0.19,0.98,-0.03,-0.03,0.8,-1.44
2024-12-06 12:28:02.29,-2.02,462.0,0.19,0.98,-0.03,-0.03,0.8,-1.44
2024-12-06 12:28:02.37,-1.57,469.0,0.19,0.98,-0.02,0.03,0.62,-1.26
2024-12-06 12:28:02.46,-1.12,467.0,0.19,0.98,-0.02,0.15,0.38,-1.01
2024-12-06 12:28:02.56,0.22,466.0,0.19,0.98,-0.02,0.27,0.32,-0.89
2024-12-06 12:28:02.68,-4.28,478.0,0.19,0.98,-0.02,0.39,0.38,-0.71
2024-12-06 12:28:02.71,-1.35,475.0,0.19,0.98,-0.02,0.39,0.38,-0.71
2024-12-06 12:28:02.77,2.47,485.0,0.19,0.98,-0.02,0.51,0.38,-0.52
2024-12-06 12:28:02.89,0.67,488.0,0.19,0.98,-0.02,0.7,0.38,-0.28
2024-12-06 12:28:02.91,0.45,471.0,0.19,0.98,-0.02,0.82,0.44,0.03
2024-12-06 12:28:02.106,-1.35,493.0,0.19,0.98,-0.02,0.82,0.62,0.21
2024-12-06 12:28:02.111,-2.02,468.0,0.18,0.98,-0.02,0.76,0.93,0.39
2024-12-06 12:28:02.116,-5.17,462.0,0.18,0.97,-0.02,0.76,0.93,0.39
2024-12-06 12:28:02.131,-1.57,490.0,0.18,0.97,-0.02,0.76,1.17,0.58
2024-12-06 12:28:02.153,2.47,491.0,0.19,0.97,-0.02,0.58,1.84,1.12
2024-12-06 12:28:02.184,0.0,471.0,0.19,0.97,-0.02,0.33,1.9,2.53
2024-12-06 12:28:02.190,-3.15,467.0,0.19,0.97,-0.03,0.33,1.9,2.53
2024-12-06 12:28:02.197,-0.22,458.0,0.19,0.97,-0.02,0.15,1.54,2.35
2024-12-06 12:28:02.207,-3.38,486.0,0.2,0.97,-0.02,0.03,1.05,2.16
2024-12-06 12:28:02.218,-3.15,482.0,0.2,0.97,-0.01,-0.03,0.26,2.04
2024-12-06 12:28:02.221,-0.67,474.0,0.2,0.97,-0.01,-0.1,-0.66,1.92
2024-12-06 12:28:02.233,-2.02,472.0,0.2,0.97,-0.01,-0.1,-0.66,1.67
2024-12-06 12:28:02.241,2.47,461.0,0.2,0.97,-0.01,-0.03,-1.39,1.67
2024-12-06 12:28:02.244,0.9,471.0,0.2,0.97,-0.01,-0.03,-2.12,1.31
2024-12-06 12:28:02.253,2.47,460.0,0.19,0.97,-0.02,-0.1,-2.55,1.0
2024-12-06 12:28:02.264,2.47,481.0,0.19,0.97,-0.02,-0.1,-2.74,0.7
2024-12-06 12:28:02.276,0.0,478.0,0.19,0.97,-0.02,-0.1,-2.74,0.45
2024-12-06 12:28:02.279,-3.15,458.0,0.19,0.97,-0.02,-0.1,-2.74,0.45
2024-12-06 12:28:02.285,0.45,487.0,0.19,0.97,-0.02,-0.03,-2.74,0.21
2024-12-06 12:28:02.301,0.0,480.0,0.19,0.97,-0.02,-0.03,-2.55,0.03
2024-12-06 12:28:02.305,-2.25,500.0,0.19,0.97,-0.02,-0.1,-2.43,-0.1
2024-12-06 12:28:02.308,1.8,486.0,0.19,0.97,-0.02,-0.1,-2.43,-0.1
2024-12-06 12:28:02.321,-2.25,461.0,0.19,0.97,-0.02,-0.1,-2.43,-0.1
2024-12-06 12:28:02.350,1.8,486.0,0.19,0.97,-0.02,-0.52,-3.47,-0.1
2024-12-06 12:28:02.362,-2.02,465.0,0.19,0.97,-0.02,-0.52,-3.47,-0.1
2024-12-06 12:28:02.365,-3.38,466.0,0.19,0.97,-0.02,-0.64,-3.53,-0.22
2024-12-06 12:28:02.367,2.02,471.0,0.19,0.97,-0.02,-0.71,-3.71,-0.22
2024-12-06 12:28:02.462,-4.28,475.0,0.19,0.97,-0.03,-0.71,-3.89,-0.16
2024-12-06 12:28:02.470,0.22,489.0,0.18,0.97,-0.03,-0.58,-2.61,0.03
2024-12-06 12:28:02.481,1.8,474.0,0.18,0.97,-0.03,-0.52,-2.19,0.21
2024-12-06 12:28:02.489,0.45,473.0,0.18,0.97,-0.03,-0.4,-1.76,0.51
2024-12-06 12:28:02.494,2.7,483.0,0.18,0.97,-0.03,-0.34,-1.33,0.82
2024-12-06 12:28:02.503,3.15,469.0,0.18,0.98,-0.03,-0.34,-1.33,0.82
2024-12-06 12:28:02.509,0.67,484.0,0.18,0.98,-0.03,-0.34,-0.9,0.94
2024-12-06 12:28:02.517,-5.17,466.0,0.18,0.97,-0.03,-0.28,-0.6,1.06
2024-12-06 12:28:02.534,-0.22,459.0,0.18,0.97,-0.03,-0.22,-0.42,1.06
2024-12-06 12:28:02.539,2.47,471.0,0.18,0.97,-0.03,-0.28,-0.29,1.0
2024-12-06 12:28:02.543,2.92,475.0,0.18,0.97,-0.03,-0.28,-0.29,1.0
2024-12-06 12:28:02.547,-0.9,470.0,0.18,0.97,-0.03,-0.28,-0.35,0.94
2024-12-06 12:28:02.560,0.0,455.0,0.19,0.97,-0.02,-0.22,-0.66,0.88
2024-12-06 12:28:02.563,0.9,480.0,0.19,0.97,-0.02,-0.16,-1.15,0.82
2024-12-06 12:28:02.570,-5.17,462.0,0.19,0.97,-0.02,-0.1,-1.45,0.64
2024-12-06 12:28:02.581,0.0,476.0,0.18,0.98,-0.02,-0.1,-1.7,0.45
2024-12-06 12:28:02.587,-2.47,469.0,0.18,0.98,-0.02,-0.1,-1.7,0.45
2024-12-06 12:28:02.600,-1.57,471.0,0.18,0.98,-0.02,-0.1,-2.06,0.33
2024-12-06 12:28:02.602,-1.12,472.0,0.18,0.98,-0.02,-0.1,-2.31,0.27
2024-12-06 12:28:02.634,-2.47,468.0,0.18,0.97,-0.02,-0.22,-2.06,0.51
2024-12-06 12:28:02.640,-1.8,468.0,0.18,0.97,-0.02,-0.28,-1.94,0.64
2024-12-06 12:28:02.647,0.45,468.0,0.18,0.97,-0.03,-0.28,-1.7,0.58
2024-12-06 12:28:02.656,0.67,486.0,0.18,0.97,-0.03,-0.34,-1.39,0.51
2024-12-06 12:28:02.682,-2.25,465.0,0.19,0.97,-0.02,-0.46,-1.09,0.39
2024-12-06 12:28:02.690,0.22,486.0,0.19,0.97,-0.02,-0.4,-1.21,0.45
2024-12-06 12:28:02.696,-1.35,489.0,0.19,0.97,-0.02,-0.28,-1.45,0.51
2024-12-06 12:28:02.703,1.35,481.0,0.19,0.97,-0.02,-0.28,-1.45,0.51
2024-12-06 12:28:02.725,1.12,471.0,0.18,0.97,-0.02,-0.4,-1.39,0.45
2024-12-06 12:28:02.730,-2.25,475.0,0.18,0.97,-0.02,-0.46,-1.7,0.39
2024-12-06 12:28:02.741,-0.22,480.0,0.18,0.97,-0.02,-0.52,-1.88,0.39
2024-12-06 12:28:02.751,-5.4,473.0,0.18,0.97,-0.02,-0.52,-2.0,0.39
2024-12-06 12:28:02.758,-0.22,489.0,0.18,0.97,-0.03,-0.52,-2.06,0.33
2024-12-06 12:28:02.764,0.45,472.0,0.18,0.97,-0.03,-0.52,-2.0,0.27
2024-12-06 12:28:02.772,2.25,470.0,0.18,0.97,-0.03,-0.46,-2.06,0.27
2024-12-06 12:28:02.777,-6.97,466.0,0.18,0.97,-0.03,-0.46,-2.19,0.27
2024-12-06 12:28:02.791,-4.28,470.0,0.18,0.97,-0.03,-0.46,-2.19,0.27
2024-12-06 12:28:02.797,2.02,482.0,0.18,0.97,-0.03,-0.34,-2.19,0.27
2024-12-06 12:28:02.805,-2.7,484.0,0.18,0.97,-0.03,-0.34,-2.12,0.33
2024-12-06 12:28:02.826,-4.28,494.0,0.18,0.97,-0.03,-0.28,-1.58,0.39
2024-12-06 12:28:02.855,2.47,471.0,0.18,0.97,-0.03,-0.28,-1.27,0.51
2024-12-06 12:28:02.952,-2.02,487.0,0.19,0.98,-0.02,0.45,-0.23,0.58
2024-12-06 12:28:02.954,-4.05,478.0,0.19,0.97,-0.02,0.45,-0.54,0.51
2024-12-06 12:28:02.961,-0.67,479.0,0.19,0.97,-0.02,0.39,-0.6,0.45
2024-12-06 12:28:02.971,-0.22,470.0,0.18,0.97,-0.03,0.39,-0.54,0.45
2024-12-06 12:28:02.973,-1.35,471.0,0.18,0.97,-0.03,0.45,-0.54,0.45
2024-12-06 12:28:02.983,-0.9,467.0,0.18,0.97,-0.03,0.39,-0.35,0.51
2024-12-06 12:28:02.989,0.9,463.0,0.18,0.97,-0.03,0.33,-0.11,0.64
2024-12-06 12:28:02.998,0.0,463.0,0.18,0.97,-0.02,0.27,0.13,0.7
2024-12-06 12:28:03.6,1.57,485.0,0.18,0.97,-0.02,0.21,0.26,0.82
2024-12-06 12:28:03.25,-1.57,482.0,0.19,0.97,-0.02,0.15,0.38,0.94
2024-12-06 12:28:03.28,1.12,477.0,0.19,0.97,-0.02,-0.03,0.5,1.06
2024-12-06 12:28:03.39,-2.02,484.0,0.19,0.97,-0.02,-0.1,0.38,1.19
2024-12-06 12:28:03.45,-0.45,466.0,0.19,0.97,-0.02,-0.1,0.07,1.19
2024-12-06 12:28:03.50,-1.57,470.0,0.19,0.97,-0.02,-0.22,-0.11,1.12
2024-12-06 12:28:03.92,-1.8,470.0,0.19,0.97,-0.02,-0.22,-0.11,1.12
2024-12-06 12:28:03.95,-1.8,480.0,0.19,0.97,-0.03,-0.28,-1.15,0.45
2024-12-06 12:28:03.100,-2.92,464.0,0.19,0.97,-0.03,-0.28,-1.15,0.45
2024-12-06 12:28:03.103,-3.15,466.0,0.19,0.98,-0.03,-0.22,-1.45,0.39
2024-12-06 12:28:03.132,0.45,485.0,0.19,0.98,-0.03,-0.28,-1.82,0.33
2024-12-06 12:28:03.135,-2.7,495.0,0.19,0.98,-0.02,-0.34,-2.06,0.33
2024-12-06 12:28:03.141,-3.38,470.0,0.19,0.98,-0.02,-0.28,-2.25,0.39
2024-12-06 12:28:03.157,-0.45,485.0,0.19,0.97,-0.03,-0.28,-2.37,0.39
2024-12-06 12:28:03.159,-2.02,473.0,0.19,0.97,-0.03,-0.28,-2.25,0.33
2024-12-06 12:28:03.164,-2.02,492.0,0.19,0.97,-0.03,-0.28,-2.0,0.27
2024-12-06 12:28:03.178,0.67,466.0,0.19,0.97,-0.03,-0.28,-2.0,0.27
2024-12-06 12:28:03.182,3.38,462.0,0.19,0.98,-0.03,-0.28,-1.76,0.21
2024-12-06 12:28:03.192,-0.22,492.0,0.19,0.98,-0.03,-0.28,-1.45,0.27
2024-12-06 12:28:03.197,-4.5,468.0,0.19,0.98,-0.03,-0.22,-1.15,0.39
2024-12-06 12:28:03.202,0.67,473.0,0.19,0.98,-0.03,-0.22,-0.84,0.51
2024-12-06 12:28:03.210,-2.92,479.0,0.19,0.97,-0.03,-0.22,-0.66,0.7
2024-12-06 12:28:03.219,-0.45,467.0,0.19,0.97,-0.03,-0.1,-0.66,0.7
2024-12-06 12:28:03.230,-4.5,473.0,0.19,0.97,-0.03,-0.1,-0.48,0.76
2024-12-06 12:28:03.233,0.45,474.0,0.19,0.97,-0.03,-0.1,-0.29,0.82
2024-12-06 12:28:03.242,1.57,472.0,0.19,0.97,-0.03,-0.1,-0.17,0.82
2024-12-06 12:28:03.251,-0.45,466.0,0.19,0.97,-0.03,-0.1,-0.17,0.88
2024-12-06 12:28:03.258,-0.9,477.0,0.19,0.97,-0.03,-0.1,-0.17,0.88
2024-12-06 12:28:03.267,-2.7,490.0,0.19,0.97,-0.03,-0.03,-0.35,0.94
2024-12-06 12:28:03.278,-2.47,465.0,0.19,0.97,-0.03,0.09,-0.66,0.94
2024-12-06 12:28:03.285,-5.4,476.0,0.19,0.98,-0.03,0.15,-0.9,1.06
2024-12-06 12:28:03.322,-0.9,483.0,0.19,0.98,-0.03,0.21,-1.51,1.12
2024-12-06 12:28:03.324,-0.22,475.0,0.19,0.97,-0.03,0.15,-1.82,1.25
2024-12-06 12:28:03.334,-4.05,472.0,0.19,0.97,-0.03,0.21,-1.76,1.37
2024-12-06 12:28:03.342,2.02,480.0,0.19,0.97,-0.03,0.21,-1.7,1.61
2024-12-06 12:28:03.344,-5.17,463.0,0.19,0.97,-0.03,0.15,-1.7,1.61
2024-12-06 12:28:03.350,-2.02,499.0,0.19,0.97,-0.02,0.09,-1.64,1.8
2024-12-06 12:28:03.356,0.0,478.0,0.19,0.97,-0.02,0.09,-1.58,1.98
2024-12-06 12:28:03.366,2.47,478.0,0.19,0.97,-0.03,0.09,-1.39,2.22
2024-12-06 12:28:03.373,-0.9,483.0,0.19,0.97,-0.03,0.03,-1.33,2.35
2024-12-06 12:28:03.379,-0.22,461.0,0.19,0.97,-0.02,0.03,-1.33,2.35
2024-12-06 12:28:03.390,-4.5,468.0,0.19,0.97,-0.02,-0.03,-1.45,2.47
2024-12-06 12:28:03.394,-1.8,488.0,0.19,0.97,-0.02,-0.03,-1.58,2.53
2024-12-06 12:28:03.402,-3.6,483.0,0.19,0.97,-0.02,0.03,-1.82,2.59
2024-12-06 12:28:03.410,0.45,475.0,0.19,0.97,-0.02,0.15,-1.94,2.59
2024-12-06 12:28:03.419,0.22,478.0,0.19,0.97,-0.02,0.15,-1.82,2.53
2024-12-06 12:28:03.515,-1.8,481.0,0.21,0.98,-0.01,-0.22,-1.33,0.39
2024-12-06 12:28:03.526,-0.22,468.0,0.22,0.98,-0.01,-0.34,-2.12,0.51
2024-12-06 12:28:03.560,0.0,485.0,0.22,0.99,0.01,0.03,-5.48,0.88
2024-12-06 12:28:03.589,0.22,492.0,0.22,0.99,0.01,0.45,-6.89,0.94
2024-12-06 12:28:03.592,-2.92,475.0,0.21,1.0,-0.0,2.28,-10.24,1.49
2024-12-06 12:28:03.604,-1.8,484.0,0.2,0.99,-0.0,2.65,-10.79,1.8
2024-12-06 12:28:03.613,0.67,472.0,0.18,0.98,-0.02,2.65,-10.79,1.8
2024-12-06 12:28:03.617,0.9,464.0,0.17,0.97,-0.03,2.77,-10.98,2.22
2024-12-06 12:28:03.626,-1.57,467.0,0.16,0.96,-0.04,2.59,-10.98,2.89
2024-12-06 12:28:03.642,1.35,480.0,0.15,0.96,-0.04,2.16,-10.85,3.87
2024-12-06 12:28:03.654,1.12,480.0,0.14,0.96,-0.05,1.61,-10.67,4.85
2024-12-06 12:28:03.662,-2.92,471.0,0.13,0.97,-0.08,0.88,-9.21,6.92
2024-12-06 12:28:03.677,0.67,458.0,0.13,0.98,-0.1,0.82,-7.31,7.72
2024-12-06 12:28:03.685,-1.12,504.0,0.13,0.98,-0.1,0.94,-5.05,8.39
2024-12-06 12:28:03.690,-1.57,468.0,0.14,0.98,-0.1,1.13,-2.74,8.94
2024-12-06 12:28:03.693,2.47,470.0,0.14,0.99,-0.1,1.13,-2.74,8.94
2024-12-06 12:28:03.700,-5.4,481.0,0.15,0.98,-0.09,1.55,-0.48,9.3
2024-12-06 12:28:03.711,0.0,466.0,0.16,0.98,-0.09,2.22,1.84,9.43
2024-12-06 12:28:03.713,-2.7,467.0,0.16,0.97,-0.07,2.9,4.04,9.43
2024-12-06 12:28:03.724,1.57,460.0,0.17,0.97,-0.07,3.14,5.57,9.36
2024-12-06 12:28:03.734,-5.62,484.0,0.18,0.96,-0.04,3.14,5.57,9.36
2024-12-06 12:28:03.739,-1.35,466.0,0.19,0.95,-0.02,3.32,6.6,9.18
2024-12-06 12:28:03.744,-2.25,477.0,0.19,0.95,-0.01,3.14,7.7,8.75
2024-12-06 12:28:03.777,1.35,472.0,0.19,0.94,-0.0,2.9,10.57,6.56
2024-12-06 12:28:03.783,0.9,475.0,0.19,0.93,-0.01,2.65,12.28,5.52
2024-12-06 12:28:03.800,1.12,471.0,0.19,0.93,-0.01,2.35,13.62,4.6
2024-12-06 12:28:03.805,-2.7,461.0,0.19,0.93,-0.01,2.1,14.72,3.81
2024-12-06 12:28:03.818,0.67,467.0,0.19,0.93,-0.01,1.86,15.58,3.14
2024-12-06 12:28:03.835,-2.02,468.0,0.21,0.97,-0.03,1.37,16.61,2.1
2024-12-06 12:28:03.840,1.57,485.0,0.21,1.0,-0.04,1.19,16.43,1.8
2024-12-06 12:28:03.844,0.22,491.0,0.22,0.97,-0.04,1.0,15.64,1.61
2024-12-06 12:28:03.858,0.0,470.0,0.23,0.98,-0.04,1.0,15.64,1.61
2024-12-06 12:28:03.862,2.47,462.0,0.24,0.98,-0.04,0.82,14.48,1.31
2024-12-06 12:28:03.866,2.02,473.0,0.24,0.99,-0.04,0.7,13.01,1.0
2024-12-06 12:28:03.879,-0.67,486.0,0.25,0.98,-0.04,0.64,11.36,0.64
2024-12-06 12:28:03.887,-1.8,486.0,0.25,0.98,-0.04,0.58,9.47,0.21
2024-12-06 12:28:03.892,-1.35,474.0,0.26,0.98,-0.04,0.51,7.34,-0.16
2024-12-06 12:28:03.910,0.0,467.0,0.26,0.98,-0.04,0.51,7.34,-0.46
2024-12-06 12:28:03.913,-2.7,470.0,0.27,0.98,-0.03,0.51,4.96,-0.46
2024-12-06 12:28:03.917,2.02,480.0,0.27,0.97,-0.03,0.58,2.76,-0.71
2024-12-06 12:28:03.925,1.57,478.0,0.27,0.97,-0.02,0.7,0.87,-0.89
2024-12-06 12:28:03.931,-5.4,490.0,0.27,0.96,-0.02,0.82,-0.72,-1.13
2024-12-06 12:28:03.942,2.7,479.0,0.27,0.96,-0.02,0.94,-2.12,-1.26
2024-12-06 12:28:03.952,1.57,505.0,0.26,0.95,-0.02,0.94,-2.12,-1.26
2024-12-06 12:28:03.957,-2.7,462.0,0.26,0.94,-0.03,1.06,-3.1,-1.44
2024-12-06 12:28:03.963,2.25,466.0,0.25,0.94,-0.03,1.13,-3.47,-1.56
2024-12-06 12:28:03.973,2.02,463.0,0.24,0.94,-0.02,1.19,-3.71,-1.56
2024-12-06 12:28:03.979,0.22,482.0,0.24,0.94,-0.02,1.25,-3.77,-1.5
2024-12-06 12:28:03.986,-3.15,467.0,0.24,0.94,-0.02,1.25,-3.47,-1.38
2024-12-06 12:28:03.997,0.9,487.0,0.23,0.95,-0.02,1.25,-3.47,-1.26
2024-12-06 12:28:04.4,-0.22,471.0,0.23,0.95,-0.03,1.31,-2.92,-1.26
2024-12-06 12:28:04.11,0.45,452.0,0.22,0.96,-0.03,1.25,-2.25,-1.07
2024-12-06 12:28:04.47,0.9,470.0,0.21,0.97,-0.03,1.0,0.93,0.51
2024-12-06 12:28:04.54,-0.67,462.0,0.22,0.97,-0.03,0.88,1.6,1.0
2024-12-06 12:28:04.65,0.67,479.0,0.22,0.97,-0.03,0.82,1.96,1.49
2024-12-06 12:28:04.69,-3.6,469.0,0.22,0.97,-0.03,0.7,2.15,1.86
2024-12-06 12:28:04.78,-1.35,469.0,0.22,0.97,-0.03,0.7,2.15,1.86
2024-12-06 12:28:04.108,2.92,473.0,0.22,0.97,-0.02,0.39,1.84,2.35
2024-12-06 12:28:04.110,-4.5,467.0,0.22,0.97,-0.02,0.39,1.48,2.41
2024-12-06 12:28:04.114,-0.67,473.0,0.23,0.97,-0.01,0.39,1.48,2.41
2024-12-06 12:28:04.122,-1.57,472.0,0.23,0.97,-0.01,0.39,1.05,2.53
2024-12-06 12:28:04.130,-0.9,473.0,0.23,0.97,-0.01,0.33,0.68,2.71
2024-12-06 12:28:04.140,-1.12,467.0,0.23,0.97,-0.01,0.39,0.13,2.89
2024-12-06 12:28:04.191,-7.65,475.0,0.22,0.97,-0.01,0.7,-0.54,3.08
2024-12-06 12:28:04.224,-2.92,471.0,0.22,0.97,-0.01,1.61,2.03,2.1
2024-12-06 12:28:04.229,0.0,462.0,0.23,0.97,-0.01,1.61,2.03,2.1
2024-12-06 12:28:04.236,-0.22,485.0,0.23,0.97,-0.0,1.92,2.82,1.92
2024-12-06 12:28:04.245,-0.45,488.0,0.23,0.97,-0.0,2.22,3.73,1.61
2024-12-06 12:28:04.252,1.8,479.0,0.23,0.97,-0.0,2.47,4.59,1.31
2024-12-06 12:28:04.259,0.67,475.0,0.23,0.97,-0.0,2.71,5.2,1.0
2024-12-06 12:28:04.270,-3.6,481.0,0.23,0.97,-0.0,2.71,5.2,-14.62
2024-12-06 12:28:04.277,1.12,466.0,0.23,0.97,0.0,2.96,5.81,0.58
2024-12-06 12:28:04.288,1.35,483.0,0.23,0.97,0.0,3.2,5.99,0.21
2024-12-06 12:28:04.291,-4.05,466.0,0.24,0.97,0.01,3.51,5.87,-0.16
2024-12-06 12:28:04.300,3.15,475.0,0.24,0.97,0.01,3.69,5.69,-0.46
2024-12-06 12:28:04.339,1.12,485.0,0.24,0.97,0.01,4.12,4.96,-1.26
2024-12-06 12:28:04.343,0.9,491.0,0.24,0.97,0.01,4.36,4.77,-1.5
2024-12-06 12:28:04.348,-3.38,479.0,0.24,0.96,0.01,4.36,4.77,-1.74
2024-12-06 12:28:04.355,-4.72,481.0,0.24,0.96,0.01,4.67,4.77,-1.74
2024-12-06 12:28:04.362,0.0,498.0,0.24,0.95,0.01,5.03,4.96,-2.11
2024-12-06 12:28:04.366,-4.95,468.0,0.23,0.94,0.01,5.46,5.08,-2.48
2024-12-06 12:28:04.376,2.25,457.0,0.23,0.93,0.01,6.07,5.38,-3.03
2024-12-06 12:28:04.381,-1.8,471.0,0.23,0.93,0.01,6.68,6.05,-3.45
2024-12-06 12:28:04.391,-1.57,469.0,0.22,0.92,0.02,6.68,6.05,-3.45
2024-12-06 12:28:04.402,-1.35,469.0,0.22,0.92,0.02,7.41,6.6,-3.76
2024-12-06 12:28:04.412,-1.57,475.0,0.22,0.92,0.02,8.14,7.4,-4.0
2024-12-06 12:28:04.448,-3.38,468.0,0.22,0.92,0.03,8.82,8.25,-4.12
2024-12-06 12:28:04.454,-5.85,469.0,0.24,0.98,0.05,9.61,7.15,-3.39
2024-12-06 12:28:04.465,-2.25,486.0,0.24,0.98,0.05,9.12,7.15,-3.45
2024-12-06 12:28:04.559,-2.47,508.0,0.25,0.97,-0.08,7.53,2.45,-9.07
2024-12-06 12:28:04.568,-1.35,482.0,0.25,0.95,-0.08,8.21,-0.11,-9.25
2024-12-06 12:28:04.571,2.92,472.0,0.25,0.95,-0.08,8.82,-2.86,-9.19
2024-12-06 12:28:04.579,0.22,529.0,0.24,0.93,-0.09,8.82,-2.86,-8.89
2024-12-06 12:28:04.588,-2.02,471.0,0.24,0.92,-0.09,9.36,-5.48,-8.89
2024-12-06 12:28:04.595,1.57,459.0,0.23,0.91,-0.09,9.79,-8.17,-8.58
2024-12-06 12:28:04.603,-4.28,480.0,0.22,0.91,-0.08,9.91,-10.91,-8.21
2024-12-06 12:28:04.618,2.02,443.0,0.21,0.92,-0.08,9.91,-13.11,-7.85
2024-12-06 12:28:04.620,1.12,467.0,0.21,0.92,-0.08,9.67,-14.82,-7.6
2024-12-06 12:28:04.627,0.22,478.0,0.19,0.92,-0.08,9.43,-16.04,-7.36
2024-12-06 12:28:04.639,0.67,464.0,0.18,0.93,-0.08,9.43,-16.04,-7.36
2024-12-06 12:28:04.644,0.67,487.0,0.17,0.94,-0.08,9.06,-16.35,-7.12
2024-12-06 12:28:04.686,0.22,477.0,0.15,0.96,-0.09,7.41,-10.36,-6.14
2024-12-06 12:28:04.691,-1.57,468.0,0.12,0.98,-0.12,6.37,-2.0,-5.71
2024-12-06 12:28:04.695,-4.5,471.0,0.12,0.98,-0.14,6.01,3.06,-5.53
2024-12-06 12:28:04.711,1.35,468.0,0.11,0.98,-0.14,5.76,8.98,-5.28
2024-12-06 12:28:04.713,-2.92,483.0,0.11,0.99,-0.16,5.76,8.98,-5.28
2024-12-06 12:28:04.731,1.8,475.0,0.11,0.99,-0.16,5.82,14.9,-5.22
2024-12-06 12:28:04.737,-2.92,461.0,0.11,1.0,-0.15,6.31,23.94,-5.1
2024-12-06 12:28:04.747,-5.4,466.0,0.11,1.0,-0.15,6.62,27.17,-5.22
2024-12-06 12:28:04.755,-1.57,469.0,0.11,1.01,-0.16,6.62,29.67,-5.16
2024-12-06 12:28:04.785,2.47,471.0,0.15,0.95,-0.15,4.3,25.71,-4.37
