Timestamp,PosIsDeg,ForceIs,AccX,AccY,AccZ,GyroX,GyroY,GyroZ
2024-12-06 13:35:40.526,28.12,519.0,0.76,0.57,-0.23,-1.4,0.28,1.23
2024-12-06 13:35:40.533,25.42,520.0,0.78,0.61,-0.22,-2.07,2.11,2.33
2024-12-06 13:35:40.562,25.2,521.0,0.93,0.69,-0.24,-3.35,0.89,18.32
2024-12-06 13:35:40.609,17.1,542.0,0.83,0.56,-0.29,-3.53,1.01,20.82
2024-12-06 13:35:40.618,11.02,514.0,0.8,0.51,-0.27,-4.63,-7.29,21.61
2024-12-06 13:35:40.644,13.72,484.0,0.71,0.54,-0.21,-2.8,-4.85,20.15
2024-12-06 13:35:40.689,12.38,491.0,0.71,0.54,-0.18,-0.24,2.42,13.31
2024-12-06 13:35:40.698,7.2,494.0,0.76,0.48,-0.18,2.45,5.1,5.81
2024-12-06 13:35:40.729,10.57,488.0,0.8,0.48,-0.22,3.3,0.46,-0.17
2024-12-06 13:35:40.753,6.3,504.0,0.8,0.52,-0.25,1.72,-2.16,-0.36
2024-12-06 13:35:40.810,12.82,491.0,0.78,0.54,-0.24,-0.97,-0.94,1.05
2024-12-06 13:35:40.815,12.38,479.0,0.8,0.53,-0.22,-1.76,0.89,3.18
2024-12-06 13:35:40.838,5.62,488.0,0.8,0.52,-0.22,-1.33,0.95,2.51
2024-12-06 13:35:40.864,5.17,483.0,0.82,0.52,-0.23,-1.09,-0.27,1.05
2024-12-06 13:35:40.915,4.5,473.0,0.8,0.53,-0.23,-1.03,-0.21,0.13
2024-12-06 13:35:40.920,2.25,472.0,0.79,0.53,-0.24,-1.33,-0.27,0.31
2024-12-06 13:35:40.947,1.12,479.0,0.82,0.54,-0.23,-1.21,0.52,1.78
2024-12-06 13:35:40.975,3.82,462.0,0.81,0.53,-0.23,-1.88,-0.45,1.53
2024-12-06 13:35:42.327,-0.67,470.0,0.78,0.55,-0.21,1.6,1.44,0.44
2024-12-06 13:35:42.331,-1.12,485.0,0.78,0.55,-0.21,0.25,2.6,0.31
2024-12-06 13:35:42.342,2.7,472.0,0.78,0.55,-0.21,-0.17,2.54,0.07
2024-12-06 13:35:42.349,-2.47,474.0,0.79,0.55,-0.21,-0.6,2.36,0.13
2024-12-06 13:35:42.352,-0.9,544.0,0.79,0.55,-0.21,-0.6,2.36,0.13
2024-12-06 13:35:42.358,0.45,480.0,0.8,0.55,-0.21,-0.79,2.29,0.25
2024-12-06 13:35:42.391,-3.15,476.0,0.81,0.54,-0.22,-0.72,1.87,0.98
2024-12-06 13:35:42.395,-0.45,492.0,0.81,0.54,-0.22,-0.54,1.68,1.23
2024-12-06 13:35:42.406,1.12,499.0,0.8,0.54,-0.22,-0.36,1.26,1.35
2024-12-06 13:35:42.411,0.67,477.0,0.8,0.54,-0.22,-0.36,0.89,1.41
2024-12-06 13:35:42.418,1.12,532.0,0.8,0.54,-0.22,-0.3,-0.03,1.47
2024-12-06 13:35:42.427,-7.2,462.0,0.8,0.54,-0.22,-0.3,-0.03,1.47
2024-12-06 13:35:42.436,0.67,445.0,0.79,0.54,-0.22,-0.42,0.71,1.23
2024-12-06 13:35:42.443,0.67,489.0,0.79,0.55,-0.22,-0.3,0.89,0.86
2024-12-06 13:35:42.465,-0.45,472.0,0.79,0.56,-0.23,-0.11,0.28,0.92
2024-12-06 13:35:42.469,-0.45,447.0,0.79,0.56,-0.24,0.31,1.99,1.05
2024-12-06 13:35:42.474,-2.92,495.0,0.78,0.56,-0.23,0.31,1.99,1.05
2024-12-06 13:35:42.501,0.67,474.0,0.78,0.55,-0.23,1.47,3.03,0.92
2024-12-06 13:35:42.504,2.25,480.0,0.78,0.55,-0.23,1.84,3.39,0.86
2024-12-06 13:35:42.511,-3.15,484.0,0.79,0.55,-0.23,1.84,3.39,0.86
2024-12-06 13:35:42.523,0.0,479.0,0.8,0.56,-0.23,2.14,4.8,1.47
2024-12-06 13:35:42.532,-1.57,490.0,0.79,0.56,-0.23,2.51,4.55,1.9
2024-12-06 13:35:42.534,-1.57,480.0,0.78,0.55,-0.23,2.57,4.37,1.84
2024-12-06 13:35:42.642,2.47,483.0,0.79,0.54,-0.21,1.05,4.0,1.47
2024-12-06 13:35:42.653,2.92,501.0,0.78,0.54,-0.2,0.98,3.88,1.84
2024-12-06 13:35:42.655,-0.67,475.0,0.78,0.54,-0.2,0.86,3.94,1.96
2024-12-06 13:35:42.662,-0.9,499.0,0.79,0.54,-0.2,0.86,4.06,2.14
2024-12-06 13:35:42.671,3.38,507.0,0.79,0.54,-0.21,0.74,4.06,2.14
2024-12-06 13:35:42.685,2.02,490.0,0.79,0.54,-0.22,0.56,4.43,2.14
2024-12-06 13:35:42.687,0.9,531.0,0.8,0.54,-0.22,0.37,4.67,2.14
2024-12-06 13:35:42.728,-0.9,499.0,0.8,0.55,-0.22,0.19,4.8,2.27
2024-12-06 13:35:42.730,0.22,504.0,0.79,0.55,-0.21,-0.3,4.55,2.27
2024-12-06 13:35:42.734,-1.35,493.0,0.79,0.55,-0.21,-0.42,4.55,2.39
2024-12-06 13:35:42.766,-4.05,506.0,0.8,0.54,-0.21,-0.42,4.49,2.51
2024-12-06 13:35:42.772,3.82,515.0,0.8,0.55,-0.21,-0.3,4.74,2.82
2024-12-06 13:35:42.775,-2.25,540.0,0.8,0.55,-0.21,-0.17,5.04,2.88
2024-12-06 13:35:42.779,0.45,500.0,0.8,0.55,-0.21,-0.05,5.35,2.94
2024-12-06 13:35:42.786,-0.22,511.0,0.8,0.56,-0.21,-0.05,5.35,2.94
2024-12-06 13:35:42.791,0.0,517.0,0.8,0.55,-0.21,0.13,5.83,3.0
2024-12-06 13:35:42.799,0.45,515.0,0.8,0.55,-0.21,0.31,6.32,3.0
2024-12-06 13:35:42.812,-2.02,505.0,0.79,0.55,-0.21,0.44,6.81,3.06
2024-12-06 13:35:42.818,3.38,524.0,0.79,0.55,-0.21,0.5,6.93,3.12
2024-12-06 13:35:42.828,0.22,514.0,0.79,0.55,-0.2,0.44,6.87,3.06
2024-12-06 13:35:42.860,-0.45,519.0,0.77,0.53,-0.18,0.31,2.05,0.37
2024-12-06 13:35:42.862,-1.8,509.0,0.77,0.52,-0.19,0.25,0.77,-1.46
2024-12-06 13:35:42.868,3.38,512.0,0.77,0.51,-0.2,0.25,0.77,-1.46
2024-12-06 13:35:42.886,-1.57,509.0,0.77,0.5,-0.19,0.5,-0.39,-3.71
2024-12-06 13:35:42.890,-1.12,512.0,0.78,0.51,-0.19,0.8,-1.18,-5.91
2024-12-06 13:35:42.892,2.7,523.0,0.78,0.52,-0.19,1.47,-0.94,-7.44
2024-12-06 13:35:42.907,1.35,518.0,0.78,0.52,-0.19,2.27,-1.06,-8.6
2024-12-06 13:35:42.910,-1.35,533.0,0.77,0.53,-0.18,2.27,-1.06,-9.64
2024-12-06 13:35:42.918,6.52,528.0,0.76,0.54,-0.19,3.12,-2.04,-9.64
2024-12-06 13:35:42.952,5.17,540.0,0.76,0.55,-0.2,5.56,0.83,-11.28
2024-12-06 13:35:42.957,8.55,527.0,0.78,0.55,-0.21,5.68,1.13,-11.28
2024-12-06 13:35:42.964,11.92,522.0,0.8,0.55,-0.21,5.68,2.48,-11.1
2024-12-06 13:35:42.976,9.45,535.0,0.8,0.55,-0.2,4.34,2.54,-10.37
2024-12-06 13:35:42.989,15.75,528.0,0.82,0.56,-0.2,3.37,2.9,-8.96
2024-12-06 13:35:42.993,9.0,532.0,0.82,0.57,-0.19,3.37,2.9,-8.96
2024-12-06 13:35:43.3,14.62,523.0,0.8,0.58,-0.21,3.79,1.81,-8.35
2024-12-06 13:35:43.14,13.27,530.0,0.82,0.58,-0.24,4.16,2.29,-7.32
2024-12-06 13:35:43.28,10.12,518.0,0.82,0.58,-0.22,3.43,2.84,-5.36
2024-12-06 13:35:43.63,1.12,561.0,0.82,0.58,-0.2,2.75,2.17,-4.87
2024-12-06 13:35:43.68,13.72,531.0,0.8,0.53,-0.22,1.9,0.89,-6.16
2024-12-06 13:35:43.79,16.42,551.0,0.8,0.55,-0.21,1.9,1.44,-5.79
2024-12-06 13:35:43.82,18.45,533.0,0.81,0.57,-0.2,1.6,1.44,-5.79
2024-12-06 13:35:43.90,16.88,534.0,0.81,0.58,-0.19,1.66,2.72,-4.57
2024-12-06 13:35:43.122,19.12,546.0,0.8,0.59,-0.2,1.72,4.74,-1.21
2024-12-06 13:35:43.133,18.9,538.0,0.81,0.59,-0.19,1.35,5.83,-0.24
2024-12-06 13:35:43.137,19.35,534.0,0.8,0.59,-0.19,1.05,6.26,0.68
2024-12-06 13:35:43.150,20.02,573.0,0.81,0.58,-0.2,0.74,6.51,1.41
2024-12-06 13:35:43.177,19.57,522.0,0.81,0.59,-0.2,-1.15,5.41,4.22
2024-12-06 13:35:43.182,18.67,542.0,0.81,0.59,-0.2,-1.46,4.8,4.89
2024-12-06 13:35:43.191,22.27,534.0,0.8,0.58,-0.19,-1.46,4.8,4.89
2024-12-06 13:35:43.198,20.25,547.0,0.8,0.57,-0.2,-1.27,3.76,5.01
2024-12-06 13:35:43.210,18.67,543.0,0.8,0.56,-0.2,-1.21,3.58,4.89
2024-12-06 13:35:43.215,18.9,549.0,0.79,0.56,-0.19,-1.09,3.51,4.59
2024-12-06 13:35:43.221,22.72,547.0,0.79,0.59,-0.18,-0.72,3.03,4.22
2024-12-06 13:35:43.229,22.72,551.0,0.79,0.56,-0.18,-0.48,2.84,3.98
2024-12-06 13:35:43.243,17.55,548.0,0.8,0.56,-0.19,-0.48,2.84,3.98
2024-12-06 13:35:43.246,18.45,551.0,0.8,0.56,-0.19,-0.05,2.78,3.98
2024-12-06 13:35:43.253,16.65,540.0,0.79,0.56,-0.19,0.37,2.36,4.1
2024-12-06 13:35:43.261,21.6,544.0,0.79,0.57,-0.2,0.68,1.74,4.16
2024-12-06 13:35:43.269,20.7,551.0,0.78,0.57,-0.2,0.68,1.32,4.22
2024-12-06 13:35:43.277,18.67,553.0,0.78,0.57,-0.2,0.56,1.62,4.22
2024-12-06 13:35:43.284,21.15,539.0,0.78,0.56,-0.21,0.56,1.62,4.22
2024-12-06 13:35:43.292,20.48,558.0,0.77,0.56,-0.21,0.44,1.93,4.1
2024-12-06 13:35:43.300,19.12,550.0,0.77,0.56,-0.21,0.31,2.66,4.1
2024-12-06 13:35:43.308,22.05,553.0,0.77,0.56,-0.2,0.13,3.09,4.22
2024-12-06 13:35:43.321,17.1,551.0,0.78,0.56,-0.2,0.07,3.33,4.46
2024-12-06 13:35:43.330,22.5,550.0,0.78,0.56,-0.2,0.01,3.88,4.59
2024-12-06 13:35:43.333,22.72,559.0,0.77,0.56,-0.2,0.07,4.49,4.59
2024-12-06 13:35:43.340,18.23,553.0,0.77,0.56,-0.2,0.07,4.49,4.59
2024-12-06 13:35:43.350,22.27,547.0,0.77,0.56,-0.2,0.25,4.61,4.52
2024-12-06 13:35:43.356,20.25,540.0,0.78,0.56,-0.2,0.31,4.74,4.34
2024-12-06 13:35:43.365,21.15,549.0,0.78,0.56,-0.2,0.44,4.8,4.1
2024-12-06 13:35:43.374,17.1,547.0,0.78,0.56,-0.2,0.44,4.8,3.73
2024-12-06 13:35:43.407,20.48,547.0,0.79,0.58,-0.21,-0.17,4.86,4.46
2024-12-06 13:35:43.410,19.12,559.0,0.79,0.58,-0.21,-0.54,5.04,4.95
2024-12-06 13:35:43.419,17.55,546.0,0.79,0.58,-0.21,-0.85,4.8,5.38
2024-12-06 13:35:43.428,22.27,539.0,0.78,0.57,-0.2,-0.85,4.8,5.38
2024-12-06 13:35:43.434,19.8,553.0,0.78,0.56,-0.2,-1.03,4.31,5.5
2024-12-06 13:35:43.442,20.7,539.0,0.78,0.56,-0.2,-1.4,4.37,5.68
2024-12-06 13:35:43.452,21.38,557.0,0.78,0.56,-0.19,-1.64,4.37,5.68
2024-12-06 13:35:43.462,21.82,551.0,0.79,0.55,-0.19,-1.76,4.19,5.56
2024-12-06 13:35:43.470,20.02,560.0,0.79,0.55,-0.19,-1.76,3.7,5.38
2024-12-06 13:35:43.473,22.05,533.0,0.78,0.54,-0.18,-1.76,3.7,5.38
2024-12-06 13:35:43.485,21.6,554.0,0.78,0.53,-0.18,-1.27,1.99,4.34
2024-12-06 13:35:43.491,19.12,601.0,0.79,0.52,-0.18,-0.97,1.62,3.06
2024-12-06 13:35:43.498,22.95,559.0,0.78,0.52,-0.17,-0.42,1.2,1.41
2024-12-06 13:35:43.505,20.7,548.0,0.78,0.51,-0.16,0.5,0.28,-0.3
2024-12-06 13:35:43.513,21.82,554.0,0.78,0.51,-0.16,1.53,-0.45,-1.82
2024-12-06 13:35:43.521,26.1,550.0,0.79,0.52,-0.17,1.53,-0.15,-2.92
2024-12-06 13:35:43.528,19.35,551.0,0.79,0.53,-0.18,2.33,-0.15,-2.92
2024-12-06 13:35:43.539,25.2,552.0,0.79,0.54,-0.18,2.82,0.28,-3.59
2024-12-06 13:35:43.546,22.72,544.0,0.78,0.55,-0.18,3.0,0.52,-3.78
2024-12-06 13:35:43.555,26.1,545.0,0.78,0.55,-0.19,2.94,0.71,-4.02
2024-12-06 13:35:43.560,22.95,551.0,0.78,0.55,-0.19,2.45,1.99,-3.9
2024-12-06 13:35:43.571,25.2,549.0,0.79,0.56,-0.19,2.45,3.09,-3.29
2024-12-06 13:35:43.576,27.22,538.0,0.79,0.57,-0.18,1.72,3.09,-3.29
2024-12-06 13:35:43.586,26.55,546.0,0.79,0.57,-0.18,0.92,3.21,-2.74
2024-12-06 13:35:43.691,35.33,543.0,0.79,0.58,-0.18,-0.17,0.1,-4.81
2024-12-06 13:35:43.700,31.95,552.0,0.77,0.58,-0.17,-0.17,0.1,-4.81
2024-12-06 13:35:43.717,36.22,551.0,0.76,0.59,-0.17,-0.05,-0.88,-3.35
2024-12-06 13:35:43.719,33.08,573.0,0.77,0.6,-0.18,0.31,-0.27,-0.91
2024-12-06 13:35:43.722,33.3,545.0,0.77,0.6,-0.18,0.56,0.77,-0.05
2024-12-06 13:35:43.730,34.65,550.0,0.78,0.6,-0.18,0.56,0.77,-0.05
2024-12-06 13:35:43.792,34.42,526.0,0.79,0.59,-0.18,0.8,2.29,1.29
2024-12-06 13:35:43.799,34.88,553.0,0.79,0.59,-0.18,0.07,2.78,2.39
2024-12-06 13:35:43.802,38.02,553.0,0.79,0.58,-0.19,0.07,2.78,2.39
2024-12-06 13:35:43.810,39.83,554.0,0.79,0.57,-0.19,0.37,2.9,2.57
2024-12-06 13:35:43.821,35.55,551.0,0.79,0.56,-0.19,0.74,3.33,2.57
2024-12-06 13:35:43.837,36.67,540.0,0.79,0.56,-0.18,1.35,4.19,2.08
2024-12-06 13:35:43.842,38.47,543.0,0.78,0.55,-0.18,1.35,4.19,2.08
2024-12-06 13:35:43.850,37.12,542.0,0.78,0.55,-0.17,1.72,4.55,1.78
2024-12-06 13:35:43.882,37.8,549.0,0.79,0.56,-0.17,2.08,4.74,1.6
2024-12-06 13:35:43.885,36.45,553.0,0.79,0.57,-0.18,2.57,5.35,1.78
2024-12-06 13:35:43.888,36.22,543.0,0.8,0.57,-0.18,2.57,5.35,1.78
2024-12-06 13:35:43.895,38.25,543.0,0.79,0.56,-0.19,2.69,5.22,1.84
2024-12-06 13:35:43.903,40.05,538.0,0.79,0.56,-0.18,2.63,5.04,1.72
2024-12-06 13:35:43.911,39.6,560.0,0.79,0.56,-0.18,2.69,4.92,1.53
2024-12-06 13:35:43.919,37.35,550.0,0.79,0.56,-0.18,2.75,4.74,1.23
2024-12-06 13:35:43.927,40.5,552.0,0.79,0.57,-0.18,2.75,4.37,0.98
2024-12-06 13:35:43.935,41.62,532.0,0.79,0.57,-0.17,2.75,4.37,0.98
2024-12-06 13:35:43.947,42.52,551.0,0.79,0.57,-0.17,2.69,3.94,0.92
2024-12-06 13:35:43.951,39.38,535.0,0.79,0.58,-0.18,2.69,3.64,0.98
2024-12-06 13:35:43.961,41.4,543.0,0.79,0.58,-0.18,2.63,3.58,1.23
2024-12-06 13:35:43.993,44.1,552.0,0.78,0.57,-0.18,2.63,3.33,1.29
2024-12-06 13:35:43.995,41.85,541.0,0.79,0.57,-0.19,2.69,3.64,1.35
2024-12-06 13:35:44.0,41.17,535.0,0.79,0.56,-0.18,2.75,3.76,1.41
2024-12-06 13:35:44.11,44.55,530.0,0.8,0.57,-0.18,2.63,3.7,1.6
2024-12-06 13:35:44.14,41.85,549.0,0.8,0.57,-0.18,2.33,3.82,2.08
2024-12-06 13:35:44.21,45.9,534.0,0.8,0.57,-0.17,2.33,3.76,2.57
2024-12-06 13:35:44.29,43.2,527.0,0.8,0.57,-0.17,2.14,3.76,2.57
2024-12-06 13:35:44.38,41.17,546.0,0.79,0.57,-0.17,1.9,3.21,3.0
2024-12-06 13:35:44.46,39.38,535.0,0.79,0.57,-0.17,1.53,2.6,3.18
2024-12-06 13:35:44.54,46.12,551.0,0.79,0.56,-0.18,1.41,2.36,3.0
2024-12-06 13:35:44.85,47.25,544.0,0.8,0.55,-0.17,1.53,2.72,2.45
2024-12-06 13:35:44.91,47.92,530.0,0.8,0.57,-0.16,1.72,2.9,2.57
2024-12-06 13:35:44.98,43.88,531.0,0.8,0.57,-0.16,1.96,2.84,2.94
2024-12-06 13:35:44.114,48.15,551.0,0.8,0.57,-0.16,2.08,2.48,3.55
2024-12-06 13:35:44.116,46.35,534.0,0.81,0.57,-0.17,2.08,2.48,3.55
2024-12-06 13:35:44.121,47.92,593.0,0.81,0.56,-0.18,2.27,2.11,4.22
2024-12-06 13:35:44.130,49.05,539.0,0.8,0.54,-0.18,2.33,2.36,4.22
2024-12-06 13:35:44.137,46.12,531.0,0.8,0.54,-0.18,2.14,2.97,3.91
2024-12-06 13:35:44.148,48.38,537.0,0.8,0.54,-0.18,1.9,3.21,3.73
2024-12-06 13:35:44.155,50.4,540.0,0.8,0.55,-0.17,1.35,3.51,3.73
2024-12-06 13:35:44.161,48.82,560.0,0.79,0.57,-0.18,1.35,3.51,3.73
2024-12-06 13:35:44.171,50.4,547.0,0.79,0.59,-0.18,1.17,3.82,4.04
2024-12-06 13:35:44.178,50.62,548.0,0.79,0.59,-0.18,0.98,4.06,4.4
2024-12-06 13:35:44.185,48.82,539.0,0.79,0.57,-0.19,1.05,4.74,4.65
2024-12-06 13:35:44.202,54.45,542.0,0.79,0.57,-0.19,1.17,4.86,4.46
2024-12-06 13:35:44.204,48.6,554.0,0.79,0.56,-0.18,1.17,4.43,4.28
2024-12-06 13:35:44.208,50.4,547.0,0.8,0.55,-0.17,1.17,4.43,4.28
2024-12-06 13:35:44.216,49.05,552.0,0.8,0.55,-0.17,0.98,4.13,4.1
2024-12-06 13:35:44.224,51.3,539.0,0.8,0.56,-0.17,1.11,4.0,3.98
2024-12-06 13:35:44.232,51.3,548.0,0.79,0.55,-0.17,1.23,3.51,3.67
2024-12-06 13:35:44.239,52.2,546.0,0.79,0.55,-0.17,1.47,3.64,3.24
2024-12-06 13:35:44.256,54.67,537.0,0.79,0.55,-0.18,2.02,4.25,2.88
2024-12-06 13:35:44.258,54.67,566.0,0.79,0.56,-0.18,2.02,4.25,2.88
2024-12-06 13:35:44.267,48.15,544.0,0.8,0.57,-0.17,2.63,4.98,3.06
2024-12-06 13:35:44.308,53.1,547.0,0.8,0.54,-0.15,2.88,3.58,2.69
2024-12-06 13:35:44.310,52.65,557.0,0.81,0.54,-0.15,2.51,4.06,2.33
2024-12-06 13:35:44.317,55.12,547.0,0.81,0.55,-0.16,2.21,4.25,2.33
2024-12-06 13:35:44.324,58.05,536.0,0.81,0.55,-0.16,1.78,4.25,2.57
2024-12-06 13:35:44.333,55.8,548.0,0.81,0.55,-0.16,1.78,3.94,3.0
2024-12-06 13:35:44.340,55.8,550.0,0.81,0.55,-0.16,1.47,3.94,3.0
2024-12-06 13:35:44.353,58.05,542.0,0.8,0.54,-0.16,1.29,4.13,3.06
2024-12-06 13:35:44.355,57.6,552.0,0.81,0.54,-0.16,1.29,4.43,3.12
2024-12-06 13:35:44.367,57.6,555.0,0.81,0.55,-0.16,1.17,4.98,3.3
2024-12-06 13:35:44.373,60.75,542.0,0.81,0.55,-0.16,0.8,4.98,3.67
2024-12-06 13:35:44.380,55.57,543.0,0.81,0.55,-0.15,0.44,4.86,3.85
2024-12-06 13:35:44.389,61.65,555.0,0.81,0.55,-0.15,0.44,4.86,3.85
2024-12-06 13:35:44.397,58.05,556.0,0.81,0.54,-0.15,0.07,4.74,3.91
2024-12-06 13:35:44.403,60.97,573.0,0.81,0.53,-0.16,-0.17,5.16,3.73
2024-12-06 13:35:44.419,61.65,552.0,0.81,0.53,-0.15,-0.48,5.29,3.3
2024-12-06 13:35:44.427,52.42,546.0,0.81,0.54,-0.15,-0.66,5.04,3.37
2024-12-06 13:35:44.435,63.0,556.0,0.81,0.55,-0.14,-0.66,5.04,3.37
2024-12-06 13:35:44.447,58.05,553.0,0.81,0.54,-0.14,-0.66,4.8,3.37
2024-12-06 13:35:44.454,64.12,569.0,0.8,0.54,-0.15,-0.6,4.86,3.3
2024-12-06 13:35:44.458,60.52,552.0,0.8,0.53,-0.15,-0.54,4.8,2.88
2024-12-06 13:35:44.475,61.65,562.0,0.8,0.53,-0.15,-0.48,4.43,2.14
2024-12-06 13:35:44.478,62.77,567.0,0.81,0.53,-0.15,-0.79,3.82,1.9
2024-12-06 13:35:44.482,64.12,576.0,0.81,0.55,-0.14,-0.79,3.82,1.9
2024-12-06 13:35:44.490,63.0,549.0,0.81,0.56,-0.14,-0.97,3.21,1.9
2024-12-06 13:35:44.498,62.55,549.0,0.81,0.55,-0.15,-1.15,2.66,1.84
2024-12-06 13:35:44.528,69.3,572.0,0.8,0.54,-0.15,-1.15,2.54,1.47
2024-12-06 13:35:44.531,66.6,583.0,0.81,0.56,-0.15,-1.09,1.44,0.92
2024-12-06 13:35:44.536,66.15,575.0,0.81,0.58,-0.15,-1.15,0.65,1.35
2024-12-06 13:35:44.560,64.57,565.0,0.81,0.57,-0.15,-1.52,-0.76,1.66
2024-12-06 13:35:44.562,65.47,564.0,0.81,0.54,-0.15,-1.46,-0.39,1.05
2024-12-06 13:35:44.570,68.85,579.0,0.81,0.52,-0.15,-1.46,-0.39,1.05
2024-12-06 13:35:44.580,64.57,576.0,0.81,0.52,-0.14,-1.33,-1.43,0.37
2024-12-06 13:35:44.588,67.72,561.0,0.81,0.54,-0.14,-1.7,-2.34,0.13
2024-12-06 13:35:44.593,70.65,550.0,0.81,0.54,-0.14,-1.76,-3.02,0.01
2024-12-06 13:35:44.598,67.72,558.0,0.81,0.54,-0.14,-1.64,-3.02,-0.24
2024-12-06 13:35:44.607,67.5,565.0,0.8,0.54,-0.14,-1.58,-3.2,-0.79
2024-12-06 13:35:44.616,72.9,558.0,0.8,0.53,-0.14,-1.58,-3.2,-0.79
2024-12-06 13:35:44.622,72.67,549.0,0.81,0.53,-0.14,-1.52,-3.26,-1.21
2024-12-06 13:35:44.631,72.22,564.0,0.82,0.55,-0.13,-1.82,-3.32,-1.09
2024-12-06 13:35:44.757,75.38,557.0,0.81,0.55,-0.15,-3.71,1.56,1.78
2024-12-06 13:35:44.759,73.8,556.0,0.81,0.55,-0.15,-3.35,1.56,1.35
2024-12-06 13:35:44.765,80.1,567.0,0.8,0.55,-0.15,-3.35,1.56,1.35
2024-12-06 13:35:44.775,80.55,566.0,0.8,0.56,-0.15,-3.1,1.38,1.05
2024-12-06 13:35:44.794,75.38,570.0,0.8,0.56,-0.16,-2.07,1.56,1.35
2024-12-06 13:35:44.797,78.07,577.0,0.8,0.56,-0.16,-1.58,1.68,1.53
2024-12-06 13:35:44.810,82.57,582.0,0.8,0.57,-0.17,-1.21,1.13,1.66
2024-12-06 13:35:44.816,79.88,591.0,0.8,0.57,-0.17,-1.21,1.13,1.66
2024-12-06 13:35:44.824,78.75,585.0,0.8,0.57,-0.17,-1.09,0.22,1.53
2024-12-06 13:35:44.838,83.7,575.0,0.8,0.56,-0.17,-1.03,-0.27,1.29
2024-12-06 13:35:44.842,81.22,577.0,0.8,0.56,-0.17,-1.09,-0.57,0.92
2024-12-06 13:35:44.845,81.45,576.0,0.8,0.56,-0.17,-1.15,-0.94,0.56
2024-12-06 13:35:44.852,78.3,594.0,0.8,0.56,-0.17,-1.15,-0.76,0.62
2024-12-06 13:35:44.860,82.12,589.0,0.8,0.57,-0.16,-1.15,-0.76,0.62
2024-12-06 13:35:44.869,81.0,588.0,0.8,0.58,-0.16,-0.91,-0.15,1.11
2024-12-06 13:35:44.877,84.38,571.0,0.8,0.58,-0.16,-0.66,0.59,1.72
2024-12-06 13:35:44.885,85.95,574.0,0.8,0.57,-0.15,-0.3,1.01,2.08
2024-12-06 13:35:44.892,81.9,592.0,0.81,0.55,-0.15,0.07,0.89,2.02
2024-12-06 13:35:44.903,84.82,589.0,0.81,0.55,-0.15,0.25,0.22,1.72
2024-12-06 13:35:44.908,84.6,596.0,0.81,0.55,-0.15,0.13,-0.09,1.66
2024-12-06 13:35:44.918,82.57,577.0,0.81,0.56,-0.15,0.13,-0.09,1.66
2024-12-06 13:35:44.924,84.15,618.0,0.81,0.57,-0.15,-0.24,-0.33,1.78
2024-12-06 13:35:44.934,87.07,585.0,0.81,0.57,-0.16,-0.54,0.22,2.08
2024-12-06 13:35:44.942,85.28,584.0,0.81,0.57,-0.16,-0.6,1.13,2.33
2024-12-06 13:35:44.951,87.75,596.0,0.81,0.57,-0.16,-0.66,1.62,2.51
2024-12-06 13:35:45.5,85.5,554.0,0.81,0.56,-0.15,-0.24,1.13,3.37
2024-12-06 13:35:45.8,90.67,589.0,0.82,0.56,-0.15,-0.36,1.13,3.79
2024-12-06 13:35:45.12,90.67,590.0,0.82,0.54,-0.15,-0.66,1.07,3.91
2024-12-06 13:35:45.23,85.05,572.0,0.82,0.52,-0.14,-0.97,1.62,3.79
2024-12-06 13:35:45.28,91.57,589.0,0.82,0.52,-0.14,-1.09,1.01,3.67
2024-12-06 13:35:45.33,88.88,605.0,0.82,0.52,-0.14,-1.46,0.65,3.61
2024-12-06 13:35:45.42,85.72,593.0,0.82,0.52,-0.15,-1.64,-0.27,3.61
2024-12-06 13:35:45.50,91.57,607.0,0.82,0.52,-0.14,-1.64,-0.27,3.61
2024-12-06 13:35:45.57,90.9,593.0,0.81,0.52,-0.14,-1.82,-0.76,3.49
2024-12-06 13:35:45.66,89.32,604.0,0.8,0.54,-0.14,-2.13,-0.7,3.18
2024-12-06 13:35:45.73,92.7,606.0,0.8,0.55,-0.14,-2.68,0.28,3.37
2024-12-06 13:35:45.82,92.25,595.0,0.8,0.53,-0.14,-2.25,0.52,3.43
2024-12-06 13:35:45.94,87.3,630.0,0.8,0.53,-0.14,-2.49,0.95,3.43
2024-12-06 13:35:45.97,90.0,609.0,0.81,0.53,-0.14,-2.49,0.95,3.43
2024-12-06 13:35:45.106,93.15,596.0,0.82,0.54,-0.13,-2.68,1.26,3.73
2024-12-06 13:35:45.113,92.02,613.0,0.83,0.55,-0.13,-2.49,1.26,4.1
2024-12-06 13:35:45.121,92.25,593.0,0.83,0.56,-0.13,-2.49,2.23,4.77
2024-12-06 13:35:45.129,92.02,608.0,0.82,0.55,-0.14,-2.31,2.29,4.77
2024-12-06 13:35:45.139,94.5,601.0,0.82,0.55,-0.14,-2.07,2.6,4.59
2024-12-06 13:35:45.145,93.38,610.0,0.83,0.54,-0.15,-1.7,2.42,4.22
2024-12-06 13:35:45.158,94.05,589.0,0.83,0.53,-0.14,-1.7,2.42,4.22
2024-12-06 13:35:45.163,94.72,592.0,0.83,0.52,-0.14,-1.64,1.56,3.55
2024-12-06 13:35:45.169,87.52,613.0,0.84,0.53,-0.13,-2.31,1.87,3.43
2024-12-06 13:35:45.192,95.4,611.0,0.83,0.55,-0.13,-2.56,2.11,3.91
2024-12-06 13:35:45.194,93.15,632.0,0.81,0.56,-0.15,-2.98,2.97,5.5
2024-12-06 13:35:45.204,95.4,593.0,0.8,0.55,-0.16,-2.98,2.97,5.5
2024-12-06 13:35:45.223,99.0,597.0,0.8,0.54,-0.14,-3.1,3.33,5.75
2024-12-06 13:35:45.225,90.67,603.0,0.8,0.54,-0.14,-3.53,2.78,5.44
2024-12-06 13:35:45.255,91.8,600.0,0.8,0.54,-0.14,-3.41,1.07,4.83
2024-12-06 13:35:45.258,95.4,616.0,0.82,0.53,-0.13,-3.65,0.34,3.79
2024-12-06 13:35:45.261,98.55,604.0,0.82,0.54,-0.13,-3.1,-0.51,3.43
2024-12-06 13:35:45.271,99.0,604.0,0.82,0.54,-0.13,-3.17,-1.18,2.88
2024-12-06 13:35:45.276,96.75,622.0,0.81,0.54,-0.13,-2.8,-1.8,2.14
2024-12-06 13:35:45.287,96.75,600.0,0.8,0.53,-0.12,-2.8,-1.8,2.14
2024-12-06 13:35:45.296,97.65,609.0,0.79,0.52,-0.12,-2.19,-2.89,1.23
2024-12-06 13:35:45.305,97.42,609.0,0.8,0.52,-0.12,-2.01,-3.75,0.44
2024-12-06 13:35:45.309,97.88,617.0,0.81,0.53,-0.12,-1.94,-4.05,0.25
2024-12-06 13:35:45.316,97.42,613.0,0.81,0.55,-0.12,-1.88,-3.32,0.56
2024-12-06 13:35:45.324,99.9,614.0,0.83,0.55,-0.12,-1.94,-1.86,1.11
2024-12-06 13:35:45.333,96.75,672.0,0.83,0.56,-0.13,-1.94,-1.86,1.53
2024-12-06 13:35:45.343,99.67,614.0,0.83,0.56,-0.14,-1.88,-0.33,1.53
2024-12-06 13:35:45.350,100.12,611.0,0.83,0.55,-0.14,-1.7,1.07,1.66
2024-12-06 13:35:45.357,95.4,613.0,0.83,0.55,-0.14,-1.52,1.5,1.96
2024-12-06 13:35:45.371,97.88,661.0,0.82,0.53,-0.14,-1.46,1.5,1.96
2024-12-06 13:35:45.373,99.22,637.0,0.82,0.53,-0.14,-1.64,1.68,2.02
2024-12-06 13:35:45.385,102.82,609.0,0.83,0.53,-0.14,-1.64,1.81,2.33
2024-12-06 13:35:45.396,101.02,626.0,0.84,0.53,-0.13,-1.64,1.81,2.33
2024-12-06 13:35:45.400,102.38,616.0,0.84,0.53,-0.13,-1.7,1.62,2.63
2024-12-06 13:35:45.404,102.82,625.0,0.84,0.54,-0.13,-1.64,1.2,2.88
2024-12-06 13:35:45.435,100.57,629.0,0.82,0.55,-0.14,-1.52,0.28,3.18
2024-12-06 13:35:45.444,97.65,616.0,0.81,0.56,-0.15,-1.46,0.59,3.12
2024-12-06 13:35:45.450,103.05,623.0,0.81,0.56,-0.15,-1.09,0.46,2.88
2024-12-06 13:35:45.458,104.4,631.0,0.81,0.55,-0.15,-0.91,0.59,2.63
2024-12-06 13:35:45.469,101.47,611.0,0.81,0.55,-0.15,-0.66,0.77,2.45
2024-12-06 13:35:45.474,99.9,622.0,0.82,0.55,-0.15,-0.66,0.77,2.45
2024-12-06 13:35:45.483,102.82,626.0,0.82,0.54,-0.15,-0.3,0.65,2.14
2024-12-06 13:35:45.490,98.1,625.0,0.83,0.53,-0.14,-0.17,0.52,2.08
2024-12-06 13:35:45.499,104.85,631.0,0.84,0.53,-0.13,-0.3,0.16,2.39
2024-12-06 13:35:45.506,103.5,624.0,0.83,0.53,-0.13,-0.36,0.04,2.69
2024-12-06 13:35:45.514,99.22,633.0,0.83,0.53,-0.13,-0.54,-0.27,2.75
2024-12-06 13:35:45.523,105.3,637.0,0.82,0.53,-0.13,-1.21,-0.45,2.75
2024-12-06 13:35:45.530,104.17,632.0,0.82,0.52,-0.12,-1.21,-0.45,2.75
2024-12-06 13:35:45.538,103.27,634.0,0.82,0.54,-0.12,-1.46,-0.64,2.88
2024-12-06 13:35:45.546,103.72,631.0,0.82,0.55,-0.13,-1.76,0.04,3.43
2024-12-06 13:35:45.559,101.92,615.0,0.81,0.55,-0.14,-1.64,0.71,3.98
2024-12-06 13:35:45.566,99.67,618.0,0.81,0.55,-0.14,-1.7,1.01,4.16
2024-12-06 13:35:45.574,101.02,618.0,0.8,0.55,-0.14,-1.33,0.65,4.16
2024-12-06 13:35:45.585,103.5,637.0,0.8,0.55,-0.15,-1.33,0.65,4.16
2024-12-06 13:35:45.588,103.95,618.0,0.8,0.54,-0.15,-0.85,0.28,3.85
2024-12-06 13:35:45.593,105.52,622.0,0.81,0.53,-0.15,-0.36,-0.64,3.12
2024-12-06 13:35:45.601,105.52,628.0,0.82,0.51,-0.14,-0.24,-1.18,2.33
2024-12-06 13:35:45.612,102.82,633.0,0.82,0.51,-0.14,-0.54,-0.7,1.9
2024-12-06 13:35:45.618,102.82,642.0,0.84,0.51,-0.13,-0.79,0.16,1.66
2024-12-06 13:35:45.624,103.95,622.0,0.83,0.51,-0.12,-0.79,0.16,1.66
2024-12-06 13:35:45.637,106.88,639.0,0.83,0.51,-0.12,-1.33,0.83,1.6
2024-12-06 13:35:45.664,101.92,626.0,0.83,0.51,-0.11,-1.21,0.22,2.94
2024-12-06 13:35:45.672,107.55,638.0,0.83,0.53,-0.11,-1.21,1.44,2.94
2024-12-06 13:35:45.678,102.82,622.0,0.83,0.54,-0.12,-1.27,2.97,3.49
2024-12-06 13:35:45.780,108.0,628.0,0.81,0.52,-0.13,-1.7,-1.12,2.82
2024-12-06 13:35:45.784,104.4,646.0,0.82,0.52,-0.13,-1.58,-1.12,2.82
2024-12-06 13:35:45.792,108.45,632.0,0.83,0.52,-0.12,-1.4,-1.31,2.45
2024-12-06 13:35:45.800,107.77,643.0,0.83,0.52,-0.12,-1.27,-0.45,2.14
2024-12-06 13:35:45.810,104.62,633.0,0.84,0.52,-0.12,-0.72,0.52,1.9
2024-12-06 13:35:45.816,105.07,628.0,0.84,0.52,-0.12,-0.17,1.13,1.6
2024-12-06 13:35:45.824,105.07,624.0,0.83,0.51,-0.12,0.31,1.68,1.35
2024-12-06 13:35:45.832,102.82,637.0,0.83,0.51,-0.11,0.31,1.68,1.35
2024-12-06 13:35:45.843,108.0,625.0,0.83,0.52,-0.11,0.92,1.32,1.41
2024-12-06 13:35:45.848,104.4,632.0,0.83,0.53,-0.11,1.23,0.65,1.41
2024-12-06 13:35:45.861,102.6,630.0,0.83,0.53,-0.12,1.17,-0.21,1.17
2024-12-06 13:35:45.864,102.82,628.0,0.83,0.53,-0.12,0.74,-0.76,0.92
2024-12-06 13:35:45.874,102.6,624.0,0.84,0.53,-0.12,0.19,-1.06,0.56
2024-12-06 13:35:45.881,102.82,629.0,0.84,0.53,-0.13,0.19,-1.06,0.31
2024-12-06 13:35:45.888,103.05,640.0,0.84,0.53,-0.13,-0.54,-1.25,0.31
2024-12-06 13:35:45.896,105.97,637.0,0.83,0.53,-0.12,-1.15,-1.37,0.25
2024-12-06 13:35:45.928,106.65,616.0,0.83,0.54,-0.11,-1.15,-1.43,0.74
2024-12-06 13:35:45.935,105.3,617.0,0.84,0.53,-0.11,-1.03,-1.12,1.23
2024-12-06 13:35:45.948,102.15,614.0,0.84,0.53,-0.12,-0.85,-0.57,1.41
2024-12-06 13:35:45.951,107.77,610.0,0.84,0.53,-0.12,-0.48,0.04,1.29
2024-12-06 13:35:45.958,102.82,628.0,0.84,0.52,-0.13,-0.11,0.16,0.98
2024-12-06 13:35:45.969,106.88,610.0,0.84,0.52,-0.13,0.07,0.28,0.74
2024-12-06 13:35:45.979,104.85,622.0,0.84,0.52,-0.13,0.25,0.46,0.74
2024-12-06 13:35:45.982,103.72,620.0,0.84,0.52,-0.13,0.25,0.46,0.74
2024-12-06 13:35:45.997,103.27,617.0,0.84,0.52,-0.13,0.25,0.95,0.74
2024-12-06 13:35:45.999,105.52,627.0,0.83,0.52,-0.13,0.37,1.26,0.62
2024-12-06 13:35:46.11,100.8,622.0,0.84,0.52,-0.14,0.62,1.32,0.62
2024-12-06 13:35:46.21,107.32,623.0,0.84,0.52,-0.14,0.92,1.13,0.86
2024-12-06 13:35:46.24,105.07,615.0,0.84,0.52,-0.13,1.17,0.89,1.17
2024-12-06 13:35:46.29,108.67,583.0,0.84,0.52,-0.13,1.17,0.89,1.17
2024-12-06 13:35:46.42,106.2,614.0,0.84,0.53,-0.13,1.29,0.65,1.47
2024-12-06 13:35:46.49,105.97,626.0,0.84,0.53,-0.13,1.29,0.4,1.66
2024-12-06 13:35:46.57,105.97,623.0,0.83,0.54,-0.14,1.29,0.16,1.53
2024-12-06 13:35:46.62,104.4,664.0,0.83,0.54,-0.14,1.47,-0.15,1.23
2024-12-06 13:35:46.68,100.57,624.0,0.82,0.54,-0.14,1.47,-0.15,1.05
2024-12-06 13:35:46.76,105.75,606.0,0.82,0.54,-0.15,1.66,-0.33,1.05
2024-12-06 13:35:46.84,103.72,619.0,0.81,0.54,-0.15,1.84,-0.33,0.92
2024-12-06 13:35:46.93,109.12,615.0,0.81,0.54,-0.14,1.9,-0.39,0.92
2024-12-06 13:35:46.101,105.52,618.0,0.81,0.53,-0.13,1.84,-0.51,1.05
2024-12-06 13:35:46.131,106.42,623.0,0.81,0.53,-0.13,1.72,-0.64,1.35
2024-12-06 13:35:46.134,103.72,609.0,0.81,0.53,-0.13,1.47,-1.25,1.35
2024-12-06 13:35:46.139,105.97,617.0,0.81,0.53,-0.13,1.41,-1.67,1.17
2024-12-06 13:35:46.152,106.2,624.0,0.81,0.53,-0.14,1.35,-1.98,1.11
2024-12-06 13:35:46.155,102.82,603.0,0.82,0.54,-0.14,1.17,-1.8,1.29
2024-12-06 13:35:46.166,102.82,615.0,0.83,0.54,-0.14,1.17,-1.8,1.29
2024-12-06 13:35:46.171,103.72,614.0,0.84,0.53,-0.14,1.05,-1.31,1.72
2024-12-06 13:35:46.179,103.72,621.0,0.84,0.53,-0.14,0.98,-0.76,1.96
2024-12-06 13:35:46.186,102.38,618.0,0.84,0.52,-0.14,1.05,-0.27,2.14
2024-12-06 13:35:46.196,105.97,646.0,0.84,0.52,-0.14,1.23,-0.03,2.21
2024-12-06 13:35:46.202,105.3,622.0,0.84,0.52,-0.14,1.41,0.16,2.33
2024-12-06 13:35:46.212,109.35,630.0,0.84,0.52,-0.14,1.41,-0.03,2.27
2024-12-06 13:35:46.218,105.3,623.0,0.84,0.53,-0.13,1.6,-0.03,2.27
2024-12-06 13:35:46.226,105.07,619.0,0.84,0.52,-0.13,1.66,-0.27,2.33
2024-12-06 13:35:46.234,104.4,623.0,0.84,0.51,-0.13,1.41,-0.03,2.33
2024-12-06 13:35:46.244,103.27,635.0,0.84,0.51,-0.13,1.41,-0.09,2.27
2024-12-06 13:35:46.250,105.52,641.0,0.84,0.51,-0.13,1.23,-0.03,2.27
2024-12-06 13:35:46.257,106.88,629.0,0.84,0.52,-0.13,1.23,-0.03,2.27
2024-12-06 13:35:46.265,104.62,637.0,0.83,0.52,-0.13,1.05,-0.03,2.27
2024-12-06 13:35:46.273,105.52,619.0,0.83,0.53,-0.13,0.92,0.04,2.33
2024-12-06 13:35:46.282,106.42,633.0,0.82,0.52,-0.13,0.86,0.22,2.27
2024-12-06 13:35:46.292,109.57,648.0,0.82,0.52,-0.14,0.86,0.4,2.27
2024-12-06 13:35:46.298,103.5,626.0,0.82,0.52,-0.14,0.8,0.65,2.27
2024-12-06 13:35:46.307,104.85,638.0,0.82,0.52,-0.14,0.8,0.65,2.33
2024-12-06 13:35:46.341,107.55,627.0,0.83,0.51,-0.13,-0.11,0.04,2.69
2024-12-06 13:35:46.348,103.95,628.0,0.83,0.51,-0.13,-0.11,-0.27,2.82
2024-12-06 13:35:46.351,104.4,633.0,0.83,0.52,-0.13,-0.6,-0.27,2.82
2024-12-06 13:35:46.358,103.27,637.0,0.83,0.52,-0.13,-0.72,-0.33,2.88
2024-12-06 13:35:46.366,103.05,635.0,0.83,0.52,-0.14,-0.79,-0.33,2.88
2024-12-06 13:35:46.374,102.15,626.0,0.82,0.51,-0.14,-0.6,-0.45,2.63
2024-12-06 13:35:46.389,107.55,626.0,0.82,0.51,-0.14,-0.42,-0.64,2.39
2024-12-06 13:35:46.391,102.6,631.0,0.83,0.51,-0.14,-0.11,-0.39,2.14
2024-12-06 13:35:46.398,101.92,636.0,0.83,0.51,-0.14,-0.11,-0.39,2.14
2024-12-06 13:35:46.406,106.42,634.0,0.83,0.51,-0.13,0.07,0.04,1.84
2024-12-06 13:35:46.413,108.0,633.0,0.83,0.51,-0.13,0.25,0.28,1.72
2024-12-06 13:35:46.421,108.0,647.0,0.83,0.52,-0.14,0.31,0.46,1.72
2024-12-06 13:35:46.430,105.3,637.0,0.83,0.52,-0.14,0.37,0.52,1.6
2024-12-06 13:35:46.437,108.67,640.0,0.83,0.52,-0.14,0.56,0.28,1.41
2024-12-06 13:35:46.447,103.5,635.0,0.82,0.52,-0.14,0.56,0.28,1.41
2024-12-06 13:35:46.453,108.45,640.0,0.83,0.52,-0.15,0.74,-0.15,1.23
2024-12-06 13:35:46.461,102.82,641.0,0.83,0.52,-0.15,0.74,-0.39,0.98
2024-12-06 13:35:46.470,105.97,635.0,0.83,0.52,-0.14,0.8,-0.45,0.74
2024-12-06 13:35:46.478,105.75,637.0,0.83,0.52,-0.14,0.86,-0.45,0.5
2024-12-06 13:35:46.484,104.62,633.0,0.83,0.51,-0.14,0.92,-0.51,0.25
2024-12-06 13:35:46.492,101.47,629.0,0.83,0.51,-0.15,0.92,-0.51,0.25
2024-12-06 13:35:46.502,104.4,640.0,0.83,0.51,-0.14,1.05,-0.57,0.13
2024-12-06 13:35:46.513,107.32,606.0,0.83,0.52,-0.14,1.05,-0.45,0.07
2024-12-06 13:35:46.518,101.92,647.0,0.83,0.52,-0.14,1.05,-0.33,0.31
2024-12-06 13:35:46.532,106.2,643.0,0.83,0.52,-0.14,0.92,-0.15,0.62
2024-12-06 13:35:46.534,106.65,633.0,0.83,0.52,-0.14,0.8,-0.09,0.74
2024-12-06 13:35:46.545,105.52,654.0,0.82,0.52,-0.14,0.8,-0.09,0.74
2024-12-06 13:35:46.579,104.62,651.0,0.83,0.52,-0.14,0.19,0.46,-0.05
2024-12-06 13:35:46.588,109.12,628.0,0.83,0.52,-0.13,0.19,0.46,-0.05
2024-12-06 13:35:46.594,105.07,641.0,0.83,0.52,-0.13,0.25,0.28,0.01
2024-12-06 13:35:46.603,102.82,636.0,0.84,0.52,-0.14,0.56,-0.03,0.07
2024-12-06 13:35:46.610,102.82,640.0,0.84,0.52,-0.14,0.74,-0.21,0.13
2024-12-06 13:35:46.618,105.97,649.0,0.84,0.52,-0.14,0.68,-0.21,0.07
2024-12-06 13:35:46.626,104.17,649.0,0.83,0.52,-0.14,0.5,-0.03,-0.05
2024-12-06 13:35:46.635,106.2,646.0,0.83,0.52,-0.14,0.5,-0.03,-0.05
2024-12-06 13:35:46.644,108.22,644.0,0.82,0.52,-0.14,0.25,0.22,-0.05
2024-12-06 13:35:46.650,109.35,653.0,0.82,0.52,-0.14,0.07,0.34,-0.11
2024-12-06 13:35:46.680,103.5,633.0,0.82,0.52,-0.14,-0.05,0.46,-0.05
2024-12-06 13:35:46.683,105.07,672.0,0.83,0.52,-0.14,0.13,0.59,0.25
2024-12-06 13:35:46.708,106.42,643.0,0.83,0.52,-0.14,0.25,0.71,0.37
2024-12-06 13:35:46.711,103.27,651.0,0.83,0.52,-0.14,0.31,0.83,0.37
2024-12-06 13:35:46.713,104.62,655.0,0.83,0.52,-0.14,0.37,0.77,0.19
2024-12-06 13:35:46.719,103.5,648.0,0.83,0.53,-0.14,0.37,0.77,0.19
2024-12-06 13:35:46.841,102.38,665.0,0.83,0.53,-0.14,1.53,0.16,0.68
2024-12-06 13:35:46.843,107.1,636.0,0.83,0.53,-0.14,1.53,0.1,0.68
2024-12-06 13:35:46.854,103.05,651.0,0.83,0.53,-0.14,1.35,0.1,0.56
2024-12-06 13:35:46.865,105.3,643.0,0.83,0.53,-0.14,1.17,0.04,0.37
2024-12-06 13:35:46.872,107.1,638.0,0.83,0.53,-0.14,1.17,-0.21,0.37
2024-12-06 13:35:46.882,103.95,647.0,0.83,0.53,-0.14,1.17,-0.21,0.37
2024-12-06 13:35:46.887,106.2,638.0,0.83,0.53,-0.14,1.17,-0.39,0.44
2024-12-06 13:35:46.895,103.05,646.0,0.83,0.53,-0.14,1.17,-0.39,0.5
2024-12-06 13:35:46.905,104.62,648.0,0.83,0.52,-0.14,1.05,-0.21,0.56
2024-12-06 13:35:46.911,106.88,641.0,0.83,0.52,-0.14,0.98,-0.09,0.5
2024-12-06 13:35:46.919,105.75,636.0,0.83,0.52,-0.14,0.98,-0.33,0.37
2024-12-06 13:35:46.927,105.97,646.0,0.82,0.52,-0.14,0.98,-0.33,0.37
2024-12-06 13:35:46.935,104.85,652.0,0.82,0.52,-0.14,0.92,-0.64,0.25
2024-12-06 13:35:46.943,103.95,646.0,0.82,0.52,-0.15,0.98,-0.94,0.07
2024-12-06 13:35:46.953,102.15,641.0,0.83,0.52,-0.15,0.98,-1.0,0.01
2024-12-06 13:35:46.958,106.88,630.0,0.83,0.52,-0.14,0.86,-1.0,-0.05
2024-12-06 13:35:46.968,105.97,619.0,0.82,0.52,-0.14,0.98,-0.94,-0.17
2024-12-06 13:35:46.976,103.95,633.0,0.82,0.52,-0.15,0.98,-0.94,-0.17
2024-12-06 13:35:46.983,104.62,634.0,0.82,0.52,-0.15,1.11,-0.82,-0.48
2024-12-06 13:35:47.17,104.4,625.0,0.82,0.52,-0.15,1.35,-1.0,-0.72
2024-12-06 13:35:47.20,104.4,617.0,0.83,0.52,-0.15,2.08,-1.86,-1.58
2024-12-06 13:35:47.25,104.85,634.0,0.83,0.52,-0.15,2.08,-1.86,-1.58
2024-12-06 13:35:47.29,104.62,632.0,0.83,0.53,-0.15,2.27,-1.92,-1.64
2024-12-06 13:35:47.36,106.65,634.0,0.83,0.53,-0.15,2.33,-1.67,-1.7
2024-12-06 13:35:47.54,105.75,625.0,0.82,0.53,-0.15,2.45,-1.61,-1.7
2024-12-06 13:35:47.57,108.9,645.0,0.82,0.53,-0.15,2.57,-1.8,-1.82
2024-12-06 13:35:47.60,106.2,644.0,0.82,0.53,-0.15,2.57,-1.8,-1.88
2024-12-06 13:35:47.72,105.97,638.0,0.82,0.53,-0.16,2.63,-1.8,-1.88
2024-12-06 13:35:47.77,108.67,627.0,0.82,0.53,-0.16,2.75,-2.1,-2.01
2024-12-06 13:35:47.89,106.2,650.0,0.82,0.53,-0.16,2.75,-2.59,-2.07
2024-12-06 13:35:47.93,104.4,630.0,0.82,0.53,-0.16,2.57,-2.65,-2.13
2024-12-06 13:35:47.100,105.52,631.0,0.82,0.53,-0.16,2.63,-2.16,-2.07
2024-12-06 13:35:47.109,108.45,632.0,0.82,0.53,-0.16,2.63,-1.92,-2.01
2024-12-06 13:35:47.121,102.15,627.0,0.82,0.52,-0.16,2.82,-1.92,-2.01
2024-12-06 13:35:47.123,105.3,628.0,0.83,0.52,-0.16,2.94,-1.8,-1.94
2024-12-06 13:35:47.131,102.38,619.0,0.83,0.52,-0.15,3.06,-1.43,-1.82
2024-12-06 13:35:47.139,105.97,616.0,0.83,0.52,-0.15,3.12,-1.0,-1.76
2024-12-06 13:35:47.146,107.32,618.0,0.83,0.52,-0.15,3.06,-0.33,-1.64
2024-12-06 13:35:47.170,107.32,653.0,0.82,0.53,-0.15,3.06,0.4,-1.4
2024-12-06 13:35:47.176,102.6,668.0,0.82,0.53,-0.16,3.12,1.13,-1.09
2024-12-06 13:35:47.179,107.55,650.0,0.82,0.53,-0.16,3.18,1.5,-0.91
2024-12-06 13:35:47.185,106.88,630.0,0.82,0.53,-0.16,3.3,1.07,-0.66
2024-12-06 13:35:47.194,101.7,620.0,0.82,0.53,-0.16,3.24,0.77,-0.54
2024-12-06 13:35:47.201,105.07,654.0,0.82,0.52,-0.16,3.24,0.77,-0.54
2024-12-06 13:35:47.219,105.52,623.0,0.81,0.52,-0.16,3.18,0.52,-0.6
2024-12-06 13:35:47.241,105.52,640.0,0.81,0.54,-0.17,2.51,0.83,-1.15
2024-12-06 13:35:47.247,105.07,618.0,0.81,0.54,-0.17,2.51,0.83,-1.15
2024-12-06 13:35:47.257,103.05,627.0,0.81,0.54,-0.17,2.57,1.07,-1.03
2024-12-06 13:35:47.271,104.17,608.0,0.82,0.54,-0.16,2.63,1.01,-0.72
2024-12-06 13:35:47.280,105.97,613.0,0.82,0.53,-0.16,2.82,0.95,-0.6
2024-12-06 13:35:47.284,105.75,608.0,0.82,0.53,-0.16,2.94,0.65,-0.66
2024-12-06 13:35:47.288,107.77,627.0,0.82,0.53,-0.16,2.94,0.65,-0.66
2024-12-06 13:35:47.299,104.62,629.0,0.82,0.52,-0.16,2.88,0.52,-0.91
2024-12-06 13:35:47.314,102.82,620.0,0.82,0.52,-0.15,2.75,0.4,-1.21
2024-12-06 13:35:47.317,104.4,602.0,0.82,0.53,-0.15,2.57,0.34,-1.46
2024-12-06 13:35:47.321,106.88,620.0,0.82,0.54,-0.16,2.82,-0.27,-1.46
2024-12-06 13:35:47.326,105.07,609.0,0.82,0.54,-0.16,2.33,0.28,-1.64
2024-12-06 13:35:47.337,104.85,618.0,0.81,0.55,-0.16,2.33,0.28,-1.88
2024-12-06 13:35:47.346,102.82,601.0,0.8,0.54,-0.15,2.27,0.04,-1.88
2024-12-06 13:35:47.354,102.15,610.0,0.81,0.53,-0.16,2.51,-0.64,-2.07
2024-12-06 13:35:47.362,103.5,604.0,0.8,0.53,-0.17,2.57,-1.37,-2.49
2024-12-06 13:35:47.371,98.1,624.0,0.8,0.53,-0.17,2.33,-1.92,-2.98
2024-12-06 13:35:47.375,109.8,631.0,0.8,0.53,-0.17,1.96,-1.98,-3.47
2024-12-06 13:35:47.381,107.77,623.0,0.8,0.53,-0.16,1.6,-1.73,-3.84
2024-12-06 13:35:47.390,106.88,624.0,0.8,0.53,-0.16,1.6,-1.73,-3.84
2024-12-06 13:35:47.408,108.22,611.0,0.79,0.53,-0.18,1.47,-2.53,-4.63
2024-12-06 13:35:47.412,103.72,614.0,0.79,0.54,-0.18,1.6,-2.65,-4.75
2024-12-06 13:35:47.430,103.72,616.0,0.79,0.54,-0.18,1.23,-1.98,-4.94
2024-12-06 13:35:47.432,105.97,613.0,0.79,0.55,-0.17,1.23,-2.65,-5.06
2024-12-06 13:35:47.436,103.5,616.0,0.79,0.54,-0.18,2.08,-2.65,-5.06
2024-12-06 13:35:47.466,106.65,588.0,0.79,0.53,-0.17,1.72,-2.22,-5.18
2024-12-06 13:35:47.471,106.2,598.0,0.8,0.53,-0.16,0.56,-1.61,-5.42
2024-12-06 13:35:47.474,104.85,601.0,0.81,0.54,-0.15,0.56,-1.61,-5.42
2024-12-06 13:35:47.492,104.4,607.0,0.81,0.55,-0.16,0.01,-1.55,-5.18
2024-12-06 13:35:47.494,106.2,601.0,0.81,0.55,-0.17,-0.24,-1.31,-4.94
2024-12-06 13:35:47.501,104.85,616.0,0.81,0.55,-0.17,-0.6,-0.82,-4.81
2024-12-06 13:35:47.509,105.3,610.0,0.81,0.54,-0.17,-0.6,-0.45,-4.63
2024-12-06 13:35:47.517,103.95,605.0,0.81,0.54,-0.17,-0.48,-0.15,-4.51
2024-12-06 13:35:47.522,104.85,622.0,0.81,0.54,-0.18,-0.48,-0.15,-4.51
2024-12-06 13:35:47.531,105.75,601.0,0.82,0.55,-0.18,-0.24,0.1,-4.14
2024-12-06 13:35:47.537,108.0,595.0,0.82,0.55,-0.18,0.25,0.28,-3.65
2024-12-06 13:35:47.548,104.17,603.0,0.82,0.56,-0.17,0.68,0.04,-3.29
2024-12-06 13:35:47.553,102.38,592.0,0.81,0.56,-0.16,0.5,-0.76,-3.23
2024-12-06 13:35:47.564,106.2,602.0,0.81,0.56,-0.16,-0.36,-0.39,-3.35
2024-12-06 13:35:47.573,103.95,621.0,0.82,0.55,-0.15,-0.36,-0.39,-3.35
2024-12-06 13:35:47.579,102.82,605.0,0.83,0.54,-0.14,-0.72,-0.27,-3.29
2024-12-06 13:35:47.588,101.92,608.0,0.83,0.54,-0.16,-1.15,0.22,-3.1
2024-12-06 13:35:47.595,104.17,607.0,0.82,0.54,-0.18,-1.33,1.32,-3.1
2024-12-06 13:35:47.603,108.45,609.0,0.82,0.54,-0.2,-0.79,2.05,-3.04
2024-12-06 13:35:47.608,108.45,616.0,0.8,0.56,-0.2,0.44,1.93,-2.8
2024-12-06 13:35:47.616,103.27,625.0,0.79,0.58,-0.22,0.44,1.93,-2.8
2024-12-06 13:35:47.624,108.0,610.0,0.78,0.61,-0.23,1.78,0.83,-2.49
2024-12-06 13:35:47.632,103.72,612.0,0.78,0.61,-0.22,2.82,0.22,-2.01
2024-12-06 13:35:47.641,107.77,600.0,0.78,0.6,-0.21,3.49,0.28,-1.58
2024-12-06 13:35:47.649,106.88,619.0,0.79,0.58,-0.2,3.49,1.01,-1.33
2024-12-06 13:35:47.656,103.5,617.0,0.79,0.58,-0.2,3.12,1.93,-1.09
2024-12-06 13:35:47.694,107.77,594.0,0.8,0.57,-0.18,2.33,3.39,-0.17
2024-12-06 13:35:47.697,104.85,613.0,0.8,0.57,-0.18,2.63,3.51,0.31
2024-12-06 13:35:47.709,104.85,671.0,0.81,0.57,-0.18,2.63,3.7,0.86
2024-12-06 13:35:47.711,105.52,602.0,0.81,0.57,-0.18,3.18,3.7,0.86
2024-12-06 13:35:47.720,105.75,609.0,0.81,0.57,-0.18,3.85,3.88,1.11
2024-12-06 13:35:47.732,102.38,612.0,0.81,0.57,-0.19,4.28,4.43,1.23
2024-12-06 13:35:47.734,106.42,595.0,0.81,0.56,-0.19,4.59,5.04,1.23
2024-12-06 13:35:47.740,103.72,610.0,0.81,0.56,-0.19,4.89,5.41,1.29
2024-12-06 13:35:47.748,102.82,601.0,0.81,0.56,-0.19,4.89,5.41,1.29
2024-12-06 13:35:47.756,103.5,600.0,0.8,0.55,-0.2,5.14,5.47,1.23
2024-12-06 13:35:47.767,105.52,591.0,0.79,0.56,-0.2,5.32,5.41,1.29
2024-12-06 13:35:47.772,107.77,614.0,0.79,0.56,-0.2,5.62,5.35,1.41
2024-12-06 13:35:47.871,105.75,595.0,0.79,0.57,-0.19,5.75,5.83,1.96
2024-12-06 13:35:47.880,104.4,587.0,0.78,0.54,-0.17,1.11,0.71,-0.66
2024-12-06 13:35:47.886,97.88,584.0,0.78,0.55,-0.17,1.05,1.38,-0.6
2024-12-06 13:35:47.896,105.52,592.0,0.78,0.56,-0.17,0.98,2.17,-0.36
2024-12-06 13:35:47.906,103.72,593.0,0.78,0.56,-0.17,0.98,3.09,0.07
2024-12-06 13:35:47.909,105.3,587.0,0.79,0.56,-0.17,0.98,3.09,0.56
2024-12-06 13:35:47.918,105.3,587.0,0.8,0.56,-0.16,1.05,3.94,0.56
2024-12-06 13:35:47.926,104.62,616.0,0.81,0.56,-0.16,1.05,4.37,1.11
2024-12-06 13:35:47.936,102.6,598.0,0.83,0.56,-0.16,0.8,4.8,1.9
2024-12-06 13:35:47.942,102.15,580.0,0.83,0.56,-0.16,0.44,4.92,2.39
2024-12-06 13:35:47.954,96.07,605.0,0.83,0.56,-0.16,0.13,4.86,2.33
2024-12-06 13:35:47.978,104.85,586.0,0.82,0.56,-0.17,-0.3,5.22,2.27
2024-12-06 13:35:47.984,108.45,578.0,0.81,0.56,-0.17,0.13,4.92,2.27
2024-12-06 13:35:47.989,105.52,583.0,0.81,0.56,-0.17,0.68,4.25,2.02
2024-12-06 13:35:47.996,107.1,591.0,0.81,0.56,-0.17,1.05,3.45,1.84
2024-12-06 13:35:48.3,107.32,564.0,0.81,0.55,-0.17,1.05,3.45,1.84
2024-12-06 13:35:48.13,103.05,573.0,0.81,0.55,-0.16,1.23,3.09,1.66
2024-12-06 13:35:48.18,102.15,592.0,0.81,0.55,-0.15,1.41,2.84,1.47
2024-12-06 13:35:48.26,101.92,565.0,0.81,0.56,-0.15,1.23,3.09,1.47
2024-12-06 13:35:48.34,103.05,580.0,0.81,0.56,-0.15,1.11,3.03,1.29
2024-12-06 13:35:48.42,101.92,576.0,0.8,0.55,-0.15,1.53,2.66,0.86
2024-12-06 13:35:48.50,102.38,593.0,0.79,0.55,-0.16,1.53,2.66,0.86
2024-12-06 13:35:48.67,105.3,579.0,0.79,0.56,-0.17,2.14,2.17,0.37
2024-12-06 13:35:48.74,105.3,574.0,0.8,0.55,-0.17,2.39,2.05,0.19
2024-12-06 13:35:48.82,105.3,582.0,0.8,0.55,-0.17,2.57,1.93,0.01
2024-12-06 13:35:48.90,105.07,559.0,0.8,0.55,-0.17,2.33,1.93,0.07
2024-12-06 13:35:48.100,102.15,562.0,0.81,0.56,-0.16,2.33,1.93,0.07
2024-12-06 13:35:48.110,103.05,575.0,0.81,0.56,-0.16,2.14,2.17,0.25
2024-12-06 13:35:48.116,104.62,557.0,0.8,0.55,-0.16,2.08,2.72,0.31
2024-12-06 13:35:48.148,104.4,550.0,0.79,0.55,-0.16,2.33,2.17,-0.05
2024-12-06 13:35:48.151,108.45,565.0,0.81,0.55,-0.17,3.0,1.68,-0.85
2024-12-06 13:35:48.153,107.32,577.0,0.81,0.55,-0.16,3.3,1.74,-1.03
2024-12-06 13:35:48.161,108.9,551.0,0.81,0.55,-0.16,3.67,1.93,-1.21
2024-12-06 13:35:48.175,106.2,564.0,0.81,0.56,-0.17,3.73,2.29,-1.27
2024-12-06 13:35:48.177,108.22,565.0,0.81,0.56,-0.17,3.73,2.72,-1.03
2024-12-06 13:35:48.183,102.38,569.0,0.83,0.56,-0.16,3.73,3.15,-0.42
2024-12-06 13:35:48.191,109.35,529.0,0.82,0.56,-0.16,3.73,3.15,-0.42
2024-12-06 13:35:48.199,103.27,570.0,0.82,0.57,-0.16,3.98,2.84,-0.05
2024-12-06 13:35:48.207,102.6,532.0,0.81,0.56,-0.17,3.98,2.42,0.44
2024-12-06 13:35:48.216,105.97,556.0,0.81,0.56,-0.17,3.91,1.81,0.44
2024-12-06 13:35:48.223,109.35,565.0,0.81,0.56,-0.17,3.79,1.07,0.37
2024-12-06 13:35:48.230,106.42,578.0,0.81,0.55,-0.17,3.73,0.65,0.01
2024-12-06 13:35:48.239,106.65,567.0,0.8,0.54,-0.17,3.73,0.65,0.01
2024-12-06 13:35:48.250,103.5,547.0,0.98,0.58,-0.17,2.75,3.58,1.35
2024-12-06 13:35:48.256,103.05,548.0,0.93,0.62,-0.13,0.86,12.79,8.8
2024-12-06 13:35:48.264,104.17,557.0,0.63,0.55,-0.14,2.45,6.99,7.15
2024-12-06 13:35:48.271,108.67,556.0,0.7,0.49,-0.21,4.04,1.93,2.39
2024-12-06 13:35:48.278,103.5,557.0,0.7,0.49,-0.21,4.04,0.65,1.9
2024-12-06 13:35:48.286,106.42,562.0,0.79,0.5,-0.19,4.04,-2.47,0.44
2024-12-06 13:35:48.294,102.6,542.0,0.75,0.52,-0.15,5.01,-2.47,0.44
2024-12-06 13:35:48.304,102.38,551.0,0.78,0.52,-0.17,4.28,-1.31,-0.85
2024-12-06 13:35:48.310,105.75,554.0,0.81,0.54,-0.18,3.73,0.59,-0.66
2024-12-06 13:35:48.318,104.62,563.0,0.8,0.56,-0.18,3.73,1.32,-0.17
2024-12-06 13:35:48.327,106.88,541.0,0.8,0.56,-0.18,3.85,1.62,0.37
2024-12-06 13:35:48.336,102.82,521.0,0.8,0.58,-0.18,3.79,2.23,1.11
2024-12-06 13:35:48.343,105.3,539.0,0.8,0.58,-0.17,3.79,2.23,1.11
2024-12-06 13:35:48.350,107.1,557.0,0.8,0.57,-0.17,4.22,2.29,1.6
2024-12-06 13:35:48.358,103.5,545.0,0.81,0.56,-0.17,4.16,1.81,1.84
2024-12-06 13:35:48.367,109.57,562.0,0.82,0.56,-0.17,3.61,1.81,2.14
2024-12-06 13:35:48.400,108.22,548.0,0.81,0.54,-0.17,2.27,0.83,0.8
2024-12-06 13:35:48.404,105.07,555.0,0.81,0.54,-0.16,1.96,0.77,0.44
2024-12-06 13:35:48.412,104.85,554.0,0.81,0.54,-0.16,1.84,1.07,0.5
2024-12-06 13:35:48.420,105.07,539.0,0.81,0.54,-0.16,1.9,1.56,0.74
2024-12-06 13:35:48.429,105.52,550.0,0.8,0.54,-0.17,1.9,2.05,1.17
2024-12-06 13:35:48.436,105.75,552.0,0.8,0.55,-0.17,2.14,2.05,1.17
2024-12-06 13:35:48.444,97.65,532.0,0.79,0.55,-0.16,2.39,2.23,1.53
2024-12-06 13:35:48.453,101.92,542.0,0.79,0.54,-0.16,2.45,2.11,1.6
2024-12-06 13:35:48.460,105.07,537.0,0.81,0.54,-0.16,2.21,2.11,1.6
2024-12-06 13:35:48.468,106.65,558.0,0.81,0.54,-0.16,1.78,2.23,1.9
2024-12-06 13:35:48.476,103.95,539.0,0.82,0.54,-0.16,1.05,2.97,2.27
2024-12-06 13:35:48.485,103.95,554.0,0.81,0.55,-0.16,1.05,2.97,2.27
2024-12-06 13:35:48.497,103.95,542.0,0.79,0.54,-0.16,0.62,2.97,2.21
2024-12-06 13:35:48.509,106.2,548.0,0.79,0.53,-0.17,0.68,2.05,1.66
2024-12-06 13:35:48.512,102.82,526.0,0.79,0.54,-0.17,0.31,1.5,1.17
2024-12-06 13:35:48.515,103.72,545.0,0.79,0.54,-0.17,0.31,1.07,0.56
2024-12-06 13:35:48.523,109.35,544.0,0.79,0.53,-0.16,0.56,1.01,0.13
2024-12-06 13:35:48.531,104.85,549.0,0.8,0.53,-0.16,0.56,1.01,0.13
2024-12-06 13:35:48.541,105.07,545.0,0.8,0.54,-0.16,0.44,1.07,-0.11
2024-12-06 13:35:48.551,106.42,531.0,0.81,0.54,-0.16,0.31,1.2,-0.17
2024-12-06 13:35:48.555,108.0,524.0,0.8,0.54,-0.16,0.25,1.68,-0.05
2024-12-06 13:35:48.563,103.05,530.0,0.8,0.54,-0.15,0.07,2.05,0.01
2024-12-06 13:35:48.576,106.2,553.0,0.8,0.55,-0.15,-0.24,0.28,0.25
2024-12-06 13:35:48.579,107.32,531.0,0.79,0.58,-0.15,-0.24,0.28,0.25
2024-12-06 13:35:48.610,107.1,544.0,0.79,0.61,-0.19,-1.64,1.26,3.55
2024-12-06 13:35:48.616,103.72,534.0,0.8,0.59,-0.2,-1.64,1.26,3.55
2024-12-06 13:35:48.624,103.05,540.0,0.8,0.57,-0.19,-1.58,0.77,3.73
2024-12-06 13:35:48.633,104.17,542.0,0.81,0.56,-0.17,-1.46,0.65,3.37
2024-12-06 13:35:48.640,98.55,551.0,0.81,0.56,-0.16,-1.52,-0.51,2.69
2024-12-06 13:35:48.648,101.25,532.0,0.84,0.55,-0.17,-1.4,-1.37,1.96
2024-12-06 13:35:48.662,99.9,531.0,0.82,0.55,-0.17,-1.03,-1.43,1.23
2024-12-06 13:35:48.664,99.67,580.0,0.82,0.54,-0.17,-1.03,-1.43,1.23
2024-12-06 13:35:48.679,99.0,544.0,0.81,0.53,-0.17,-0.3,-1.92,0.56
2024-12-06 13:35:48.688,96.52,546.0,0.81,0.53,-0.16,0.68,-2.28,0.13
2024-12-06 13:35:48.699,99.9,532.0,0.81,0.54,-0.16,1.53,-2.22,0.07
2024-12-06 13:35:48.708,96.07,548.0,0.81,0.54,-0.16,2.45,-1.0,0.31
2024-12-06 13:35:48.719,101.25,535.0,0.79,0.54,-0.18,3.67,0.1,0.44
2024-12-06 13:35:48.724,96.52,547.0,0.79,0.54,-0.18,4.65,-0.39,0.25
2024-12-06 13:35:48.730,99.67,550.0,0.79,0.54,-0.18,5.07,-1.18,0.07
2024-12-06 13:35:48.738,93.82,526.0,0.8,0.54,-0.19,5.5,-0.82,0.13
2024-12-06 13:35:48.746,94.27,539.0,0.8,0.54,-0.19,5.81,-0.45,0.19
2024-12-06 13:35:48.749,99.22,537.0,0.81,0.55,-0.19,5.81,-0.45,0.13
2024-12-06 13:35:48.757,96.97,549.0,0.81,0.55,-0.2,5.68,-0.15,0.13
2024-12-06 13:35:48.775,94.72,547.0,0.81,0.54,-0.19,5.38,-0.15,-0.05
2024-12-06 13:35:48.782,97.42,543.0,0.81,0.54,-0.17,5.2,-0.57,-0.36
2024-12-06 13:35:48.801,95.85,562.0,0.81,0.53,-0.16,5.01,-1.12,-0.54
2024-12-06 13:35:48.924,88.88,545.0,0.79,0.54,-0.18,3.06,-0.33,-0.54
2024-12-06 13:35:48.933,90.0,538.0,0.79,0.55,-0.18,3.0,-0.15,-0.48
2024-12-06 13:35:48.940,88.2,540.0,0.79,0.55,-0.18,3.18,0.1,-0.36
2024-12-06 13:35:48.963,91.57,556.0,0.8,0.55,-0.19,3.18,0.1,-0.05
2024-12-06 13:35:48.974,89.1,535.0,0.81,0.56,-0.19,3.18,0.22,0.13
2024-12-06 13:35:48.977,88.65,514.0,0.81,0.55,-0.19,3.06,0.16,0.31
2024-12-06 13:35:48.979,84.82,523.0,0.81,0.55,-0.19,2.88,0.4,0.13
2024-12-06 13:35:48.985,89.1,574.0,0.8,0.55,-0.19,2.69,0.52,-0.17
2024-12-06 13:35:48.996,87.3,522.0,0.8,0.55,-0.19,2.69,0.52,-0.17
2024-12-06 13:35:49.1,76.28,540.0,0.8,0.54,-0.19,2.69,0.46,-0.42
2024-12-06 13:35:49.13,86.17,545.0,0.8,0.54,-0.19,2.88,0.28,-0.54
2024-12-06 13:35:49.20,86.62,536.0,0.8,0.54,-0.18,3.06,0.34,-0.6
2024-12-06 13:35:49.51,86.62,521.0,0.8,0.54,-0.18,3.43,0.52,0.07
2024-12-06 13:35:49.58,87.07,540.0,0.8,0.54,-0.18,3.49,0.83,0.19
2024-12-06 13:35:49.64,86.4,521.0,0.8,0.54,-0.18,3.24,1.01,0.31
2024-12-06 13:35:49.71,85.5,549.0,0.8,0.54,-0.18,3.0,0.89,0.44
2024-12-06 13:35:49.83,85.5,534.0,0.8,0.55,-0.19,3.0,0.89,0.44
2024-12-06 13:35:49.86,85.72,571.0,0.8,0.54,-0.2,2.94,0.83,0.44
2024-12-06 13:35:49.94,81.67,530.0,0.8,0.54,-0.2,2.88,1.13,0.25
2024-12-06 13:35:49.104,83.47,545.0,0.8,0.55,-0.2,2.88,1.2,0.13
2024-12-06 13:35:49.110,85.72,546.0,0.8,0.55,-0.2,2.88,1.44,0.19
2024-12-06 13:35:49.120,85.5,540.0,0.8,0.56,-0.2,2.94,1.5,0.44
2024-12-06 13:35:49.126,84.38,533.0,0.8,0.56,-0.2,2.94,1.5,0.44
2024-12-06 13:35:49.161,81.0,533.0,0.8,0.56,-0.2,2.94,1.44,0.62
2024-12-06 13:35:49.167,86.4,543.0,0.79,0.54,-0.2,2.88,0.71,-0.42
2024-12-06 13:35:49.171,81.0,527.0,0.8,0.54,-0.19,2.88,0.71,-0.54
2024-12-06 13:35:49.173,81.0,542.0,0.8,0.54,-0.19,2.75,0.59,-0.54
2024-12-06 13:35:49.180,80.32,545.0,0.8,0.55,-0.19,2.82,0.16,-0.42
2024-12-06 13:35:49.187,80.78,533.0,0.8,0.55,-0.19,2.69,0.1,-0.11
2024-12-06 13:35:49.196,81.67,539.0,0.8,0.54,-0.19,2.63,0.22,0.07
2024-12-06 13:35:49.206,76.28,595.0,0.8,0.54,-0.19,2.63,0.59,0.01
2024-12-06 13:35:49.210,77.85,522.0,0.8,0.54,-0.19,2.63,0.59,0.01
2024-12-06 13:35:49.218,81.0,529.0,0.79,0.55,-0.19,2.57,1.13,0.13
2024-12-06 13:35:49.227,76.95,534.0,0.79,0.57,-0.19,2.45,1.01,0.37
2024-12-06 13:35:49.234,76.05,536.0,0.79,0.57,-0.19,2.39,0.71,0.68
2024-12-06 13:35:49.242,74.47,535.0,0.79,0.57,-0.2,2.39,0.71,1.05
2024-12-06 13:35:49.272,73.57,523.0,0.8,0.57,-0.2,2.33,0.52,1.41
2024-12-06 13:35:49.276,78.97,527.0,0.79,0.56,-0.19,1.96,-0.39,2.08
2024-12-06 13:35:49.281,74.47,546.0,0.79,0.54,-0.19,1.96,0.16,2.21
2024-12-06 13:35:49.293,74.92,533.0,0.79,0.54,-0.19,2.08,0.65,2.51
2024-12-06 13:35:49.298,73.35,538.0,0.79,0.54,-0.18,2.08,0.65,2.51
2024-12-06 13:35:49.307,75.15,529.0,0.83,0.52,-0.17,2.39,0.46,1.96
2024-12-06 13:35:49.312,69.3,541.0,0.84,0.54,-0.19,2.33,-0.03,0.07
2024-12-06 13:35:49.320,73.8,540.0,0.8,0.56,-0.2,2.57,1.07,0.8
2024-12-06 13:35:49.330,70.42,529.0,0.8,0.55,-0.19,2.94,-0.09,1.05
2024-12-06 13:35:49.336,73.57,536.0,0.8,0.55,-0.19,2.63,-0.15,0.98
2024-12-06 13:35:49.344,72.67,585.0,0.81,0.55,-0.2,2.39,-0.15,0.8
2024-12-06 13:35:49.352,69.53,547.0,0.81,0.55,-0.2,2.39,-0.15,0.8
2024-12-06 13:35:49.360,69.53,546.0,0.81,0.55,-0.2,2.27,-0.51,0.62
2024-12-06 13:35:49.368,67.5,542.0,0.81,0.55,-0.21,1.84,-0.76,0.37
2024-12-06 13:35:49.376,69.97,547.0,0.81,0.55,-0.2,1.35,-1.0,0.44
2024-12-06 13:35:49.384,70.65,532.0,0.81,0.55,-0.2,1.05,-1.67,0.62
2024-12-06 13:35:49.391,65.03,548.0,0.8,0.55,-0.2,0.98,-1.61,0.68
2024-12-06 13:35:49.399,66.82,535.0,0.79,0.54,-0.2,0.98,-1.61,0.68
2024-12-06 13:35:49.450,64.12,541.0,0.78,0.54,-0.19,0.92,-1.98,0.25
2024-12-06 13:35:49.452,65.25,538.0,0.79,0.54,-0.21,1.47,-0.15,0.13
2024-12-06 13:35:49.454,63.45,548.0,0.79,0.55,-0.2,1.53,-0.27,0.31
2024-12-06 13:35:49.460,62.32,545.0,0.78,0.54,-0.2,1.72,-0.64,0.44
2024-12-06 13:35:49.468,63.45,537.0,0.78,0.54,-0.2,2.08,-0.27,0.13
2024-12-06 13:35:49.497,62.1,548.0,0.79,0.53,-0.21,2.21,1.13,-0.11
2024-12-06 13:35:49.499,63.9,536.0,0.8,0.56,-0.21,2.27,1.5,0.44
2024-12-06 13:35:49.507,58.95,544.0,0.79,0.55,-0.21,2.14,0.95,0.44
2024-12-06 13:35:49.518,62.77,541.0,0.79,0.55,-0.21,2.08,0.89,0.25
2024-12-06 13:35:49.523,58.95,559.0,0.79,0.54,-0.21,2.08,0.89,0.19
2024-12-06 13:35:49.534,59.62,552.0,0.8,0.54,-0.21,1.9,1.01,0.19
2024-12-06 13:35:49.546,59.62,548.0,0.8,0.55,-0.21,1.66,0.77,0.13
2024-12-06 13:35:49.548,57.6,540.0,0.79,0.55,-0.21,1.53,0.52,0.25
2024-12-06 13:35:49.560,60.52,537.0,0.79,0.55,-0.21,1.53,0.34,0.13
2024-12-06 13:35:49.562,60.52,534.0,0.79,0.55,-0.21,1.53,0.59,0.19
2024-12-06 13:35:49.569,60.52,594.0,0.8,0.56,-0.2,1.53,0.59,0.19
2024-12-06 13:35:49.579,57.82,552.0,0.8,0.56,-0.21,1.47,1.2,0.68
2024-12-06 13:35:49.585,57.82,535.0,0.8,0.56,-0.21,1.6,1.32,1.05
2024-12-06 13:35:49.620,58.5,561.0,0.8,0.54,-0.21,1.78,1.38,1.05
2024-12-06 13:35:49.623,50.62,531.0,0.8,0.55,-0.21,1.9,1.38,1.41
2024-12-06 13:35:49.637,55.12,530.0,0.8,0.55,-0.21,2.08,0.77,1.66
2024-12-06 13:35:49.639,55.8,537.0,0.8,0.55,-0.21,2.08,0.77,1.72
2024-12-06 13:35:49.650,52.88,536.0,0.8,0.55,-0.21,1.9,0.77,1.84
2024-12-06 13:35:49.662,50.4,532.0,0.8,0.55,-0.21,1.9,0.77,2.08
2024-12-06 13:35:49.664,51.07,539.0,0.81,0.56,-0.21,1.72,0.65,2.08
2024-12-06 13:35:49.670,49.05,530.0,0.8,0.57,-0.22,1.53,0.83,2.14
2024-12-06 13:35:49.683,44.55,547.0,0.8,0.56,-0.22,1.53,1.2,2.02
2024-12-06 13:35:49.689,48.82,547.0,0.8,0.56,-0.22,1.6,1.07,2.08
2024-12-06 13:35:49.694,46.12,557.0,0.8,0.56,-0.22,1.66,0.77,2.33
2024-12-06 13:35:49.725,47.47,548.0,0.81,0.56,-0.21,1.66,2.23,3.61
2024-12-06 13:35:49.731,43.88,544.0,0.81,0.56,-0.21,1.6,1.93,4.16
2024-12-06 13:35:49.742,45.0,546.0,0.8,0.56,-0.21,1.6,1.93,4.16
2024-12-06 13:35:49.747,44.55,560.0,0.8,0.54,-0.21,1.78,1.01,4.34
2024-12-06 13:35:49.755,43.42,550.0,0.8,0.54,-0.21,1.6,1.07,4.34
2024-12-06 13:35:49.763,42.75,544.0,0.81,0.55,-0.2,1.05,1.32,4.59
2024-12-06 13:35:49.771,44.55,549.0,0.8,0.55,-0.21,0.98,0.4,4.77
2024-12-06 13:35:49.779,45.9,560.0,0.8,0.55,-0.21,0.8,0.34,4.89
2024-12-06 13:35:49.788,43.65,554.0,0.81,0.54,-0.22,0.8,0.34,4.89
2024-12-06 13:35:49.794,44.1,551.0,0.81,0.55,-0.2,0.31,0.59,5.01
2024-12-06 13:35:49.802,42.97,571.0,0.78,0.57,-0.19,-0.11,0.34,6.17
2024-12-06 13:35:49.833,43.2,542.0,0.76,0.54,-0.18,0.25,-0.09,8.06
2024-12-06 13:35:49.839,41.85,543.0,0.79,0.55,-0.2,0.68,0.16,8.92
2024-12-06 13:35:49.852,40.95,541.0,0.79,0.54,-0.18,1.11,0.04,9.71
2024-12-06 13:35:49.854,35.55,578.0,0.8,0.53,-0.2,1.47,0.52,9.59
2024-12-06 13:35:49.864,35.1,540.0,0.83,0.52,-0.2,1.53,2.05,9.16
2024-12-06 13:35:49.868,27.45,546.0,0.82,0.52,-0.2,1.47,2.66,8.49
2024-12-06 13:35:49.873,37.58,542.0,0.84,0.51,-0.2,1.47,2.66,8.49
2024-12-06 13:35:49.965,28.57,541.0,0.8,0.51,-0.21,1.53,-1.06,3.37
2024-12-06 13:35:49.970,31.95,525.0,0.8,0.51,-0.21,1.53,-1.06,3.12
2024-12-06 13:35:49.979,30.6,549.0,0.8,0.51,-0.21,1.66,-0.88,3.12
2024-12-06 13:35:49.986,32.62,540.0,0.81,0.52,-0.21,1.53,-0.15,3.06
2024-12-06 13:35:49.994,31.05,537.0,0.81,0.53,-0.22,1.53,-0.15,3.06
2024-12-06 13:35:50.4,22.95,547.0,0.81,0.53,-0.22,1.35,0.52,3.0
2024-12-06 13:35:50.10,33.3,534.0,0.81,0.54,-0.21,1.41,0.59,3.0
2024-12-06 13:35:50.17,27.9,525.0,0.81,0.53,-0.21,1.47,0.4,3.0
2024-12-06 13:35:50.25,29.25,551.0,0.81,0.53,-0.21,1.53,-0.15,2.82
2024-12-06 13:35:50.33,29.02,539.0,0.81,0.52,-0.22,1.66,-0.57,2.45
2024-12-06 13:35:50.48,28.35,524.0,0.81,0.51,-0.22,1.66,-0.57,2.45
2024-12-06 13:35:50.66,31.27,529.0,0.81,0.51,-0.21,1.84,-1.31,2.02
2024-12-06 13:35:50.68,27.45,531.0,0.81,0.51,-0.2,1.96,-1.86,1.35
2024-12-06 13:35:50.71,28.8,530.0,0.81,0.51,-0.2,1.96,-1.86,0.98
2024-12-06 13:35:50.79,27.67,527.0,0.8,0.52,-0.21,1.96,-1.86,0.98
2024-12-06 13:35:50.87,27.67,532.0,0.8,0.53,-0.22,2.08,-1.18,0.86
2024-12-06 13:35:50.95,25.88,525.0,0.8,0.53,-0.22,2.27,-1.06,0.92
2024-12-06 13:35:50.112,29.25,536.0,0.81,0.53,-0.23,2.57,-0.94,1.23
2024-12-06 13:35:50.114,27.67,525.0,0.81,0.54,-0.23,2.57,-0.57,1.47
2024-12-06 13:35:50.120,29.25,526.0,0.81,0.54,-0.22,2.39,-0.7,1.66
2024-12-06 13:35:50.129,27.22,571.0,0.81,0.54,-0.22,2.27,-0.57,1.96
2024-12-06 13:35:50.138,26.1,546.0,0.82,0.53,-0.22,2.27,-0.57,1.96
2024-12-06 13:35:50.144,24.52,525.0,0.82,0.53,-0.22,2.02,-0.51,2.02
2024-12-06 13:35:50.175,26.1,535.0,0.82,0.53,-0.22,1.72,-0.76,2.08
2024-12-06 13:35:50.178,27.67,529.0,0.81,0.52,-0.21,1.53,-1.18,2.08
2024-12-06 13:35:50.185,22.5,535.0,0.81,0.51,-0.21,1.53,-1.18,2.08
2024-12-06 13:35:50.190,23.85,523.0,0.81,0.51,-0.21,1.53,-1.12,1.84
2024-12-06 13:35:50.199,21.38,533.0,0.82,0.51,-0.21,1.78,-0.64,1.84
2024-12-06 13:35:50.205,28.12,544.0,0.82,0.51,-0.21,1.96,-0.09,2.21
2024-12-06 13:35:50.216,21.82,544.0,0.82,0.51,-0.21,2.08,0.1,2.63
2024-12-06 13:35:50.221,24.3,531.0,0.82,0.52,-0.21,2.08,0.1,2.63
2024-12-06 13:35:50.230,19.8,531.0,0.82,0.52,-0.22,2.02,0.46,3.18
2024-12-06 13:35:50.240,25.88,596.0,0.81,0.52,-0.22,1.96,0.77,3.43
2024-12-06 13:35:50.250,20.7,522.0,0.8,0.52,-0.22,1.84,0.46,3.24
2024-12-06 13:35:50.254,25.65,519.0,0.8,0.52,-0.22,1.66,0.77,3.0
2024-12-06 13:35:50.264,21.38,539.0,0.82,0.52,-0.22,1.41,1.38,2.94
2024-12-06 13:35:50.286,20.02,535.0,0.8,0.52,-0.22,1.11,1.13,2.75
2024-12-06 13:35:50.294,20.48,520.0,0.8,0.52,-0.23,1.11,0.46,2.82
2024-12-06 13:35:50.302,18.23,516.0,0.8,0.52,-0.23,1.23,0.59,3.0
2024-12-06 13:35:50.313,16.2,531.0,0.8,0.51,-0.23,1.23,1.26,3.18
2024-12-06 13:35:50.315,17.32,538.0,0.81,0.51,-0.22,1.35,1.26,3.18
2024-12-06 13:35:50.322,17.55,522.0,0.83,0.51,-0.22,1.41,1.93,3.79
2024-12-06 13:35:50.332,18.23,521.0,0.83,0.51,-0.22,1.35,2.48,4.59
2024-12-06 13:35:50.339,23.17,534.0,0.81,0.51,-0.21,0.98,2.23,5.01
2024-12-06 13:35:50.346,14.85,534.0,0.81,0.51,-0.21,0.74,1.26,4.89
2024-12-06 13:35:50.353,20.25,529.0,0.81,0.5,-0.21,0.74,1.26,4.89
2024-12-06 13:35:50.363,15.07,531.0,0.81,0.5,-0.23,0.68,0.89,4.52
2024-12-06 13:35:50.370,16.65,531.0,0.82,0.5,-0.23,0.5,1.68,4.4
2024-12-06 13:35:50.408,19.12,519.0,0.83,0.51,-0.21,0.56,1.81,4.46
2024-12-06 13:35:50.412,15.52,531.0,0.81,0.51,-0.22,1.17,-0.51,4.22
2024-12-06 13:35:50.416,15.07,527.0,0.82,0.51,-0.22,1.41,0.22,3.79
2024-12-06 13:35:50.423,14.62,537.0,0.82,0.51,-0.22,1.96,1.68,3.85
2024-12-06 13:35:50.436,15.3,529.0,0.82,0.52,-0.22,1.78,1.5,3.98
2024-12-06 13:35:50.438,11.92,525.0,0.81,0.53,-0.21,1.78,1.5,3.98
2024-12-06 13:35:50.446,11.02,522.0,0.8,0.52,-0.21,1.72,1.56,4.71
2024-12-06 13:35:50.470,11.25,521.0,0.81,0.5,-0.23,1.35,2.36,3.85
2024-12-06 13:35:50.473,9.9,530.0,0.81,0.53,-0.23,1.53,3.21,4.1
2024-12-06 13:35:50.483,11.47,525.0,0.82,0.5,-0.23,1.72,2.78,4.4
2024-12-06 13:35:50.485,10.12,524.0,0.82,0.51,-0.23,1.72,2.78,4.4
2024-12-06 13:35:50.492,6.97,518.0,0.82,0.51,-0.23,1.53,2.36,4.34
2024-12-06 13:35:50.504,5.17,516.0,0.82,0.51,-0.22,1.17,2.29,4.46
2024-12-06 13:35:50.509,9.0,516.0,0.84,0.51,-0.21,0.92,2.48,4.77
2024-12-06 13:35:50.516,11.47,514.0,0.84,0.51,-0.21,0.68,2.42,5.14
2024-12-06 13:35:50.527,6.52,496.0,0.85,0.51,-0.22,0.37,1.68,5.44
2024-12-06 13:35:50.532,10.57,511.0,0.85,0.51,-0.22,0.37,1.68,5.44
2024-12-06 13:35:50.540,9.68,523.0,0.84,0.5,-0.21,0.19,1.5,5.62
2024-12-06 13:35:50.548,8.77,511.0,0.83,0.51,-0.21,0.19,1.01,5.38
2024-12-06 13:35:50.558,8.55,523.0,0.83,0.51,-0.21,0.19,1.01,5.38
2024-12-06 13:35:50.564,8.55,517.0,0.83,0.51,-0.21,0.13,0.95,5.38
2024-12-06 13:35:50.573,11.25,528.0,0.82,0.5,-0.21,0.25,1.5,5.32
2024-12-06 13:35:50.581,4.05,519.0,0.82,0.5,-0.22,0.25,1.5,5.32
2024-12-06 13:35:50.587,6.3,524.0,0.82,0.5,-0.21,0.19,2.17,5.2
2024-12-06 13:35:50.595,1.12,525.0,0.81,0.5,-0.22,0.01,2.78,5.14
2024-12-06 13:35:50.603,8.32,534.0,0.81,0.5,-0.22,0.13,2.84,4.83
2024-12-06 13:35:50.640,4.28,514.0,0.8,0.49,-0.21,0.25,1.32,4.22
2024-12-06 13:35:50.642,4.95,551.0,0.81,0.49,-0.22,0.13,0.83,3.73
2024-12-06 13:35:50.650,3.15,515.0,0.81,0.49,-0.22,0.01,0.77,3.37
2024-12-06 13:35:50.656,4.28,532.0,0.81,0.49,-0.22,-0.05,0.65,3.0
2024-12-06 13:35:50.664,2.7,519.0,0.82,0.49,-0.23,-0.05,0.65,3.0
2024-12-06 13:35:50.671,4.5,532.0,0.82,0.49,-0.22,-0.3,0.71,2.75
2024-12-06 13:35:50.679,1.8,528.0,0.83,0.49,-0.21,-0.6,-0.57,2.57
2024-12-06 13:35:50.694,2.25,527.0,0.84,0.49,-0.22,-0.79,-1.61,2.57
2024-12-06 13:35:50.713,3.82,547.0,0.83,0.49,-0.2,-1.21,-2.41,2.63
2024-12-06 13:35:50.718,2.47,511.0,0.82,0.49,-0.2,-1.21,-3.08,2.45
2024-12-06 13:35:50.728,2.02,502.0,0.82,0.49,-0.22,-1.33,-2.89,2.08
2024-12-06 13:35:50.733,0.67,507.0,0.82,0.49,-0.22,-1.33,-2.22,1.9
2024-12-06 13:35:50.744,2.02,512.0,0.83,0.49,-0.21,-1.09,-2.28,1.9
2024-12-06 13:35:50.752,5.62,538.0,0.83,0.48,-0.21,-1.09,-2.28,1.9
2024-12-06 13:35:50.760,4.5,516.0,0.83,0.49,-0.22,-0.91,-2.1,1.96
2024-12-06 13:35:50.765,0.45,504.0,0.84,0.49,-0.22,-0.79,-1.86,2.21
2024-12-06 13:35:50.773,2.7,516.0,0.84,0.5,-0.21,-0.85,-1.67,2.75
2024-12-06 13:35:50.781,-6.07,515.0,0.82,0.49,-0.21,-0.91,-2.71,2.57
2024-12-06 13:35:50.789,-0.9,516.0,0.82,0.49,-0.21,-0.54,-3.5,1.29
2024-12-06 13:35:50.800,3.15,517.0,0.82,0.47,-0.23,-0.54,-3.5,1.29
2024-12-06 13:35:50.805,0.22,511.0,0.84,0.47,-0.25,0.62,-1.06,0.92
2024-12-06 13:35:50.813,-1.12,516.0,0.83,0.48,-0.22,1.35,-0.51,0.68
2024-12-06 13:35:50.821,0.45,516.0,0.83,0.48,-0.2,1.53,-1.06,0.86
2024-12-06 13:35:50.834,2.02,536.0,0.84,0.48,-0.21,1.6,-0.09,1.53
2024-12-06 13:35:50.858,-1.57,517.0,0.83,0.48,-0.21,1.41,-2.89,1.9
2024-12-06 13:35:50.861,-0.22,554.0,0.83,0.48,-0.22,0.86,-3.5,1.29
2024-12-06 13:35:50.867,-1.57,521.0,0.81,0.47,-0.21,0.62,-3.81,0.25
2024-12-06 13:35:50.875,-1.12,541.0,0.81,0.47,-0.21,-0.24,-6.37,-1.33
2024-12-06 13:35:50.882,0.0,501.0,0.81,0.47,-0.2,-0.42,-5.76,-2.07
2024-12-06 13:35:50.890,-0.67,509.0,0.83,0.48,-0.23,-0.42,-5.76,-2.07
2024-12-06 13:35:50.903,-0.45,519.0,0.83,0.49,-0.23,-0.36,-3.93,-2.01
2024-12-06 13:35:50.905,2.47,498.0,0.81,0.5,-0.22,-0.17,-3.75,-1.88
2024-12-06 13:35:50.914,2.7,501.0,0.8,0.5,-0.23,-0.11,-3.69,-1.82
2024-12-06 13:35:51.9,0.22,508.0,0.8,0.5,-0.23,0.13,-1.92,-1.76
2024-12-06 13:35:51.22,2.92,523.0,0.82,0.54,-0.23,-3.04,4.13,0.86
2024-12-06 13:35:51.28,-3.38,505.0,0.82,0.54,-0.23,-3.04,4.37,0.98
2024-12-06 13:35:51.34,-0.9,505.0,0.82,0.54,-0.23,-2.56,3.64,1.35
2024-12-06 13:35:51.42,-1.12,520.0,0.83,0.54,-0.23,-2.56,3.09,1.96
2024-12-06 13:35:51.52,2.25,501.0,0.84,0.53,-0.23,-2.31,3.09,1.96
2024-12-06 13:35:51.83,0.0,517.0,0.85,0.48,-0.21,-2.01,3.58,3.55
2024-12-06 13:35:51.87,0.45,528.0,0.84,0.47,-0.2,-2.01,3.58,3.55
2024-12-06 13:35:51.95,4.72,501.0,0.84,0.46,-0.2,-2.19,2.78,3.24
2024-12-06 13:35:51.103,-3.82,509.0,0.83,0.46,-0.2,-2.13,1.56,2.75
2024-12-06 13:35:51.118,-5.85,515.0,0.83,0.46,-0.2,-2.07,0.52,2.21
2024-12-06 13:35:51.120,3.6,516.0,0.83,0.46,-0.2,-2.19,0.1,1.78
2024-12-06 13:35:51.132,0.45,523.0,0.82,0.47,-0.2,-2.19,0.1,1.6
2024-12-06 13:35:51.147,-5.17,528.0,0.82,0.47,-0.2,-2.31,-0.39,1.6
2024-12-06 13:35:51.149,2.25,557.0,0.83,0.48,-0.21,-2.31,0.1,1.84
2024-12-06 13:35:51.153,-3.6,515.0,0.82,0.48,-0.21,-1.94,0.89,2.27
2024-12-06 13:35:51.158,0.67,531.0,0.82,0.48,-0.21,-1.82,0.4,2.27
2024-12-06 13:35:51.165,2.7,529.0,0.8,0.48,-0.2,-1.58,-0.57,2.08
2024-12-06 13:35:51.176,2.7,520.0,0.8,0.48,-0.2,-1.58,-0.57,2.08
2024-12-06 13:35:51.181,-2.7,496.0,0.8,0.47,-0.21,-1.27,-1.18,1.78
2024-12-06 13:35:51.190,-2.25,516.0,0.8,0.47,-0.22,-1.21,-1.25,1.17
2024-12-06 13:35:51.197,1.57,523.0,0.8,0.47,-0.23,-1.21,-1.43,0.5
2024-12-06 13:35:51.206,3.15,520.0,0.8,0.47,-0.23,-1.27,-1.37,-0.17
2024-12-06 13:35:51.220,0.22,531.0,0.8,0.47,-0.23,-1.52,-1.18,-1.09
2024-12-06 13:35:51.222,-1.35,528.0,0.8,0.47,-0.23,-1.52,-1.18,-1.09
2024-12-06 13:35:51.228,-0.45,522.0,0.8,0.48,-0.23,-1.82,-0.82,-1.64
2024-12-06 13:35:51.238,0.45,549.0,0.81,0.48,-0.24,-2.07,0.1,-1.7
2024-12-06 13:35:51.245,0.9,524.0,0.81,0.5,-0.24,-1.64,0.59,-1.46
2024-12-06 13:35:51.252,0.67,517.0,0.81,0.5,-0.24,-1.33,0.65,-0.97
2024-12-06 13:35:51.260,0.9,505.0,0.81,0.51,-0.24,-1.4,0.89,-0.48
2024-12-06 13:35:51.275,-2.47,515.0,0.81,0.51,-0.23,-1.4,0.89,-0.48
2024-12-06 13:35:51.282,1.8,523.0,0.81,0.51,-0.23,-1.09,0.77,-0.3
2024-12-06 13:35:51.315,-2.25,520.0,0.83,0.51,-0.21,-0.05,3.21,-0.36
2024-12-06 13:35:51.331,-4.05,536.0,0.83,0.49,-0.2,-0.17,2.05,-0.85
2024-12-06 13:35:51.335,0.22,511.0,0.84,0.47,-0.22,-0.3,2.9,-1.15
2024-12-06 13:35:51.347,-3.82,525.0,0.85,0.47,-0.22,-0.3,2.9,-1.15
2024-12-06 13:35:51.352,2.25,518.0,0.84,0.47,-0.19,-0.91,3.15,-0.79
2024-12-06 13:35:51.359,0.0,527.0,0.84,0.48,-0.19,-1.52,3.15,-0.36
2024-12-06 13:35:51.370,3.15,519.0,0.85,0.49,-0.2,-2.01,3.94,0.62
2024-12-06 13:35:51.377,0.67,530.0,0.85,0.49,-0.2,-2.19,3.76,1.78
2024-12-06 13:35:51.382,0.67,533.0,0.84,0.5,-0.2,-2.25,2.72,2.33
2024-12-06 13:35:51.393,3.15,518.0,0.83,0.51,-0.21,-2.25,2.72,2.33
2024-12-06 13:35:51.397,1.8,525.0,0.83,0.5,-0.21,-2.31,2.36,2.51
2024-12-06 13:35:51.406,-0.45,510.0,0.83,0.5,-0.21,-2.37,2.36,2.51
2024-12-06 13:35:51.418,2.47,520.0,0.82,0.49,-0.21,-2.43,1.87,2.14
2024-12-06 13:35:51.424,2.92,515.0,0.82,0.49,-0.21,-2.68,1.5,1.35
2024-12-06 13:35:51.430,0.0,522.0,0.82,0.49,-0.21,-2.68,1.5,1.35
2024-12-06 13:35:51.439,-1.57,526.0,0.81,0.48,-0.21,-2.92,1.13,0.5
2024-12-06 13:35:51.444,3.15,526.0,0.81,0.49,-0.21,-2.98,1.13,-0.17
2024-12-06 13:35:51.452,0.67,514.0,0.81,0.49,-0.21,-2.98,1.01,-0.42
2024-12-06 13:35:51.460,1.35,526.0,0.81,0.5,-0.21,-2.92,0.89,-0.42
2024-12-06 13:35:51.468,-1.8,529.0,0.81,0.5,-0.21,-2.74,0.71,-0.17
2024-12-06 13:35:51.477,1.8,529.0,0.82,0.5,-0.21,-2.74,0.71,-0.17
2024-12-06 13:35:51.484,-0.45,523.0,0.82,0.51,-0.21,-2.37,0.46,0.19
2024-12-06 13:35:51.491,-1.12,524.0,0.82,0.51,-0.22,-2.13,0.34,0.31
2024-12-06 13:35:51.499,-0.45,524.0,0.82,0.5,-0.22,-2.01,0.34,0.13
2024-12-06 13:35:51.512,0.0,509.0,0.83,0.5,-0.22,-1.94,0.22,-0.24
2024-12-06 13:35:51.544,-2.7,512.0,0.83,0.52,-0.22,-1.7,-0.51,-0.79
2024-12-06 13:35:51.551,-0.9,533.0,0.83,0.52,-0.22,-1.46,-0.7,-0.85
2024-12-06 13:35:51.555,2.7,524.0,0.83,0.52,-0.22,-1.15,-0.82,-0.97
2024-12-06 13:35:51.562,1.8,505.0,0.82,0.52,-0.22,-1.15,-0.82,-0.97
2024-12-06 13:35:51.570,-2.02,524.0,0.82,0.52,-0.22,-0.91,-0.57,-1.09
2024-12-06 13:35:51.586,4.05,528.0,0.83,0.52,-0.21,-0.6,-0.03,-0.97
2024-12-06 13:35:51.594,-1.57,512.0,0.82,0.52,-0.21,-0.3,0.46,-0.85
2024-12-06 13:35:51.599,3.38,505.0,0.82,0.52,-0.21,0.01,0.83,-0.91
2024-12-06 13:35:51.601,2.02,509.0,0.82,0.52,-0.21,0.01,1.07,-0.91
2024-12-06 13:35:51.607,1.8,523.0,0.82,0.52,-0.21,0.19,1.07,-0.91
2024-12-06 13:35:51.617,3.38,517.0,0.83,0.51,-0.21,0.5,1.38,-0.66
2024-12-06 13:35:51.624,-1.57,507.0,0.82,0.52,-0.21,0.68,1.44,-0.42
2024-12-06 13:35:51.632,-0.45,520.0,0.82,0.52,-0.2,0.74,0.89,-0.36
2024-12-06 13:35:51.654,-2.25,527.0,0.82,0.52,-0.2,0.68,0.34,-0.36
2024-12-06 13:35:51.657,-0.22,539.0,0.82,0.51,-0.21,0.5,0.4,-0.42
2024-12-06 13:35:51.664,0.45,513.0,0.82,0.51,-0.21,0.25,0.34,-0.66
2024-12-06 13:35:51.695,-1.35,505.0,0.82,0.51,-0.21,-0.17,-0.39,-1.09
2024-12-06 13:35:51.698,3.38,513.0,0.82,0.51,-0.21,-0.11,-0.94,-1.09
2024-12-06 13:35:51.702,-3.6,523.0,0.82,0.5,-0.21,0.07,-0.88,-1.09
2024-12-06 13:35:51.708,3.15,515.0,0.81,0.5,-0.21,0.31,-0.76,-1.15
2024-12-06 13:35:51.714,0.0,505.0,0.81,0.5,-0.21,0.56,-0.76,-1.15
2024-12-06 13:35:51.727,0.67,525.0,0.81,0.5,-0.21,0.74,-0.27,-1.15
2024-12-06 13:35:51.757,2.47,514.0,0.81,0.5,-0.21,1.05,0.22,-1.21
2024-12-06 13:35:51.760,0.9,528.0,0.82,0.51,-0.21,0.98,0.04,-1.21
2024-12-06 13:35:51.767,-0.67,511.0,0.82,0.51,-0.21,0.98,0.04,-1.21
2024-12-06 13:35:51.775,0.22,523.0,0.82,0.51,-0.21,0.92,-0.15,-1.27
2024-12-06 13:35:51.785,0.22,514.0,0.82,0.51,-0.21,0.8,-0.03,-1.27
2024-12-06 13:35:51.791,-0.67,517.0,0.83,0.51,-0.21,0.74,-0.09,-1.15
2024-12-06 13:35:51.802,3.38,515.0,0.83,0.51,-0.21,0.74,-0.15,-1.03
2024-12-06 13:35:51.806,2.47,519.0,0.82,0.51,-0.21,0.74,-0.21,-1.15
2024-12-06 13:35:51.818,-1.57,517.0,0.82,0.51,-0.21,0.68,-0.21,-1.15
2024-12-06 13:35:51.822,-2.25,509.0,0.82,0.51,-0.21,0.68,-0.51,-1.27
2024-12-06 13:35:51.830,-0.45,504.0,0.82,0.51,-0.21,0.74,-0.88,-1.4
2024-12-06 13:35:51.840,-1.35,509.0,0.82,0.51,-0.22,0.68,-0.94,-1.58
2024-12-06 13:35:51.849,3.38,516.0,0.82,0.51,-0.22,0.74,-1.12,-1.82
2024-12-06 13:35:51.856,-2.7,508.0,0.82,0.51,-0.22,0.74,-1.12,-1.82
2024-12-06 13:35:51.872,-1.57,508.0,0.82,0.52,-0.22,0.92,-1.25,-1.88
2024-12-06 13:35:51.874,-2.25,514.0,0.81,0.52,-0.22,1.11,-1.31,-1.94
2024-12-06 13:35:51.876,2.47,509.0,0.81,0.52,-0.22,1.35,-1.37,-2.13
2024-12-06 13:35:51.884,4.28,508.0,0.81,0.52,-0.22,1.47,-1.43,-2.25
2024-12-06 13:35:51.892,3.6,513.0,0.81,0.52,-0.22,1.29,-1.18,-2.25
2024-12-06 13:35:51.901,0.22,502.0,0.81,0.52,-0.21,1.29,-1.18,-2.25
2024-12-06 13:35:51.907,3.6,515.0,0.81,0.51,-0.21,1.23,-1.31,-2.31
2024-12-06 13:35:51.917,-2.92,511.0,0.81,0.51,-0.21,1.29,-1.31,-2.31
2024-12-06 13:35:51.923,0.0,505.0,0.82,0.52,-0.22,1.29,-1.43,-2.13
2024-12-06 13:35:51.930,-0.45,515.0,0.82,0.52,-0.22,1.53,-1.67,-1.76
2024-12-06 13:35:51.939,0.0,513.0,0.83,0.52,-0.22,1.53,-1.67,-1.58
2024-12-06 13:35:51.946,-2.47,522.0,0.82,0.53,-0.23,1.78,-1.43,-1.58
2024-12-06 13:35:51.955,-0.45,526.0,0.82,0.53,-0.22,1.84,-1.0,-1.46
2024-12-06 13:35:52.66,-3.6,524.0,0.81,0.51,-0.2,1.05,-0.33,-0.36
2024-12-06 13:35:52.85,1.12,517.0,0.82,0.5,-0.21,0.19,0.16,0.13
2024-12-06 13:35:52.89,0.22,528.0,0.82,0.51,-0.22,0.19,0.16,0.13
2024-12-06 13:35:52.104,2.02,559.0,0.81,0.52,-0.22,-0.11,0.16,0.25
2024-12-06 13:35:52.106,-1.12,506.0,0.81,0.52,-0.22,-0.24,0.1,0.31
2024-12-06 13:35:52.113,3.15,512.0,0.8,0.52,-0.22,-0.3,0.28,0.25
2024-12-06 13:35:52.120,1.35,514.0,0.8,0.52,-0.22,-0.48,0.22,0.01
2024-12-06 13:35:52.128,1.35,517.0,0.79,0.51,-0.21,-0.42,-0.15,-0.54
2024-12-06 13:35:52.136,-3.38,503.0,0.79,0.51,-0.22,-0.42,-0.15,-0.54
2024-12-06 13:35:52.146,0.67,518.0,0.79,0.51,-0.23,-0.24,-0.21,-1.03
2024-12-06 13:35:52.156,0.9,513.0,0.8,0.52,-0.24,0.07,-0.27,-1.15
2024-12-06 13:35:52.160,-0.9,515.0,0.8,0.53,-0.24,0.37,-0.27,-1.33
2024-12-06 13:35:52.167,-0.67,519.0,0.8,0.53,-0.24,0.74,0.28,-1.21
2024-12-06 13:35:52.186,0.67,525.0,0.81,0.53,-0.24,1.11,1.32,-0.91
2024-12-06 13:35:52.194,4.28,523.0,0.81,0.53,-0.24,1.11,1.32,-0.91
2024-12-06 13:35:52.196,-0.67,527.0,0.81,0.54,-0.24,1.41,1.93,-0.48
2024-12-06 13:35:52.199,2.25,509.0,0.8,0.54,-0.23,1.35,2.05,-0.24
2024-12-06 13:35:52.208,0.45,525.0,0.8,0.53,-0.22,1.05,1.5,-0.3
2024-12-06 13:35:52.214,0.45,514.0,0.8,0.53,-0.22,0.5,1.13,-0.42
2024-12-06 13:35:52.221,2.7,515.0,0.8,0.52,-0.21,0.5,1.13,-0.42
2024-12-06 13:35:52.231,-2.47,521.0,0.8,0.51,-0.21,-0.05,1.13,-0.6
2024-12-06 13:35:52.237,0.22,509.0,0.8,0.51,-0.21,-0.48,0.59,-0.79
2024-12-06 13:35:52.245,-3.15,516.0,0.8,0.51,-0.22,-0.85,0.22,-0.97
2024-12-06 13:35:52.283,2.92,507.0,0.81,0.52,-0.21,-1.27,0.34,-0.91
2024-12-06 13:35:52.295,2.02,516.0,0.82,0.53,-0.22,-1.64,0.89,0.19
2024-12-06 13:35:52.297,0.0,512.0,0.82,0.53,-0.22,-1.4,1.32,0.74
2024-12-06 13:35:52.299,2.25,512.0,0.82,0.53,-0.22,-0.97,1.38,1.11
2024-12-06 13:35:52.305,2.7,514.0,0.81,0.54,-0.22,-0.97,1.38,1.11
2024-12-06 13:35:52.313,-0.22,503.0,0.81,0.54,-0.23,-0.54,1.01,1.05
2024-12-06 13:35:52.321,3.15,521.0,0.81,0.54,-0.24,-0.11,0.83,0.86
2024-12-06 13:35:52.329,-0.22,517.0,0.8,0.54,-0.24,0.31,0.71,0.68
2024-12-06 13:35:52.344,-1.57,525.0,0.8,0.54,-0.24,0.62,0.46,0.19
2024-12-06 13:35:52.347,-3.6,506.0,0.8,0.53,-0.23,0.68,0.52,-0.3
2024-12-06 13:35:52.352,3.38,516.0,0.8,0.53,-0.23,0.68,0.52,-0.3
2024-12-06 13:35:52.361,1.57,515.0,0.8,0.53,-0.23,0.86,0.71,-0.48
2024-12-06 13:35:52.370,1.35,528.0,0.8,0.53,-0.24,1.41,1.01,-0.54
2024-12-06 13:35:52.377,-1.8,518.0,0.79,0.54,-0.25,1.96,1.2,-0.54
2024-12-06 13:35:52.384,1.57,521.0,0.79,0.54,-0.25,2.51,1.13,-0.36
2024-12-06 13:35:52.397,2.02,493.0,0.8,0.55,-0.24,3.0,1.38,-0.11
2024-12-06 13:35:52.401,-2.47,532.0,0.8,0.55,-0.25,3.0,1.38,-0.11
2024-12-06 13:35:52.435,-0.22,536.0,0.8,0.55,-0.25,3.49,2.48,0.25
2024-12-06 13:35:52.438,-1.35,521.0,0.81,0.55,-0.24,4.28,5.04,2.27
2024-12-06 13:35:52.440,-2.7,533.0,0.81,0.53,-0.21,4.28,5.04,2.27
2024-12-06 13:35:52.446,-3.15,525.0,0.81,0.51,-0.2,3.98,4.92,2.45
2024-12-06 13:35:52.453,-0.22,530.0,0.81,0.49,-0.18,2.94,4.98,2.14
2024-12-06 13:35:52.469,-2.25,555.0,0.82,0.49,-0.17,1.41,5.29,1.9
2024-12-06 13:35:52.481,1.57,519.0,0.83,0.49,-0.18,1.41,5.29,1.9
2024-12-06 13:35:52.492,-2.47,536.0,0.82,0.5,-0.18,0.25,3.33,1.72
2024-12-06 13:35:52.500,1.8,515.0,0.82,0.5,-0.18,-0.3,2.72,1.9
2024-12-06 13:35:52.508,-3.6,534.0,0.8,0.51,-0.18,-0.97,2.54,1.84
2024-12-06 13:35:52.518,0.67,532.0,0.8,0.51,-0.18,-1.52,2.36,1.17
2024-12-06 13:35:52.523,3.38,518.0,0.79,0.51,-0.19,-1.52,2.36,0.31
2024-12-06 13:35:52.532,-2.92,520.0,0.78,0.52,-0.2,-1.94,1.74,0.31
2024-12-06 13:35:52.540,0.0,528.0,0.79,0.52,-0.22,-1.88,1.62,-0.3
2024-12-06 13:35:52.547,0.22,529.0,0.78,0.52,-0.23,-1.52,2.05,-0.72
2024-12-06 13:35:52.555,-0.45,520.0,0.78,0.52,-0.23,-1.21,2.48,-1.09
2024-12-06 13:35:52.568,1.12,525.0,0.78,0.52,-0.23,-1.03,2.9,-1.21
2024-12-06 13:35:52.571,0.45,549.0,0.78,0.52,-0.23,-1.03,2.9,-1.21
2024-12-06 13:35:52.579,-0.67,517.0,0.78,0.53,-0.23,-0.79,3.27,-0.97
2024-12-06 13:35:52.589,3.82,519.0,0.78,0.53,-0.23,-0.72,3.64,-0.72
2024-12-06 13:35:52.594,2.02,542.0,0.79,0.53,-0.22,-0.79,4.06,-0.6
2024-12-06 13:35:52.602,-0.45,532.0,0.8,0.53,-0.22,-0.91,4.25,-0.6
2024-12-06 13:35:52.610,1.12,528.0,0.8,0.53,-0.22,-1.09,4.43,-0.66
2024-12-06 13:35:52.620,4.5,526.0,0.81,0.53,-0.22,-1.09,4.43,-0.66
2024-12-06 13:35:52.625,0.45,531.0,0.82,0.53,-0.21,-1.27,4.8,-0.54
2024-12-06 13:35:52.633,-2.25,523.0,0.83,0.53,-0.2,-1.33,4.67,-0.24
2024-12-06 13:35:52.641,-2.02,538.0,0.83,0.53,-0.2,-1.33,4.13,0.13
2024-12-06 13:35:52.649,1.8,512.0,0.83,0.53,-0.21,-1.27,3.82,0.37
2024-12-06 13:35:52.659,-0.67,540.0,0.84,0.53,-0.21,-1.27,3.76,0.56
2024-12-06 13:35:52.690,2.25,535.0,0.82,0.53,-0.2,-1.46,2.17,0.19
2024-12-06 13:35:52.697,3.38,519.0,0.82,0.53,-0.2,-1.52,1.38,-0.17
2024-12-06 13:35:52.710,-2.47,522.0,0.82,0.53,-0.2,-1.52,1.38,-0.17
2024-12-06 13:35:52.713,-1.35,515.0,0.82,0.53,-0.21,-1.52,0.22,-0.48
2024-12-06 13:35:52.722,-2.7,532.0,0.82,0.53,-0.22,-1.4,-0.57,-0.48
2024-12-06 13:35:52.727,0.22,531.0,0.82,0.53,-0.23,-1.27,-0.82,-0.48
2024-12-06 13:35:52.733,0.67,539.0,0.82,0.53,-0.23,-1.15,-0.76,-0.36
2024-12-06 13:35:52.744,0.22,527.0,0.82,0.53,-0.23,-1.15,-0.39,-0.11
2024-12-06 13:35:52.749,1.57,527.0,0.81,0.53,-0.22,-0.97,-0.39,-0.11
2024-12-06 13:35:52.757,-2.02,528.0,0.81,0.53,-0.22,-0.72,0.1,0.19
2024-12-06 13:35:52.765,2.47,524.0,0.8,0.53,-0.21,-0.48,0.16,0.56
2024-12-06 13:35:52.773,-2.02,529.0,0.8,0.54,-0.21,-0.17,-0.15,0.62
2024-12-06 13:35:52.783,-2.02,531.0,0.8,0.54,-0.21,0.13,-0.27,0.56
2024-12-06 13:35:52.788,-0.9,533.0,0.8,0.54,-0.21,0.25,-0.15,0.44
2024-12-06 13:35:52.797,0.0,536.0,0.81,0.53,-0.21,0.25,-0.15,0.44
2024-12-06 13:35:52.806,-0.22,539.0,0.81,0.53,-0.21,0.31,-0.27,0.25
2024-12-06 13:35:52.814,1.35,543.0,0.81,0.53,-0.21,0.31,-0.51,-0.11
2024-12-06 13:35:52.825,3.38,534.0,0.81,0.53,-0.21,0.37,-0.57,-0.48
2024-12-06 13:35:52.830,1.12,535.0,0.81,0.53,-0.21,0.44,-0.45,-0.42
2024-12-06 13:35:52.837,2.02,533.0,0.8,0.53,-0.21,0.5,-0.45,-0.48
2024-12-06 13:35:52.844,1.12,529.0,0.8,0.53,-0.21,0.5,-0.45,-0.48
2024-12-06 13:35:52.857,4.28,547.0,0.8,0.53,-0.21,0.5,-0.51,-0.42
2024-12-06 13:35:52.861,0.22,520.0,0.81,0.53,-0.21,0.44,-0.21,-0.11
2024-12-06 13:35:52.889,3.6,534.0,0.81,0.53,-0.21,0.37,0.16,0.31
2024-12-06 13:35:52.893,-1.12,536.0,0.8,0.53,-0.21,0.25,0.77,0.74
2024-12-06 13:35:52.897,-2.02,544.0,0.8,0.53,-0.21,0.19,1.07,0.68
2024-12-06 13:35:52.905,0.45,526.0,0.8,0.53,-0.21,0.19,1.44,0.68
2024-12-06 13:35:52.915,-5.17,520.0,0.8,0.53,-0.21,0.31,1.81,0.68
2024-12-06 13:35:52.926,0.45,537.0,0.8,0.54,-0.21,0.37,2.05,0.74
2024-12-06 13:35:52.930,0.9,532.0,0.81,0.54,-0.21,0.37,2.05,0.74
2024-12-06 13:35:52.936,-0.67,515.0,0.81,0.54,-0.21,0.44,2.23,0.86
2024-12-06 13:35:52.944,1.57,531.0,0.81,0.54,-0.21,0.44,2.42,0.98
2024-12-06 13:35:52.952,3.38,533.0,0.81,0.53,-0.21,0.44,2.17,0.86
2024-12-06 13:35:52.962,-1.57,532.0,0.81,0.53,-0.21,0.31,1.81,0.74
2024-12-06 13:35:52.968,-0.9,526.0,0.81,0.53,-0.21,0.31,1.44,0.68
2024-12-06 13:35:52.977,-2.47,545.0,0.81,0.53,-0.21,0.31,1.44,0.68
2024-12-06 13:35:52.984,0.9,521.0,0.81,0.53,-0.2,0.31,1.01,0.74
2024-12-06 13:35:52.992,-1.8,520.0,0.81,0.53,-0.2,0.37,0.52,0.74
2024-12-06 13:35:53.1,-2.02,549.0,0.81,0.52,-0.21,0.44,0.34,0.8
2024-12-06 13:35:53.7,-3.6,540.0,0.81,0.52,-0.21,0.37,0.59,0.86
2024-12-06 13:35:53.15,0.45,525.0,0.81,0.52,-0.2,0.37,0.95,0.98
2024-12-06 13:35:53.112,-1.12,539.0,0.81,0.52,-0.2,0.37,0.95,0.98
2024-12-06 13:35:53.125,-1.12,579.0,0.8,0.53,-0.2,0.31,3.03,0.92
2024-12-06 13:35:53.129,3.15,547.0,0.79,0.54,-0.2,0.31,3.03,0.92
2024-12-06 13:35:53.134,-0.9,528.0,0.78,0.53,-0.2,0.37,2.84,0.56
2024-12-06 13:35:53.142,-2.02,540.0,0.77,0.53,-0.2,0.62,0.4,-0.66
2024-12-06 13:35:53.150,2.25,534.0,0.77,0.51,-0.21,0.5,0.04,-2.31
2024-12-06 13:35:53.162,2.02,533.0,0.77,0.51,-0.21,0.74,-1.12,-3.96
2024-12-06 13:35:53.170,4.5,535.0,0.78,0.5,-0.2,1.11,-2.59,-5.42
2024-12-06 13:35:53.174,1.57,539.0,0.78,0.5,-0.21,1.11,-2.59,-5.42
2024-12-06 13:35:53.189,-0.45,564.0,0.79,0.51,-0.22,1.23,-3.2,-6.77
2024-12-06 13:35:53.191,4.95,535.0,0.79,0.52,-0.21,1.35,-3.44,-7.62
2024-12-06 13:35:53.200,1.8,541.0,0.78,0.53,-0.2,1.41,-3.14,-8.05
2024-12-06 13:35:53.205,5.62,538.0,0.78,0.53,-0.2,1.78,-3.44,-8.29
2024-12-06 13:35:53.218,1.8,563.0,0.78,0.54,-0.2,1.78,-3.44,-8.35
2024-12-06 13:35:53.220,7.2,531.0,0.79,0.54,-0.21,2.27,-2.95,-8.35
2024-12-06 13:35:53.230,10.57,531.0,0.79,0.55,-0.22,2.75,-2.53,-8.05
2024-12-06 13:35:53.236,6.07,535.0,0.79,0.55,-0.21,2.94,-1.43,-7.99
2024-12-06 13:35:53.243,4.5,540.0,0.79,0.55,-0.19,2.75,-1.0,-7.74
2024-12-06 13:35:53.254,1.8,536.0,0.8,0.55,-0.19,2.82,-1.43,-7.56
2024-12-06 13:35:53.265,9.0,550.0,0.81,0.55,-0.2,2.82,-1.43,-7.56
2024-12-06 13:35:53.267,8.55,551.0,0.82,0.55,-0.21,2.45,-1.43,-7.44
2024-12-06 13:35:53.275,9.22,545.0,0.84,0.55,-0.21,1.9,-1.0,-7.01
2024-12-06 13:35:53.283,10.57,546.0,0.85,0.56,-0.21,1.47,-0.45,-6.03
2024-12-06 13:35:53.291,11.7,524.0,0.85,0.56,-0.21,0.86,-0.09,-4.94
2024-12-06 13:35:53.298,6.75,552.0,0.84,0.56,-0.2,1.05,-0.76,-4.2
2024-12-06 13:35:53.306,6.75,540.0,0.82,0.56,-0.22,1.05,-0.76,-4.2
2024-12-06 13:35:53.341,9.45,540.0,0.81,0.56,-0.21,1.96,-0.57,-2.01
2024-12-06 13:35:53.344,14.85,536.0,0.81,0.56,-0.2,1.96,-0.57,-2.01
2024-12-06 13:35:53.352,13.05,537.0,0.79,0.55,-0.19,1.41,-0.15,-1.64
2024-12-06 13:35:53.361,9.45,543.0,0.77,0.54,-0.2,0.92,-0.82,-2.31
2024-12-06 13:35:53.367,10.35,540.0,0.79,0.54,-0.22,0.8,-0.7,-2.92
2024-12-06 13:35:53.375,12.15,537.0,0.79,0.54,-0.22,0.74,-0.76,-2.62
2024-12-06 13:35:53.384,13.05,531.0,0.8,0.54,-0.22,0.62,-0.7,-1.94
2024-12-06 13:35:53.391,8.55,528.0,0.81,0.55,-0.21,0.62,-0.7,-1.94
2024-12-06 13:35:53.403,12.38,542.0,0.8,0.56,-0.21,0.44,-0.15,-1.21
2024-12-06 13:35:53.408,14.85,539.0,0.8,0.57,-0.21,0.19,0.52,-0.42
2024-12-06 13:35:53.416,13.95,545.0,0.8,0.57,-0.21,-0.42,2.23,0.74
2024-12-06 13:35:53.427,8.55,539.0,0.8,0.56,-0.21,-0.6,3.21,1.6
2024-12-06 13:35:53.430,12.38,531.0,0.79,0.56,-0.21,-0.48,3.51,1.66
2024-12-06 13:35:53.438,11.92,528.0,0.77,0.55,-0.21,-0.48,3.51,1.66
2024-12-06 13:35:53.446,10.57,526.0,0.77,0.55,-0.22,-0.36,3.88,1.17
2024-12-06 13:35:53.458,9.9,603.0,0.77,0.54,-0.21,-0.42,4.43,0.8
2024-12-06 13:35:53.464,13.72,549.0,0.76,0.54,-0.21,-0.85,4.8,0.19
2024-12-06 13:35:53.470,11.47,540.0,0.76,0.53,-0.21,-1.15,7.18,-0.05
2024-12-06 13:35:53.478,13.27,540.0,0.78,0.53,-0.21,-1.64,8.89,0.5
2024-12-06 13:35:53.486,15.3,548.0,0.78,0.53,-0.2,-1.64,8.89,0.5
2024-12-06 13:35:53.499,12.82,538.0,0.76,0.53,-0.2,-1.82,9.68,0.8
2024-12-06 13:35:53.504,11.7,544.0,0.77,0.54,-0.21,-1.27,11.02,1.23
2024-12-06 13:35:53.511,11.02,545.0,0.78,0.55,-0.21,-1.52,11.82,1.84
2024-12-06 13:35:53.518,13.27,545.0,0.8,0.56,-0.18,-2.07,12.79,2.94
2024-12-06 13:35:53.546,15.07,547.0,0.81,0.56,-0.18,-3.17,14.38,5.14
2024-12-06 13:35:53.549,13.05,533.0,0.82,0.56,-0.18,-3.84,14.14,5.26
2024-12-06 13:35:53.565,9.0,555.0,0.83,0.54,-0.19,-4.57,10.9,5.2
2024-12-06 13:35:53.572,9.68,550.0,0.84,0.54,-0.19,-4.87,9.37,4.83
2024-12-06 13:35:53.603,10.35,556.0,0.83,0.54,-0.19,-5.12,7.12,3.79
2024-12-06 13:35:53.611,13.5,560.0,0.81,0.55,-0.17,-5.12,5.9,3.91
2024-12-06 13:35:53.614,12.82,546.0,0.81,0.55,-0.17,-4.63,2.66,2.94
2024-12-06 13:35:53.643,15.97,543.0,0.75,0.5,-0.19,-3.29,-1.73,-2.8
2024-12-06 13:35:53.650,17.55,569.0,0.75,0.5,-0.19,-2.68,-1.73,-4.94
2024-12-06 13:35:53.656,8.77,555.0,0.74,0.51,-0.19,-2.68,-1.0,-6.64
2024-12-06 13:35:53.665,17.32,563.0,0.74,0.52,-0.19,-2.25,-1.0,-6.64
2024-12-06 13:35:53.673,18.0,554.0,0.73,0.53,-0.18,-1.7,-0.39,-7.8
2024-12-06 13:35:53.686,16.2,555.0,0.72,0.55,-0.19,-0.85,-0.7,-8.6
2024-12-06 13:35:53.698,21.38,561.0,0.73,0.56,-0.2,-0.11,-0.27,-9.21
2024-12-06 13:35:53.702,18.0,560.0,0.73,0.56,-0.2,0.44,0.95,-9.09
2024-12-06 13:35:53.706,24.3,561.0,0.75,0.57,-0.2,1.11,0.83,-9.45
2024-12-06 13:35:53.714,18.0,556.0,0.76,0.57,-0.2,1.11,0.83,-9.45
2024-12-06 13:35:53.722,25.65,569.0,0.78,0.57,-0.2,1.41,1.93,-9.88
2024-12-06 13:35:53.730,21.6,558.0,0.79,0.56,-0.19,1.11,3.21,-10.25
2024-12-06 13:35:53.737,24.52,566.0,0.79,0.56,-0.19,1.6,3.21,-11.04
2024-12-06 13:35:53.752,23.17,579.0,0.79,0.56,-0.2,1.72,3.7,-11.41
2024-12-06 13:35:53.754,27.0,561.0,0.8,0.56,-0.2,1.9,3.09,-11.71
2024-12-06 13:35:53.763,24.3,564.0,0.81,0.57,-0.2,1.9,3.09,-11.71
2024-12-06 13:35:53.790,27.22,546.0,0.8,0.57,-0.21,1.29,1.87,-11.89
2024-12-06 13:35:53.794,28.35,553.0,0.8,0.57,-0.21,0.86,1.44,-12.75
2024-12-06 13:35:53.805,28.8,561.0,0.83,0.56,-0.22,0.86,1.44,-12.75
2024-12-06 13:35:53.808,27.67,575.0,0.84,0.57,-0.22,0.74,1.68,-14.21
2024-12-06 13:35:53.813,33.75,551.0,0.83,0.58,-0.21,0.5,3.15,-14.7
2024-12-06 13:35:53.821,31.72,552.0,0.81,0.57,-0.2,-0.17,2.48,-15.86
2024-12-06 13:35:53.831,31.27,561.0,0.79,0.58,-0.2,-0.85,2.9,-16.11
2024-12-06 13:35:53.838,36.22,538.0,0.79,0.58,-0.2,-1.15,2.6,-15.49
2024-12-06 13:35:53.845,37.12,570.0,0.76,0.59,-0.18,-1.15,2.6,-14.58
2024-12-06 13:35:53.853,36.0,553.0,0.73,0.6,-0.18,-1.4,1.62,-14.58
2024-12-06 13:35:53.861,35.77,563.0,0.73,0.62,-0.17,-1.58,1.81,-12.38
2024-12-06 13:35:53.869,36.22,557.0,0.73,0.63,-0.17,-1.27,1.44,-9.94
2024-12-06 13:35:53.877,32.85,562.0,0.74,0.64,-0.18,-0.6,1.5,-7.99
2024-12-06 13:35:53.889,35.55,544.0,0.74,0.64,-0.18,-0.72,2.72,-5.36
2024-12-06 13:35:53.892,37.8,561.0,0.75,0.66,-0.17,-0.79,3.33,-3.29
2024-12-06 13:35:53.902,35.55,545.0,0.75,0.66,-0.16,-0.79,3.33,-3.29
2024-12-06 13:35:53.910,37.8,567.0,0.76,0.64,-0.17,-0.85,3.39,-2.19
2024-12-06 13:35:53.916,36.67,566.0,0.78,0.62,-0.17,-1.21,3.58,-1.88
2024-12-06 13:35:53.924,35.33,571.0,0.8,0.62,-0.18,-1.88,4.25,-1.52
2024-12-06 13:35:53.935,39.6,567.0,0.8,0.62,-0.18,-2.56,5.41,-1.09
2024-12-06 13:35:53.941,36.9,564.0,0.79,0.62,-0.18,-3.1,5.83,-0.85
2024-12-06 13:35:53.948,39.6,577.0,0.78,0.61,-0.17,-3.1,5.83,-0.85
2024-12-06 13:35:53.956,39.83,568.0,0.77,0.6,-0.17,-3.47,5.71,-0.48
2024-12-06 13:35:53.964,43.65,560.0,0.76,0.59,-0.17,-3.35,5.04,-0.3
2024-12-06 13:35:53.973,42.08,567.0,0.77,0.58,-0.17,-3.04,4.49,-0.17
2024-12-06 13:35:53.980,40.5,570.0,0.77,0.58,-0.17,-3.04,4.61,0.19
2024-12-06 13:35:54.15,39.6,566.0,0.77,0.59,-0.17,-3.04,5.16,0.62
2024-12-06 13:35:54.19,45.45,574.0,0.78,0.6,-0.18,-3.04,5.9,1.47
2024-12-06 13:35:54.33,42.08,569.0,0.77,0.6,-0.18,-3.1,5.65,1.72
2024-12-06 13:35:54.39,40.95,569.0,0.77,0.6,-0.17,-3.1,5.29,1.78
2024-12-06 13:35:54.53,42.3,584.0,0.78,0.6,-0.17,-3.29,4.25,1.78
2024-12-06 13:35:54.59,45.0,628.0,0.78,0.6,-0.17,-3.41,3.94,1.9
2024-12-06 13:35:54.64,41.62,583.0,0.78,0.6,-0.17,-3.65,3.76,2.08
2024-12-06 13:35:54.165,54.67,584.0,0.77,0.63,-0.16,-3.65,6.32,2.57
2024-12-06 13:35:54.170,51.97,562.0,0.76,0.63,-0.15,-3.53,6.32,2.75
2024-12-06 13:35:54.178,49.95,576.0,0.76,0.63,-0.16,-3.29,5.83,2.69
2024-12-06 13:35:54.186,50.85,545.0,0.76,0.62,-0.16,-3.04,5.47,2.57
2024-12-06 13:35:54.194,51.75,558.0,0.77,0.62,-0.16,-3.04,5.47,2.57
2024-12-06 13:35:54.205,52.42,570.0,0.77,0.63,-0.16,-2.86,5.53,2.63
2024-12-06 13:35:54.285,60.52,575.0,0.77,0.61,-0.14,-1.27,2.72,-0.66
2024-12-06 13:35:54.296,60.97,579.0,0.78,0.61,-0.15,-1.27,3.64,-1.27
2024-12-06 13:35:54.302,57.38,583.0,0.78,0.62,-0.14,-1.46,4.06,-1.33
2024-12-06 13:35:54.309,60.97,591.0,0.78,0.62,-0.14,-1.03,3.7,-1.52
2024-12-06 13:35:54.317,52.2,576.0,0.78,0.61,-0.14,-1.03,3.7,-2.31
2024-12-06 13:35:54.324,58.72,589.0,0.79,0.6,-0.15,-0.79,3.03,-2.31
2024-12-06 13:35:54.332,59.4,591.0,0.8,0.61,-0.14,-1.15,3.33,-2.43
2024-12-06 13:35:54.342,62.77,588.0,0.79,0.61,-0.13,-1.09,2.84,-2.68
2024-12-06 13:35:54.348,62.55,592.0,0.79,0.6,-0.14,-0.91,2.42,-3.71
2024-12-06 13:35:54.360,63.22,587.0,0.79,0.6,-0.14,-1.27,2.48,-3.9
2024-12-06 13:35:54.365,63.45,585.0,0.79,0.62,-0.14,-1.58,2.54,-2.98
2024-12-06 13:35:54.373,62.32,589.0,0.76,0.65,-0.13,-1.58,2.54,-2.98
2024-12-06 13:35:54.388,64.12,603.0,0.74,0.64,-0.13,-1.15,2.6,-1.94
2024-12-06 13:35:54.390,64.12,601.0,0.74,0.64,-0.14,-0.85,3.15,-1.09
2024-12-06 13:35:54.398,65.47,591.0,0.74,0.66,-0.14,-0.97,3.7,0.86
2024-12-06 13:35:54.407,66.38,604.0,0.74,0.66,-0.14,-0.66,3.03,2.57
2024-12-06 13:35:54.418,66.82,606.0,0.74,0.65,-0.12,-0.6,3.58,3.24
2024-12-06 13:35:54.421,69.75,600.0,0.75,0.62,-0.13,-0.6,3.58,3.24
2024-12-06 13:35:54.427,66.6,587.0,0.77,0.6,-0.13,-0.72,4.74,3.24
2024-12-06 13:35:54.435,67.05,599.0,0.77,0.61,-0.12,-0.97,4.92,3.3
2024-12-06 13:35:54.470,70.42,606.0,0.77,0.63,-0.15,-0.91,4.43,3.18
2024-12-06 13:35:54.473,67.28,603.0,0.79,0.64,-0.15,-0.85,4.06,3.55
2024-12-06 13:35:54.482,67.95,618.0,0.79,0.65,-0.14,-0.85,3.82,4.22
2024-12-06 13:35:54.489,67.95,596.0,0.79,0.65,-0.14,-0.97,3.94,4.71
2024-12-06 13:35:54.499,69.75,606.0,0.78,0.64,-0.14,-0.6,4.13,4.83
2024-12-06 13:35:54.504,69.53,596.0,0.78,0.61,-0.15,-0.6,4.13,4.83
2024-12-06 13:35:54.518,67.05,610.0,0.79,0.61,-0.15,-0.48,4.37,4.77
2024-12-06 13:35:54.525,75.6,599.0,0.79,0.63,-0.14,-0.42,4.86,5.26
2024-12-06 13:35:54.534,69.97,594.0,0.78,0.64,-0.13,-0.36,5.53,5.99
2024-12-06 13:35:54.547,72.45,587.0,0.78,0.63,-0.14,-0.3,6.26,7.03
2024-12-06 13:35:54.552,76.05,598.0,0.77,0.6,-0.13,0.13,6.44,7.39
2024-12-06 13:35:54.559,78.75,607.0,0.78,0.59,-0.13,0.68,5.35,7.33
2024-12-06 13:35:54.568,71.78,578.0,0.78,0.6,-0.13,0.62,4.61,7.33
2024-12-06 13:35:54.575,76.95,599.0,0.75,0.61,-0.11,0.68,3.64,7.03
2024-12-06 13:35:54.583,76.05,601.0,0.78,0.61,-0.11,0.62,2.54,6.66
2024-12-06 13:35:54.597,74.47,605.0,0.78,0.6,-0.12,0.62,2.54,6.66
2024-12-06 13:35:54.601,78.97,616.0,0.78,0.58,-0.13,0.98,1.87,5.99
2024-12-06 13:35:54.605,76.95,598.0,0.78,0.6,-0.13,1.23,0.59,5.32
2024-12-06 13:35:54.617,76.72,606.0,0.79,0.62,-0.12,1.29,0.04,5.2
2024-12-06 13:35:54.626,78.75,614.0,0.79,0.62,-0.11,1.29,0.46,5.5
2024-12-06 13:35:54.632,79.2,588.0,0.78,0.61,-0.11,1.47,0.22,5.26
2024-12-06 13:35:54.638,76.05,598.0,0.76,0.59,-0.11,1.47,0.22,5.26
2024-12-06 13:35:54.645,77.17,596.0,0.76,0.57,-0.11,1.17,0.04,4.77
2024-12-06 13:35:54.653,77.62,594.0,0.77,0.57,-0.11,1.11,-0.76,4.77
2024-12-06 13:35:54.661,77.85,596.0,0.78,0.58,-0.11,0.98,-1.98,5.07
2024-12-06 13:35:54.690,85.72,607.0,0.78,0.55,-0.1,-0.3,-1.92,4.52
2024-12-06 13:35:54.692,82.35,639.0,0.78,0.57,-0.11,-0.36,-3.2,3.85
2024-12-06 13:35:54.701,82.8,588.0,0.79,0.58,-0.12,-1.33,-2.83,3.49
2024-12-06 13:35:54.710,81.0,595.0,0.79,0.56,-0.1,-1.88,-1.55,3.18
2024-12-06 13:35:54.715,84.82,593.0,0.79,0.56,-0.1,-1.52,-1.8,2.57
2024-12-06 13:35:54.723,87.52,599.0,0.78,0.55,-0.1,-2.37,-1.55,2.33
2024-12-06 13:35:54.733,85.5,590.0,0.78,0.56,-0.1,-2.37,-1.55,2.33
2024-12-06 13:35:54.743,88.65,594.0,0.78,0.57,-0.09,-2.01,-0.45,2.88
2024-12-06 13:35:54.747,87.75,558.0,0.77,0.59,-0.1,-1.76,-0.94,3.24
2024-12-06 13:35:54.755,89.1,586.0,0.79,0.61,-0.12,-2.13,0.4,3.43
2024-12-06 13:35:54.767,89.77,613.0,0.79,0.61,-0.12,-2.98,1.56,3.98
2024-12-06 13:35:54.770,84.6,635.0,0.8,0.62,-0.12,-3.59,2.66,3.98
2024-12-06 13:35:54.782,85.95,592.0,0.79,0.6,-0.11,-3.59,2.66,3.98
2024-12-06 13:35:54.788,86.4,615.0,0.78,0.6,-0.11,-4.02,2.48,3.37
2024-12-06 13:35:54.794,88.42,584.0,0.79,0.57,-0.12,-4.75,1.01,2.69
2024-12-06 13:35:54.807,86.85,594.0,0.8,0.56,-0.12,-4.57,-0.27,2.27
2024-12-06 13:35:54.817,86.17,597.0,0.8,0.56,-0.12,-5.3,-1.55,2.39
2024-12-06 13:35:54.820,88.65,608.0,0.79,0.58,-0.12,-5.79,-1.18,2.63
2024-12-06 13:35:54.825,86.17,604.0,0.78,0.57,-0.12,-5.79,-1.18,2.63
2024-12-06 13:35:54.834,89.77,595.0,0.77,0.59,-0.11,-5.85,-2.28,2.88
2024-12-06 13:35:54.843,93.15,602.0,0.77,0.56,-0.11,-6.95,-2.22,2.94
2024-12-06 13:35:54.850,93.6,596.0,0.77,0.55,-0.11,-6.46,-3.14,2.94
2024-12-06 13:35:54.857,87.52,603.0,0.77,0.57,-0.11,-6.77,-3.5,3.0
2024-12-06 13:35:54.870,89.32,603.0,0.78,0.57,-0.11,-7.44,-2.65,3.24
2024-12-06 13:35:54.874,91.8,620.0,0.79,0.59,-0.11,-7.44,-2.65,3.24
2024-12-06 13:35:54.881,94.95,592.0,0.8,0.6,-0.11,-7.56,-1.73,3.73
2024-12-06 13:35:54.891,89.32,602.0,0.79,0.6,-0.11,-7.5,-0.94,4.04
2024-12-06 13:35:54.922,85.72,617.0,0.8,0.59,-0.11,-6.22,0.1,3.61
2024-12-06 13:35:54.930,91.8,619.0,0.8,0.6,-0.11,-6.03,1.32,3.61
2024-12-06 13:35:54.946,94.27,625.0,0.79,0.61,-0.12,-5.36,2.11,3.91
2024-12-06 13:35:54.953,96.52,684.0,0.79,0.61,-0.12,-5.06,2.48,4.16
2024-12-06 13:35:54.961,95.4,608.0,0.79,0.61,-0.13,-5.06,2.48,4.16
2024-12-06 13:35:54.970,97.42,603.0,0.8,0.61,-0.14,-4.94,3.27,4.46
2024-12-06 13:35:54.974,95.85,611.0,0.8,0.61,-0.13,-4.81,3.88,5.01
2024-12-06 13:35:54.982,96.97,609.0,0.79,0.61,-0.13,-4.45,4.0,5.38
2024-12-06 13:35:54.990,95.4,611.0,0.79,0.6,-0.14,-4.14,3.88,5.38
2024-12-06 13:35:55.0,95.85,624.0,0.78,0.6,-0.14,-3.96,3.88,5.01
2024-12-06 13:35:55.5,95.85,612.0,0.78,0.59,-0.14,-3.96,3.88,5.01
2024-12-06 13:35:55.17,97.2,612.0,0.8,0.59,-0.12,-3.78,3.64,5.14
2024-12-06 13:35:55.30,99.9,621.0,0.8,0.6,-0.11,-3.9,3.64,5.5
2024-12-06 13:35:55.33,94.05,612.0,0.79,0.6,-0.11,-4.26,3.45,5.81
2024-12-06 13:35:55.36,96.52,603.0,0.79,0.57,-0.12,-4.33,3.51,5.56
2024-12-06 13:35:55.46,97.65,630.0,0.79,0.59,-0.12,-4.14,2.97,5.38
2024-12-06 13:35:55.52,94.5,619.0,0.8,0.59,-0.11,-4.14,2.97,5.38
2024-12-06 13:35:55.61,101.92,621.0,0.79,0.57,-0.12,-3.78,2.05,4.83
2024-12-06 13:35:55.68,101.25,634.0,0.8,0.57,-0.11,-4.08,2.05,4.4
2024-12-06 13:35:55.78,96.52,619.0,0.8,0.6,-0.1,-3.53,1.56,4.71
2024-12-06 13:35:55.93,102.6,648.0,0.79,0.61,-0.11,-3.47,2.11,5.2
2024-12-06 13:35:55.100,99.22,626.0,0.79,0.61,-0.11,-3.47,1.32,5.5
2024-12-06 13:35:55.109,97.42,619.0,0.78,0.61,-0.11,-2.74,1.32,5.5
2024-12-06 13:35:55.116,98.55,632.0,0.8,0.6,-0.11,-2.68,0.95,5.44
2024-12-06 13:35:55.213,102.6,634.0,0.8,0.56,-0.11,-2.25,-0.15,4.83
2024-12-06 13:35:55.218,101.25,644.0,0.8,0.56,-0.11,-2.07,-0.45,4.77
2024-12-06 13:35:55.223,103.95,619.0,0.8,0.56,-0.09,-2.07,-0.57,4.22
2024-12-06 13:35:55.236,105.75,623.0,0.8,0.56,-0.1,-2.01,-0.57,4.22
2024-12-06 13:35:55.239,105.3,634.0,0.79,0.57,-0.09,-2.43,-0.7,4.28
2024-12-06 13:35:55.251,101.47,626.0,0.79,0.58,-0.09,-2.62,-0.94,3.85
2024-12-06 13:35:55.256,106.42,633.0,0.81,0.59,-0.08,-3.17,-0.03,4.65
2024-12-06 13:35:55.267,104.4,620.0,0.81,0.59,-0.08,-3.53,0.28,5.5
2024-12-06 13:35:55.271,101.02,633.0,0.8,0.59,-0.08,-4.08,0.16,5.81
2024-12-06 13:35:55.286,105.07,627.0,0.8,0.58,-0.09,-4.08,0.16,5.81
2024-12-06 13:35:55.288,106.65,627.0,0.79,0.57,-0.08,-4.51,-0.09,6.11
2024-12-06 13:35:55.294,106.65,622.0,0.79,0.56,-0.09,-4.81,-1.25,5.75
2024-12-06 13:35:55.302,102.38,632.0,0.79,0.59,-0.11,-5.0,-0.7,5.38
2024-12-06 13:35:55.311,103.27,652.0,0.79,0.59,-0.11,-5.24,0.1,5.93
2024-12-06 13:35:55.317,107.32,637.0,0.79,0.61,-0.13,-5.61,-0.88,6.42
2024-12-06 13:35:55.325,107.32,635.0,0.79,0.59,-0.1,-5.61,-0.88,6.42
2024-12-06 13:35:55.334,104.17,642.0,0.8,0.58,-0.08,-6.16,-2.34,7.21
2024-12-06 13:35:55.369,108.45,643.0,0.82,0.52,-0.07,-9.45,-0.82,7.58
2024-12-06 13:35:55.375,105.52,637.0,0.82,0.52,-0.07,-9.88,-1.43,7.58
2024-12-06 13:35:55.381,103.72,645.0,0.81,0.53,-0.06,-9.7,-4.18,7.45
2024-12-06 13:35:55.400,107.32,658.0,0.8,0.53,-0.07,-9.7,-6.86,7.03
2024-12-06 13:35:55.404,105.97,643.0,0.8,0.51,-0.06,-9.7,-8.57,6.17
2024-12-06 13:35:55.414,108.22,665.0,0.8,0.51,-0.06,-9.45,-9.24,4.83
2024-12-06 13:35:55.422,109.12,654.0,0.8,0.5,-0.06,-9.45,-9.24,4.83
2024-12-06 13:35:55.430,103.05,668.0,0.8,0.52,-0.07,-9.76,-8.57,3.67
2024-12-06 13:35:55.442,108.0,655.0,0.78,0.57,-0.09,-9.82,-6.49,3.43
2024-12-06 13:35:55.448,105.97,657.0,0.74,0.64,-0.19,-7.32,-1.31,7.45
2024-12-06 13:35:55.450,98.32,663.0,0.69,0.68,-0.16,-5.36,0.16,10.69
2024-12-06 13:35:55.458,103.27,682.0,0.68,0.66,-0.16,-5.36,0.16,10.69
2024-12-06 13:35:55.470,107.32,675.0,0.73,0.61,-0.14,-3.53,-0.09,12.76
2024-12-06 13:35:55.475,103.72,660.0,0.8,0.56,-0.1,-2.56,-0.39,13.19
2024-12-06 13:35:55.486,106.88,669.0,0.89,0.53,-0.07,-2.43,-0.27,11.97
2024-12-06 13:35:55.491,105.75,651.0,0.99,0.51,-0.06,-2.43,-1.06,6.42
2024-12-06 13:35:55.499,107.32,658.0,0.99,0.51,-0.06,-4.87,0.04,3.24
2024-12-06 13:35:55.507,109.35,669.0,0.95,0.58,-0.08,-4.75,1.13,3.55
2024-12-06 13:35:55.514,106.2,644.0,0.87,0.61,-0.1,-4.75,1.13,3.55
2024-12-06 13:35:55.522,104.17,649.0,0.87,0.57,-0.12,-5.48,0.89,3.85
2024-12-06 13:35:55.565,102.15,682.0,0.82,0.54,-0.08,-6.71,-1.8,5.07
2024-12-06 13:35:55.595,104.17,672.0,0.82,0.54,-0.07,-6.28,-0.82,5.99
2024-12-06 13:35:55.602,104.4,632.0,0.82,0.54,-0.07,-2.68,1.68,7.21
2024-12-06 13:35:55.606,105.52,653.0,0.83,0.54,-0.07,-1.27,1.56,6.54
2024-12-06 13:35:55.614,104.62,642.0,0.83,0.51,-0.08,0.07,1.07,5.56
2024-12-06 13:35:55.630,103.95,641.0,0.83,0.5,-0.07,0.86,0.83,3.91
2024-12-06 13:35:55.632,104.85,652.0,0.83,0.5,-0.07,1.9,-0.09,2.21
2024-12-06 13:35:55.637,105.07,637.0,0.83,0.52,-0.08,1.9,-0.09,2.21
2024-12-06 13:35:55.647,108.0,643.0,0.82,0.53,-0.1,2.08,0.28,0.8
2024-12-06 13:35:55.653,103.95,643.0,0.8,0.54,-0.1,3.0,0.34,-0.36
2024-12-06 13:35:55.662,105.3,634.0,0.8,0.53,-0.11,3.55,0.65,-1.09
2024-12-06 13:35:55.669,107.77,663.0,0.8,0.5,-0.1,3.98,0.89,-1.33
2024-12-06 13:35:55.677,103.95,637.0,0.8,0.53,-0.1,4.28,0.77,-1.21
2024-12-06 13:35:55.685,108.0,648.0,0.8,0.52,-0.1,4.28,0.77,-1.21
2024-12-06 13:35:55.693,107.32,646.0,0.8,0.52,-0.09,4.28,1.01,-1.15
2024-12-06 13:35:55.701,104.17,641.0,0.81,0.52,-0.09,4.1,1.44,-0.79
2024-12-06 13:35:55.708,102.82,652.0,0.82,0.52,-0.09,3.79,1.99,-0.36
2024-12-06 13:35:55.717,104.17,632.0,0.82,0.53,-0.09,3.55,2.48,0.13
2024-12-06 13:35:55.725,104.17,634.0,0.82,0.53,-0.09,3.3,2.54,0.25
2024-12-06 13:35:55.735,103.95,637.0,0.83,0.53,-0.09,3.06,2.42,0.19
2024-12-06 13:35:55.741,104.62,653.0,0.83,0.53,-0.08,3.06,2.42,0.19
2024-12-06 13:35:55.749,100.8,647.0,0.84,0.53,-0.07,2.75,2.11,0.19
2024-12-06 13:35:55.756,106.88,648.0,0.85,0.53,-0.06,2.45,1.56,0.13
2024-12-06 13:35:55.764,104.17,645.0,0.85,0.53,-0.06,2.02,1.07,-0.17
2024-12-06 13:35:55.772,105.3,651.0,0.85,0.53,-0.06,1.6,1.13,-0.48
2024-12-06 13:35:55.782,109.35,646.0,0.84,0.54,-0.06,1.29,1.56,-0.66
2024-12-06 13:35:55.788,105.52,626.0,0.84,0.54,-0.07,1.29,1.56,-0.66
2024-12-06 13:35:55.825,108.22,647.0,0.82,0.54,-0.08,1.29,1.93,-0.91
2024-12-06 13:35:55.827,108.45,627.0,0.82,0.54,-0.07,0.98,2.36,-0.66
2024-12-06 13:35:55.833,103.95,644.0,0.82,0.54,-0.07,0.68,2.29,-0.48
2024-12-06 13:35:55.841,105.75,635.0,0.82,0.54,-0.08,0.31,2.05,-0.42
2024-12-06 13:35:55.849,106.42,638.0,0.82,0.54,-0.08,-0.11,1.68,-0.42
2024-12-06 13:35:55.859,108.22,649.0,0.82,0.54,-0.08,-0.42,1.5,-0.36
2024-12-06 13:35:55.870,105.97,646.0,0.82,0.55,-0.08,-0.6,1.5,-0.24
2024-12-06 13:35:55.880,106.65,646.0,0.82,0.55,-0.09,-0.6,1.5,-0.24
2024-12-06 13:35:55.882,106.2,628.0,0.83,0.56,-0.09,-0.54,1.56,0.01
2024-12-06 13:35:55.892,103.95,631.0,0.83,0.56,-0.09,-0.36,1.56,0.19
2024-12-06 13:35:55.900,103.27,655.0,0.83,0.55,-0.09,0.07,1.44,0.31
2024-12-06 13:35:55.904,103.72,628.0,0.83,0.55,-0.09,0.5,1.44,0.44
2024-12-06 13:35:55.912,105.3,634.0,0.83,0.55,-0.09,0.8,1.44,0.5
2024-12-06 13:35:55.920,105.3,645.0,0.84,0.54,-0.08,0.8,1.44,0.5
2024-12-06 13:35:55.928,105.75,635.0,0.83,0.55,-0.08,1.05,1.2,0.5
2024-12-06 13:35:55.944,105.75,626.0,0.83,0.55,-0.08,1.29,0.89,0.37
2024-12-06 13:35:55.950,105.97,630.0,0.83,0.55,-0.09,1.53,0.46,0.31
2024-12-06 13:35:55.957,107.1,638.0,0.83,0.55,-0.09,1.72,-0.03,0.31
2024-12-06 13:35:55.960,103.05,640.0,0.83,0.56,-0.09,1.72,-0.21,0.25
2024-12-06 13:35:55.967,104.62,638.0,0.83,0.56,-0.08,1.84,-0.21,0.25
2024-12-06 13:35:55.982,108.9,631.0,0.83,0.56,-0.08,2.02,-0.39,0.25
2024-12-06 13:35:55.988,105.97,633.0,0.83,0.56,-0.09,2.14,-0.64,0.31
2024-12-06 13:35:55.991,104.4,621.0,0.83,0.56,-0.09,2.14,-0.7,0.19
2024-12-06 13:35:55.998,108.0,626.0,0.83,0.56,-0.09,2.33,-0.57,0.01
2024-12-06 13:35:56.10,105.07,618.0,0.83,0.56,-0.09,2.57,-0.57,-0.42
2024-12-06 13:35:56.20,99.67,617.0,0.82,0.55,-0.09,2.57,-0.57,-0.42
2024-12-06 13:35:56.49,103.27,628.0,0.81,0.55,-0.09,3.3,-0.45,-1.15
2024-12-06 13:35:56.54,105.52,614.0,0.81,0.55,-0.09,3.3,-0.45,-1.15
2024-12-06 13:35:56.61,105.97,628.0,0.8,0.55,-0.1,3.3,-0.33,-1.09
2024-12-06 13:35:56.72,107.77,631.0,0.8,0.55,-0.1,3.24,-0.09,-1.15
2024-12-06 13:35:56.77,104.85,624.0,0.8,0.54,-0.11,3.12,0.16,-1.09
2024-12-06 13:35:56.87,105.97,618.0,0.8,0.54,-0.11,3.0,0.16,-1.09
2024-12-06 13:35:56.92,102.6,632.0,0.8,0.54,-0.11,2.82,0.1,-1.03
2024-12-06 13:35:56.104,102.38,616.0,0.81,0.54,-0.11,2.82,0.1,-1.03
2024-12-06 13:35:56.109,105.97,650.0,0.81,0.54,-0.1,2.75,0.16,-0.79
2024-12-06 13:35:56.116,108.9,635.0,0.81,0.55,-0.1,2.63,0.1,-0.48
2024-12-06 13:35:56.124,103.27,623.0,0.82,0.54,-0.1,2.45,-0.09,-0.36
2024-12-06 13:35:56.131,106.88,617.0,0.82,0.54,-0.09,2.21,-0.27,-0.3
2024-12-06 13:35:56.139,105.75,630.0,0.82,0.54,-0.09,2.21,-0.51,-0.3
2024-12-06 13:35:56.151,107.55,616.0,0.82,0.54,-0.09,2.21,-0.51,-0.3
2024-12-06 13:35:56.276,107.32,612.0,0.82,0.57,-0.09,6.54,-1.55,-5.48
2024-12-06 13:35:56.278,103.95,667.0,0.82,0.56,-0.1,6.42,-0.51,-5.79
2024-12-06 13:35:56.284,109.57,617.0,0.82,0.56,-0.1,6.36,-0.64,-6.03
2024-12-06 13:35:56.291,109.35,602.0,0.82,0.56,-0.1,6.29,-0.88,-6.34
2024-12-06 13:35:56.301,105.97,601.0,0.81,0.57,-0.11,6.23,-0.64,-6.4
2024-12-06 13:35:56.310,103.95,611.0,0.81,0.57,-0.12,6.23,-0.64,-6.4
2024-12-06 13:35:56.315,107.1,620.0,0.8,0.58,-0.12,6.11,0.28,-6.16
2024-12-06 13:35:56.323,105.97,602.0,0.8,0.59,-0.12,5.93,1.68,-5.42
2024-12-06 13:35:56.331,103.05,624.0,0.8,0.6,-0.12,5.81,2.78,-4.33
2024-12-06 13:35:56.339,104.4,604.0,0.8,0.56,-0.12,5.5,3.45,-3.29
2024-12-06 13:35:56.347,107.32,599.0,0.79,0.59,-0.12,5.14,3.82,-2.62
2024-12-06 13:35:56.358,108.45,604.0,0.78,0.59,-0.12,5.14,3.82,-2.62
2024-12-06 13:35:56.364,110.02,606.0,0.78,0.58,-0.13,4.71,4.0,-2.31
2024-12-06 13:35:56.370,107.1,598.0,0.78,0.58,-0.13,4.28,3.88,-2.13
2024-12-06 13:35:56.378,105.52,587.0,0.79,0.58,-0.13,3.85,3.82,-1.88
2024-12-06 13:35:56.390,108.45,599.0,0.79,0.59,-0.13,3.67,3.45,-1.76
2024-12-06 13:35:56.395,105.52,594.0,0.79,0.59,-0.13,3.43,3.21,-1.52
2024-12-06 13:35:56.402,103.27,597.0,0.79,0.59,-0.13,3.43,2.9,-1.27
2024-12-06 13:35:56.413,106.42,599.0,0.79,0.59,-0.12,3.43,2.9,-1.27
2024-12-06 13:35:56.422,106.88,607.0,0.8,0.59,-0.11,3.49,2.72,-1.03
2024-12-06 13:35:56.428,105.07,590.0,0.8,0.58,-0.1,3.67,2.29,-1.03
2024-12-06 13:35:56.434,109.57,596.0,0.8,0.58,-0.11,3.79,1.74,-1.21
2024-12-06 13:35:56.442,105.07,585.0,0.8,0.58,-0.11,4.04,0.95,-1.46
2024-12-06 13:35:56.450,102.15,582.0,0.8,0.58,-0.11,4.04,0.34,-1.58
2024-12-06 13:35:56.460,105.97,617.0,0.8,0.58,-0.11,4.34,0.34,-1.58
2024-12-06 13:35:56.467,103.5,600.0,0.81,0.58,-0.11,4.46,0.04,-1.64
2024-12-06 13:35:56.499,103.05,583.0,0.8,0.58,-0.12,4.52,-0.7,-1.82
2024-12-06 13:35:56.509,101.7,586.0,0.8,0.58,-0.11,4.46,-0.88,-1.88
2024-12-06 13:35:56.528,105.75,596.0,0.81,0.57,-0.12,4.52,-1.12,-1.82
2024-12-06 13:35:56.531,102.15,580.0,0.81,0.57,-0.12,4.1,-1.18,-1.33
2024-12-06 13:35:56.534,106.88,589.0,0.81,0.57,-0.11,4.1,-1.18,-1.21
2024-12-06 13:35:56.542,109.8,594.0,0.8,0.57,-0.11,3.79,-1.0,-1.21
2024-12-06 13:35:56.550,105.3,589.0,0.8,0.57,-0.11,3.43,-0.76,-1.09
2024-12-06 13:35:56.561,104.17,587.0,0.8,0.58,-0.11,3.0,-0.57,-0.97
2024-12-06 13:35:56.568,105.52,607.0,0.8,0.58,-0.11,2.51,-0.27,-0.85
2024-12-06 13:35:56.574,108.67,585.0,0.8,0.58,-0.11,2.27,-0.27,-0.79
2024-12-06 13:35:56.582,104.62,604.0,0.8,0.58,-0.11,1.96,-0.15,-0.72
2024-12-06 13:35:56.590,108.22,588.0,0.8,0.57,-0.11,1.96,-0.15,-0.72
2024-12-06 13:35:56.599,102.82,600.0,0.8,0.57,-0.11,1.53,0.22,-0.79
2024-12-06 13:35:56.607,106.65,614.0,0.8,0.56,-0.11,1.17,0.59,-0.85
2024-12-06 13:35:56.616,104.4,591.0,0.8,0.56,-0.1,0.98,0.59,-0.97
2024-12-06 13:35:56.622,106.42,600.0,0.8,0.56,-0.1,0.86,0.16,-1.03
2024-12-06 13:35:56.630,105.07,598.0,0.8,0.56,-0.1,0.68,-0.39,-1.15
2024-12-06 13:35:56.638,104.85,602.0,0.8,0.55,-0.1,0.68,-0.39,-1.15
2024-12-06 13:35:56.648,105.3,592.0,0.79,0.55,-0.1,0.56,-0.64,-1.33
2024-12-06 13:35:56.656,106.65,590.0,0.8,0.55,-0.1,0.44,-0.51,-1.58
2024-12-06 13:35:56.665,102.38,594.0,0.8,0.55,-0.11,0.25,-0.39,-1.7
2024-12-06 13:35:56.675,107.77,592.0,0.8,0.55,-0.11,0.01,0.04,-1.64
2024-12-06 13:35:56.678,102.82,629.0,0.8,0.56,-0.11,-0.36,0.52,-1.52
2024-12-06 13:35:56.685,105.52,593.0,0.8,0.56,-0.11,-0.36,0.52,-1.52
2024-12-06 13:35:56.713,103.27,626.0,0.8,0.57,-0.12,-0.42,0.1,-1.27
2024-12-06 13:35:56.716,109.8,605.0,0.8,0.57,-0.12,-0.17,-0.09,-0.85
2024-12-06 13:35:56.726,102.82,601.0,0.8,0.58,-0.13,-0.3,0.1,-0.97
2024-12-06 13:35:56.739,108.45,583.0,0.79,0.58,-0.12,-0.3,0.1,-0.97
2024-12-06 13:35:56.744,105.3,575.0,0.79,0.57,-0.12,-0.48,0.59,-1.21
2024-12-06 13:35:56.747,103.95,570.0,0.8,0.57,-0.12,-0.24,0.77,-1.46
2024-12-06 13:35:56.755,105.97,580.0,0.8,0.58,-0.13,0.13,0.28,-1.52
2024-12-06 13:35:56.794,100.12,580.0,0.8,0.58,-0.13,-0.11,0.95,-1.33
2024-12-06 13:35:56.797,107.32,586.0,0.8,0.58,-0.12,0.68,1.99,-0.36
2024-12-06 13:35:56.802,105.3,580.0,0.8,0.58,-0.12,0.74,1.99,-0.42
2024-12-06 13:35:56.809,106.65,591.0,0.79,0.59,-0.12,0.86,2.48,-0.48
2024-12-06 13:35:56.817,105.3,566.0,0.79,0.59,-0.12,0.86,2.48,-0.48
2024-12-06 13:35:56.825,105.97,562.0,0.79,0.59,-0.13,1.35,2.36,-0.42
2024-12-06 13:35:56.838,104.4,586.0,0.79,0.59,-0.14,1.6,1.93,-0.42
2024-12-06 13:35:56.843,104.62,569.0,0.79,0.59,-0.13,1.78,1.62,-0.42
2024-12-06 13:35:56.854,102.6,564.0,0.79,0.59,-0.13,1.78,1.99,-0.42
2024-12-06 13:35:56.856,105.07,559.0,0.79,0.59,-0.13,1.72,2.6,-0.3
2024-12-06 13:35:56.868,104.4,571.0,0.79,0.59,-0.12,1.72,2.6,-0.3
2024-12-06 13:35:56.873,103.05,589.0,0.79,0.59,-0.13,1.66,3.15,0.07
2024-12-06 13:35:56.881,101.92,549.0,0.79,0.59,-0.12,1.66,3.7,0.44
2024-12-06 13:35:56.890,109.35,572.0,0.79,0.59,-0.12,1.72,4.13,0.74
2024-12-06 13:35:56.896,102.82,566.0,0.78,0.59,-0.12,1.78,4.55,0.74
2024-12-06 13:35:56.909,107.32,559.0,0.78,0.59,-0.12,2.08,4.43,0.5
2024-12-06 13:35:56.914,105.52,560.0,0.78,0.59,-0.12,2.57,4.0,0.01
2024-12-06 13:35:56.921,105.07,558.0,0.78,0.59,-0.13,2.57,4.0,0.01
2024-12-06 13:35:56.960,105.97,542.0,0.81,0.59,-0.12,4.16,2.29,0.13
2024-12-06 13:35:56.967,101.7,536.0,0.81,0.59,-0.12,4.28,1.93,0.19
2024-12-06 13:35:56.973,104.85,533.0,0.8,0.59,-0.13,4.34,1.68,0.25
2024-12-06 13:35:56.988,101.92,548.0,0.8,0.59,-0.14,4.52,1.38,0.31
2024-12-06 13:35:56.990,103.5,574.0,0.8,0.59,-0.14,4.71,1.26,0.37
2024-12-06 13:35:56.997,108.22,541.0,0.8,0.59,-0.14,4.77,1.26,0.62
2024-12-06 13:35:57.5,106.88,529.0,0.8,0.59,-0.14,4.77,1.26,0.62
2024-12-06 13:35:57.13,108.45,529.0,0.8,0.59,-0.13,5.01,1.5,1.05
2024-12-06 13:35:57.24,105.75,533.0,0.8,0.58,-0.13,5.14,1.68,1.23
2024-12-06 13:35:57.31,109.8,522.0,0.8,0.57,-0.12,5.14,1.99,1.35
2024-12-06 13:35:57.37,105.97,537.0,0.8,0.57,-0.12,5.07,2.6,1.35
2024-12-06 13:35:57.45,105.3,522.0,0.79,0.57,-0.12,5.14,2.9,0.98
2024-12-06 13:35:57.54,102.6,530.0,0.78,0.58,-0.12,5.14,2.9,0.98
2024-12-06 13:35:57.65,102.15,529.0,0.79,0.59,-0.12,5.38,3.45,0.74
2024-12-06 13:35:57.72,108.45,518.0,0.79,0.59,-0.12,5.38,4.67,0.98
2024-12-06 13:35:57.80,103.95,524.0,0.78,0.58,-0.11,5.99,4.8,0.8
2024-12-06 13:35:57.95,108.0,514.0,0.78,0.57,-0.12,6.54,4.13,0.31
2024-12-06 13:35:57.105,104.62,520.0,0.79,0.57,-0.11,6.54,4.13,0.31
2024-12-06 13:35:57.108,107.32,502.0,0.78,0.58,-0.09,6.23,1.5,0.19
2024-12-06 13:35:57.116,103.95,521.0,0.78,0.59,-0.11,5.38,0.46,0.31
2024-12-06 13:35:57.126,107.55,523.0,0.78,0.6,-0.14,4.52,0.77,0.5
2024-12-06 13:35:57.131,103.05,521.0,0.78,0.6,-0.14,3.67,0.65,0.98
2024-12-06 13:35:57.139,104.17,523.0,0.77,0.61,-0.15,2.45,0.16,1.66
2024-12-06 13:35:57.147,106.2,529.0,0.76,0.6,-0.15,2.45,0.16,1.66
2024-12-06 13:35:57.155,99.22,533.0,0.77,0.59,-0.15,1.78,0.1,2.27
2024-12-06 13:35:57.163,100.8,530.0,0.77,0.59,-0.13,1.23,-0.39,2.75
2024-12-06 13:35:57.193,100.57,556.0,0.78,0.58,-0.11,0.07,-0.94,3.37
2024-12-06 13:35:57.198,99.45,523.0,0.79,0.57,-0.1,0.37,-0.94,3.37
2024-12-06 13:35:57.203,99.22,541.0,0.8,0.57,-0.1,0.5,-1.86,3.06
2024-12-06 13:35:57.318,82.12,511.0,0.8,0.59,-0.15,5.87,-1.06,1.23
2024-12-06 13:35:57.322,84.6,520.0,0.79,0.57,-0.15,5.87,-1.73,0.86
2024-12-06 13:35:57.339,87.52,496.0,0.79,0.57,-0.14,6.17,-1.8,0.31
2024-12-06 13:35:57.342,86.4,505.0,0.8,0.57,-0.14,6.29,-2.89,0.13
2024-12-06 13:35:57.346,87.07,515.0,0.8,0.58,-0.14,6.29,-2.89,0.13
2024-12-06 13:35:57.353,86.4,528.0,0.8,0.59,-0.15,6.6,-2.04,0.19
2024-12-06 13:35:57.361,83.92,508.0,0.8,0.59,-0.14,7.03,-2.34,0.25
2024-12-06 13:35:57.369,83.92,512.0,0.79,0.6,-0.14,7.15,-3.69,0.19
2024-12-06 13:35:57.403,85.72,531.0,0.8,0.58,-0.13,6.72,-3.87,-0.48
2024-12-06 13:35:57.407,83.25,520.0,0.79,0.58,-0.14,6.17,-3.87,-0.17
2024-12-06 13:35:57.421,83.25,514.0,0.79,0.57,-0.14,6.11,-3.32,-0.17
2024-12-06 13:35:57.425,79.42,529.0,0.78,0.57,-0.14,5.75,-3.81,0.01
2024-12-06 13:35:57.436,80.78,519.0,0.78,0.57,-0.14,5.75,-3.81,0.01
2024-12-06 13:35:57.442,76.95,538.0,0.78,0.57,-0.14,5.14,-3.87,0.01
2024-12-06 13:35:57.445,76.05,504.0,0.77,0.56,-0.14,4.95,-4.36,-0.24
2024-12-06 13:35:57.457,81.67,523.0,0.79,0.57,-0.15,4.71,-3.81,-0.3
2024-12-06 13:35:57.461,80.78,529.0,0.79,0.57,-0.15,4.16,-3.32,0.31
2024-12-06 13:35:57.469,78.3,535.0,0.8,0.59,-0.14,3.73,-3.93,0.92
2024-12-06 13:35:57.477,73.57,528.0,0.79,0.59,-0.14,3.73,-3.93,0.92
2024-12-06 13:35:57.485,76.5,529.0,0.79,0.57,-0.14,3.3,-3.38,1.11
2024-12-06 13:35:57.496,75.6,541.0,0.79,0.57,-0.14,2.88,-2.65,0.86
2024-12-06 13:35:57.502,74.25,544.0,0.8,0.57,-0.14,2.57,-2.53,0.56
2024-12-06 13:35:57.513,77.85,537.0,0.8,0.57,-0.14,2.51,-2.1,0.37
2024-12-06 13:35:57.519,74.25,520.0,0.8,0.57,-0.15,2.75,-1.98,0.13
2024-12-06 13:35:57.525,76.05,533.0,0.79,0.56,-0.14,2.75,-1.98,0.13
2024-12-06 13:35:57.533,73.12,518.0,0.8,0.57,-0.14,2.94,-2.1,0.01
2024-12-06 13:35:57.541,70.2,534.0,0.79,0.57,-0.14,2.94,-2.04,0.19
2024-12-06 13:35:57.549,72.67,513.0,0.78,0.57,-0.15,3.12,-1.55,0.13
2024-12-06 13:35:57.557,70.88,516.0,0.78,0.57,-0.16,3.24,-1.18,0.01
2024-12-06 13:35:57.565,72.67,514.0,0.78,0.57,-0.16,3.24,-1.06,-0.05
2024-12-06 13:35:57.574,63.67,517.0,0.78,0.57,-0.16,3.24,-1.25,-0.17
2024-12-06 13:35:57.582,70.65,535.0,0.78,0.57,-0.16,3.12,-1.25,-0.17
2024-12-06 13:35:57.592,72.9,515.0,0.79,0.57,-0.17,3.12,-0.88,0.07
2024-12-06 13:35:57.596,67.28,533.0,0.79,0.57,-0.16,3.0,-0.39,0.37
2024-12-06 13:35:57.608,69.53,527.0,0.79,0.57,-0.16,2.82,-0.7,0.5
2024-12-06 13:35:57.635,65.7,529.0,0.79,0.58,-0.16,2.02,-1.92,0.8
2024-12-06 13:35:57.639,65.03,532.0,0.78,0.57,-0.16,1.72,-2.16,0.74
2024-12-06 13:35:57.643,70.2,513.0,0.78,0.57,-0.17,1.53,-1.8,0.56
2024-12-06 13:35:57.652,64.35,529.0,0.78,0.57,-0.17,1.35,-1.67,0.56
2024-12-06 13:35:57.660,69.97,528.0,0.79,0.57,-0.17,1.29,-1.8,0.74
2024-12-06 13:35:57.676,68.17,535.0,0.79,0.58,-0.17,1.29,-1.8,0.74
2024-12-06 13:35:57.679,64.57,515.0,0.79,0.58,-0.17,1.41,-1.49,0.92
2024-12-06 13:35:57.681,64.12,512.0,0.78,0.57,-0.17,1.6,-0.76,1.05
2024-12-06 13:35:57.690,62.1,530.0,0.78,0.57,-0.17,1.84,-1.18,0.92
2024-12-06 13:35:57.698,66.38,534.0,0.78,0.57,-0.17,1.84,-1.73,0.92
2024-12-06 13:35:57.707,63.22,514.0,0.79,0.58,-0.17,1.78,-2.22,1.17
2024-12-06 13:35:57.713,63.67,515.0,0.79,0.58,-0.17,1.78,-2.22,1.17
2024-12-06 13:35:57.727,59.85,526.0,0.79,0.58,-0.17,1.66,-2.1,1.17
2024-12-06 13:35:57.731,62.32,522.0,0.8,0.58,-0.17,1.53,-1.86,1.17
2024-12-06 13:35:57.741,63.0,516.0,0.8,0.59,-0.17,1.23,-1.73,1.35
2024-12-06 13:35:57.753,57.15,507.0,0.8,0.59,-0.17,0.98,-1.61,1.6
2024-12-06 13:35:57.759,59.4,506.0,0.8,0.59,-0.16,0.68,-1.61,1.6
2024-12-06 13:35:57.762,57.6,529.0,0.79,0.58,-0.17,0.68,-1.61,1.6
2024-12-06 13:35:57.767,56.7,508.0,0.78,0.57,-0.17,0.62,-1.0,1.23
2024-12-06 13:35:57.776,61.65,524.0,0.78,0.58,-0.17,0.56,-1.12,1.11
2024-12-06 13:35:57.787,60.75,521.0,0.79,0.58,-0.17,0.5,-1.06,1.47
2024-12-06 13:35:57.793,59.85,513.0,0.79,0.58,-0.17,0.62,-0.82,1.84
2024-12-06 13:35:57.809,54.9,514.0,0.78,0.57,-0.18,1.11,-0.15,2.08
2024-12-06 13:35:57.816,55.57,508.0,0.79,0.58,-0.18,1.11,0.4,2.39
2024-12-06 13:35:57.825,55.8,519.0,0.79,0.58,-0.17,0.92,0.16,2.75
2024-12-06 13:35:57.860,56.7,496.0,0.79,0.58,-0.18,0.86,0.28,2.51
2024-12-06 13:35:57.862,53.1,519.0,0.78,0.59,-0.18,0.74,-0.21,2.51
2024-12-06 13:35:57.869,54.67,535.0,0.78,0.59,-0.18,0.8,-0.15,2.39
2024-12-06 13:35:57.877,53.77,519.0,0.78,0.58,-0.18,0.86,0.1,2.33
2024-12-06 13:35:57.884,54.67,507.0,0.79,0.58,-0.17,0.86,0.1,2.33
2024-12-06 13:35:57.894,53.77,510.0,0.79,0.58,-0.17,0.68,-0.15,2.33
2024-12-06 13:35:57.899,52.88,524.0,0.79,0.58,-0.18,0.62,-0.57,2.33
2024-12-06 13:35:57.906,50.4,519.0,0.79,0.57,-0.18,0.92,-0.39,2.21
2024-12-06 13:35:57.915,48.82,522.0,0.79,0.57,-0.18,0.86,-0.21,2.33
2024-12-06 13:35:57.923,48.6,509.0,0.8,0.59,-0.18,0.68,-0.33,2.63
2024-12-06 13:35:57.935,45.0,506.0,0.79,0.6,-0.18,0.68,-0.33,2.63
2024-12-06 13:35:57.941,46.12,517.0,0.79,0.59,-0.18,0.8,-0.27,2.63
2024-12-06 13:35:57.949,45.67,501.0,0.8,0.58,-0.19,0.8,0.28,2.94
2024-12-06 13:35:57.955,44.77,494.0,0.8,0.58,-0.18,0.56,0.95,3.43
2024-12-06 13:35:57.962,42.75,507.0,0.8,0.58,-0.18,0.74,0.95,3.49
2024-12-06 13:35:57.974,47.92,513.0,0.79,0.57,-0.18,0.92,1.56,3.91
2024-12-06 13:35:57.977,42.08,495.0,0.8,0.57,-0.18,0.92,1.56,3.91
2024-12-06 13:35:57.985,47.02,514.0,0.8,0.57,-0.18,0.8,2.23,4.65
2024-12-06 13:35:57.993,42.75,522.0,0.79,0.57,-0.18,1.11,2.29,5.01
2024-12-06 13:35:58.2,41.62,516.0,0.8,0.57,-0.18,1.47,2.54,5.2
2024-12-06 13:35:58.8,40.5,518.0,0.8,0.57,-0.18,1.35,2.97,5.5
2024-12-06 13:35:58.17,42.08,513.0,0.8,0.58,-0.18,1.41,2.23,5.56
2024-12-06 13:35:58.26,38.25,509.0,0.79,0.57,-0.18,1.41,2.23,5.56
2024-12-06 13:35:58.40,38.47,515.0,0.79,0.56,-0.19,1.66,2.11,5.38
2024-12-06 13:35:58.44,39.15,495.0,0.8,0.57,-0.18,1.53,2.9,5.56
2024-12-06 13:35:58.51,38.47,514.0,0.8,0.58,-0.17,1.41,2.84,5.93
2024-12-06 13:35:58.83,40.72,510.0,0.81,0.57,-0.18,2.33,2.29,6.23
2024-12-06 13:35:58.85,36.22,511.0,0.8,0.56,-0.17,2.45,1.74,6.29
2024-12-06 13:35:58.98,39.38,512.0,0.8,0.56,-0.17,2.63,1.68,5.81
2024-12-06 13:35:58.104,32.85,541.0,0.79,0.54,-0.17,2.57,1.2,5.38
2024-12-06 13:35:58.110,37.8,497.0,0.8,0.54,-0.17,2.57,1.2,5.38
2024-12-06 13:35:58.125,35.55,514.0,0.8,0.56,-0.17,2.27,0.46,5.32
2024-12-06 13:35:58.127,32.4,492.0,0.8,0.56,-0.17,2.14,0.1,5.44
2024-12-06 13:35:58.133,34.65,505.0,0.79,0.55,-0.18,2.21,0.16,5.44
2024-12-06 13:35:58.140,30.82,503.0,0.79,0.55,-0.18,2.08,0.46,5.32
2024-12-06 13:35:58.150,33.75,508.0,0.8,0.55,-0.18,2.08,0.46,5.44
2024-12-06 13:35:58.156,32.62,511.0,0.8,0.56,-0.17,2.14,0.83,5.44
2024-12-06 13:35:58.166,32.85,513.0,0.8,0.56,-0.17,2.21,1.2,5.62
2024-12-06 13:35:58.175,30.38,512.0,0.8,0.55,-0.17,2.39,0.71,5.75
2024-12-06 13:35:58.180,33.97,508.0,0.79,0.54,-0.18,2.63,0.34,5.62
2024-12-06 13:35:58.189,33.08,507.0,0.79,0.54,-0.18,2.75,-0.09,5.32
2024-12-06 13:35:58.217,29.47,505.0,0.8,0.55,-0.18,2.63,0.22,4.77
2024-12-06 13:35:58.225,29.47,495.0,0.79,0.55,-0.18,2.45,0.28,4.46
2024-12-06 13:35:58.228,29.25,491.0,0.79,0.55,-0.18,2.63,-0.45,4.1
2024-12-06 13:35:58.235,29.47,501.0,0.79,0.55,-0.18,2.75,-1.25,3.85
2024-12-06 13:35:58.252,30.15,511.0,0.79,0.55,-0.18,2.75,-1.25,3.67
2024-12-06 13:35:58.255,30.15,495.0,0.8,0.56,-0.18,2.69,-1.06,3.67
2024-12-06 13:35:58.258,26.55,490.0,0.8,0.56,-0.17,2.69,-0.7,3.43
2024-12-06 13:35:58.356,25.88,487.0,0.8,0.55,-0.19,2.27,-1.06,3.61
2024-12-06 13:35:58.368,26.1,488.0,0.81,0.55,-0.19,2.27,-0.82,3.61
2024-12-06 13:35:58.374,25.65,460.0,0.81,0.55,-0.19,2.02,0.16,3.98
2024-12-06 13:35:58.388,22.27,487.0,0.81,0.55,-0.19,1.96,0.65,4.46
2024-12-06 13:35:58.391,25.2,490.0,0.81,0.54,-0.18,1.84,0.16,4.59
2024-12-06 13:35:58.424,28.12,504.0,0.81,0.54,-0.18,1.66,-0.15,4.46
2024-12-06 13:35:58.435,22.27,490.0,0.81,0.54,-0.19,1.47,0.83,4.04
2024-12-06 13:35:58.437,19.12,504.0,0.81,0.54,-0.19,1.72,0.71,3.85
2024-12-06 13:35:58.441,20.48,499.0,0.81,0.54,-0.18,1.72,0.71,3.85
2024-12-06 13:35:58.448,25.42,499.0,0.81,0.54,-0.19,2.02,0.46,3.85
2024-12-06 13:35:58.460,26.32,461.0,0.81,0.54,-0.19,2.33,0.22,3.98
2024-12-06 13:35:58.463,21.6,496.0,0.8,0.54,-0.19,2.69,0.22,4.22
2024-12-06 13:35:58.473,19.8,487.0,0.8,0.54,-0.19,3.06,0.1,4.1
2024-12-06 13:35:58.480,20.25,497.0,0.8,0.53,-0.19,3.12,0.16,4.04
2024-12-06 13:35:58.488,22.72,493.0,0.8,0.53,-0.19,3.12,0.16,4.04
2024-12-06 13:35:58.495,23.4,498.0,0.8,0.53,-0.2,3.24,0.34,3.73
2024-12-06 13:35:58.531,22.95,483.0,0.8,0.53,-0.19,3.18,0.65,3.61
2024-12-06 13:35:58.536,21.15,482.0,0.81,0.53,-0.19,2.88,1.26,3.37
2024-12-06 13:35:58.538,23.4,482.0,0.81,0.54,-0.19,2.82,1.26,3.37
2024-12-06 13:35:58.541,24.07,492.0,0.81,0.54,-0.2,2.75,1.13,3.73
2024-12-06 13:35:58.549,22.95,487.0,0.8,0.53,-0.19,2.88,0.89,3.73
2024-12-06 13:35:58.557,20.92,486.0,0.8,0.52,-0.19,2.88,0.65,3.67
2024-12-06 13:35:58.566,19.8,471.0,0.8,0.52,-0.19,2.82,0.28,3.49
2024-12-06 13:35:58.577,18.0,489.0,0.81,0.52,-0.19,2.82,0.28,3.3
2024-12-06 13:35:58.580,15.75,485.0,0.81,0.52,-0.19,2.75,0.16,3.3
2024-12-06 13:35:58.588,21.38,481.0,0.81,0.52,-0.19,2.63,0.52,3.12
2024-12-06 13:35:58.596,15.52,467.0,0.82,0.53,-0.2,2.69,0.46,3.24
2024-12-06 13:35:58.642,18.23,478.0,0.82,0.53,-0.2,2.75,0.04,3.73
2024-12-06 13:35:58.645,19.35,468.0,0.82,0.52,-0.2,2.69,-0.45,3.61
2024-12-06 13:35:58.650,16.42,482.0,0.82,0.52,-0.2,2.45,-0.21,3.73
2024-12-06 13:35:58.660,15.97,464.0,0.82,0.53,-0.2,2.45,-0.21,3.73
2024-12-06 13:35:58.665,14.4,474.0,0.82,0.53,-0.2,2.45,0.4,3.91
2024-12-06 13:35:58.673,16.2,480.0,0.81,0.53,-0.19,2.45,0.95,4.16
2024-12-06 13:35:58.683,15.75,484.0,0.81,0.52,-0.19,2.57,0.77,4.22
2024-12-06 13:35:58.689,13.72,467.0,0.81,0.52,-0.2,2.75,0.71,4.1
2024-12-06 13:35:58.698,15.07,479.0,0.8,0.52,-0.2,2.88,0.89,4.04
2024-12-06 13:35:58.705,13.27,485.0,0.81,0.52,-0.19,2.88,0.89,4.04
2024-12-06 13:35:58.715,15.75,483.0,0.82,0.52,-0.19,3.0,1.07,4.28
2024-12-06 13:35:58.727,12.38,470.0,0.82,0.52,-0.2,3.06,1.2,4.52
2024-12-06 13:35:58.730,16.2,481.0,0.82,0.53,-0.2,3.06,1.56,4.65
2024-12-06 13:35:58.758,11.25,445.0,0.81,0.52,-0.2,2.94,0.95,4.71
2024-12-06 13:35:58.760,11.47,470.0,0.81,0.51,-0.2,2.69,0.71,4.34
2024-12-06 13:35:58.766,9.45,488.0,0.82,0.51,-0.2,2.69,0.65,4.04
2024-12-06 13:35:58.776,11.7,475.0,0.82,0.52,-0.2,2.75,0.71,4.04
2024-12-06 13:35:58.784,9.22,468.0,0.82,0.52,-0.2,2.63,0.71,3.98
2024-12-06 13:35:58.794,11.25,469.0,0.82,0.52,-0.2,2.63,0.71,3.98
2024-12-06 13:35:58.797,9.68,476.0,0.82,0.52,-0.2,2.69,0.77,4.1
2024-12-06 13:35:58.805,7.88,470.0,0.81,0.52,-0.2,2.63,0.4,4.1
2024-12-06 13:35:58.822,10.12,494.0,0.81,0.53,-0.2,2.63,-0.39,3.98
2024-12-06 13:35:58.824,9.9,477.0,0.82,0.53,-0.2,2.39,-0.64,3.91
2024-12-06 13:35:58.830,9.22,467.0,0.82,0.53,-0.2,2.08,-0.45,3.73
2024-12-06 13:35:58.837,7.2,487.0,0.81,0.52,-0.19,2.08,-0.45,3.73
2024-12-06 13:35:58.848,7.2,471.0,0.81,0.51,-0.19,1.84,-0.45,3.49
2024-12-06 13:35:58.855,6.75,472.0,0.82,0.51,-0.2,1.72,-0.57,3.37
2024-12-06 13:35:58.888,5.85,472.0,0.82,0.52,-0.2,1.41,-0.03,3.73
2024-12-06 13:35:58.892,6.75,478.0,0.83,0.52,-0.2,1.11,-0.03,4.71
2024-12-06 13:35:58.900,5.17,470.0,0.83,0.51,-0.21,1.17,-0.21,5.01
2024-12-06 13:35:58.906,3.15,474.0,0.83,0.51,-0.21,1.11,0.4,5.2
2024-12-06 13:35:58.921,3.38,466.0,0.83,0.52,-0.21,0.98,0.83,5.5
2024-12-06 13:35:58.925,4.95,466.0,0.82,0.52,-0.2,0.98,0.83,5.5
2024-12-06 13:35:58.929,-1.12,465.0,0.82,0.51,-0.2,0.92,-0.03,5.44
2024-12-06 13:35:58.937,4.28,471.0,0.82,0.5,-0.2,0.74,-0.09,5.32
2024-12-06 13:35:58.945,2.7,485.0,0.84,0.5,-0.2,0.37,0.59,5.56
2024-12-06 13:35:58.953,-0.45,480.0,0.84,0.5,-0.2,0.37,0.83,6.17
2024-12-06 13:35:58.962,6.07,476.0,0.84,0.52,-0.2,0.56,0.59,6.6
2024-12-06 13:35:58.968,-1.12,512.0,0.82,0.52,-0.22,0.56,0.59,6.6
2024-12-06 13:35:58.981,0.22,475.0,0.81,0.52,-0.22,0.98,-0.15,6.6
2024-12-06 13:35:58.997,2.47,477.0,0.79,0.53,-0.21,1.29,-0.57,6.11
2024-12-06 13:35:59.0,-6.3,488.0,0.79,0.53,-0.21,0.98,-0.45,8.86
2024-12-06 13:35:59.7,4.05,480.0,0.75,0.55,-0.17,1.47,-3.14,11.54
2024-12-06 13:35:59.39,1.57,480.0,0.77,0.48,-0.16,1.72,-9.36,9.1
2024-12-06 13:35:59.45,2.47,483.0,0.8,0.45,-0.19,1.72,-5.4,5.81
2024-12-06 13:35:59.53,3.15,481.0,0.87,0.45,-0.26,1.72,-5.4,5.81
2024-12-06 13:35:59.63,-1.57,472.0,0.89,0.47,-0.23,1.66,2.29,3.91
2024-12-06 13:35:59.74,0.22,478.0,0.89,0.5,-0.2,1.96,2.97,2.94
2024-12-06 13:35:59.77,1.57,492.0,0.86,0.51,-0.21,2.08,2.29,3.06
2024-12-06 13:35:59.86,-5.17,486.0,0.86,0.51,-0.21,2.14,-0.15,2.94
2024-12-06 13:35:59.94,0.0,471.0,0.86,0.49,-0.22,2.27,-0.45,2.82
2024-12-06 13:35:59.102,0.9,508.0,0.87,0.49,-0.22,2.27,-0.45,2.82
2024-12-06 13:35:59.109,0.45,480.0,0.86,0.49,-0.2,2.39,-1.06,2.33
2024-12-06 13:35:59.116,2.47,497.0,0.85,0.49,-0.2,2.39,-3.32,1.72
2024-12-06 13:35:59.130,0.22,495.0,0.84,0.48,-0.21,1.96,-5.03,1.11
2024-12-06 13:35:59.132,-0.45,477.0,0.84,0.48,-0.21,1.84,-4.72,0.62
2024-12-06 13:35:59.139,-4.28,485.0,0.84,0.48,-0.21,1.84,-3.75,0.56
2024-12-06 13:35:59.148,-2.47,493.0,0.83,0.48,-0.21,2.08,-3.75,0.56
2024-12-06 13:35:59.156,-1.57,493.0,0.82,0.48,-0.21,2.27,-2.77,0.56
2024-12-06 13:35:59.163,-2.92,487.0,0.8,0.49,-0.21,2.27,-2.34,0.5
2024-12-06 13:35:59.172,2.47,475.0,0.8,0.49,-0.21,2.39,-2.1,0.44
2024-12-06 13:35:59.178,-2.02,488.0,0.8,0.49,-0.21,2.45,-1.37,0.5
2024-12-06 13:35:59.225,-3.38,492.0,0.8,0.49,-0.21,2.45,-1.37,0.62
2024-12-06 13:35:59.228,0.22,504.0,0.81,0.48,-0.22,1.84,0.04,0.19
2024-12-06 13:35:59.232,-0.9,492.0,0.82,0.48,-0.22,1.47,0.04,0.13
2024-12-06 13:35:59.239,-2.02,491.0,0.83,0.48,-0.22,1.17,-0.09,0.25
2024-12-06 13:35:59.249,-0.45,487.0,0.83,0.48,-0.22,0.86,-0.09,0.68
2024-12-06 13:35:59.257,2.25,504.0,0.83,0.49,-0.22,0.62,-0.03,0.98
2024-12-06 13:35:59.271,2.02,492.0,0.83,0.49,-0.22,0.44,-0.27,1.17
2024-12-06 13:35:59.273,2.92,494.0,0.83,0.49,-0.22,0.44,-0.27,1.17
2024-12-06 13:35:59.278,-2.7,496.0,0.83,0.49,-0.21,0.13,-0.88,1.17
2024-12-06 13:35:59.286,-2.47,497.0,0.83,0.49,-0.21,-0.05,-1.37,0.92
2024-12-06 13:35:59.294,0.22,482.0,0.84,0.49,-0.21,-0.17,-1.67,0.68
2024-12-06 13:35:59.305,-2.47,489.0,0.84,0.49,-0.21,-0.11,-1.43,0.5
2024-12-06 13:35:59.403,-1.8,493.0,0.84,0.49,-0.22,0.01,-1.12,0.31
2024-12-06 13:35:59.411,0.45,500.0,0.79,0.5,-0.23,0.56,1.13,-1.76
2024-12-06 13:35:59.417,-0.67,499.0,0.79,0.5,-0.23,0.37,0.77,-1.58
2024-12-06 13:35:59.450,-2.02,510.0,0.81,0.51,-0.24,-0.66,1.01,-1.7
2024-12-06 13:35:59.452,2.25,489.0,0.82,0.51,-0.24,-1.03,0.77,-1.82
2024-12-06 13:35:59.465,0.0,505.0,0.83,0.5,-0.23,-1.03,0.77,-1.82
2024-12-06 13:35:59.467,-0.45,510.0,0.84,0.5,-0.23,-1.27,0.28,-1.76
2024-12-06 13:35:59.475,-4.5,513.0,0.83,0.5,-0.23,-1.33,0.65,-2.01
2024-12-06 13:35:59.483,0.0,496.0,0.83,0.51,-0.22,-1.27,0.22,-2.19
2024-12-06 13:35:59.494,0.22,516.0,0.83,0.51,-0.22,-0.97,0.34,-1.94
2024-12-06 13:35:59.498,-2.47,517.0,0.83,0.51,-0.22,-0.79,0.89,-1.33
2024-12-06 13:35:59.506,-1.8,519.0,0.83,0.51,-0.22,-0.79,0.89,-1.33
2024-12-06 13:35:59.521,-3.6,523.0,0.82,0.51,-0.21,-0.66,0.95,-0.72
2024-12-06 13:35:59.524,-9.45,516.0,0.82,0.51,-0.21,-0.54,1.26,-0.11
2024-12-06 13:35:59.538,-1.57,488.0,0.82,0.51,-0.21,-0.54,1.99,0.44
2024-12-06 13:35:59.547,-10.57,537.0,0.82,0.51,-0.21,-0.66,2.29,0.86
2024-12-06 13:35:59.549,2.02,532.0,0.83,0.51,-0.22,-0.66,2.48,1.47
2024-12-06 13:35:59.553,0.22,527.0,0.84,0.52,-0.21,-1.27,2.48,1.47
2024-12-06 13:35:59.565,-4.28,511.0,0.86,0.52,-0.21,-1.52,2.29,2.45
2024-12-06 13:35:59.569,1.12,514.0,0.87,0.51,-0.23,-1.52,2.36,3.49
2024-12-06 13:35:59.579,-2.02,506.0,0.87,0.51,-0.23,-1.4,3.09,4.34
2024-12-06 13:35:59.584,-2.47,523.0,0.87,0.51,-0.23,-1.33,2.48,4.77
2024-12-06 13:35:59.592,-1.35,523.0,0.86,0.5,-0.22,-1.33,2.48,4.89
2024-12-06 13:35:59.600,-0.45,530.0,0.85,0.48,-0.2,-1.52,2.36,4.89
2024-12-06 13:35:59.608,-4.5,537.0,0.84,0.47,-0.2,-1.76,2.29,4.77
2024-12-06 13:35:59.621,1.8,516.0,0.83,0.47,-0.2,-1.94,1.81,4.59
2024-12-06 13:35:59.623,-2.92,535.0,0.83,0.47,-0.2,-1.94,1.01,4.22
2024-12-06 13:35:59.631,-2.92,538.0,0.83,0.47,-0.2,-2.07,0.16,3.98
2024-12-06 13:35:59.669,-3.6,534.0,0.82,0.48,-0.21,-2.07,0.16,3.98
2024-12-06 13:35:59.671,-0.45,525.0,0.81,0.48,-0.21,-2.19,-1.18,2.75
2024-12-06 13:35:59.679,1.8,534.0,0.8,0.48,-0.21,-2.19,-1.18,2.75
2024-12-06 13:35:59.691,-2.92,535.0,0.79,0.48,-0.22,-2.07,-1.12,2.14
2024-12-06 13:35:59.693,-1.12,531.0,0.79,0.49,-0.22,-1.94,-1.0,1.47
2024-12-06 13:35:59.701,1.35,540.0,0.8,0.49,-0.22,-1.94,-1.37,1.05
2024-12-06 13:35:59.708,1.8,537.0,0.8,0.49,-0.22,-2.01,-1.92,0.92
2024-12-06 13:35:59.717,0.0,561.0,0.8,0.49,-0.22,-2.37,-1.98,0.86
2024-12-06 13:35:59.725,2.47,539.0,0.81,0.49,-0.21,-2.37,-1.98,0.86
2024-12-06 13:35:59.734,-3.15,530.0,0.81,0.5,-0.2,-2.92,-2.34,1.05
2024-12-06 13:35:59.739,-1.35,536.0,0.8,0.52,-0.2,-3.59,-3.2,2.14
2024-12-06 13:35:59.747,-0.45,513.0,0.78,0.53,-0.2,-3.9,-4.05,4.34
2024-12-06 13:35:59.756,1.57,534.0,0.78,0.53,-0.2,-4.08,-4.54,5.56
2024-12-06 13:35:59.763,-1.57,524.0,0.8,0.47,-0.2,-4.26,-4.05,2.69
2024-12-06 13:35:59.775,-2.02,521.0,0.86,0.43,-0.21,-4.26,-4.05,2.69
2024-12-06 13:35:59.784,-0.22,519.0,0.85,0.48,-0.22,-5.18,-2.53,0.19
2024-12-06 13:35:59.787,-0.9,537.0,0.82,0.52,-0.21,-4.26,0.04,-0.05
2024-12-06 13:35:59.795,-3.38,530.0,0.82,0.49,-0.2,-4.2,-1.37,-0.6
2024-12-06 13:35:59.803,0.67,526.0,0.83,0.49,-0.23,-3.78,-1.55,-1.15
2024-12-06 13:35:59.815,2.02,516.0,0.83,0.49,-0.23,-3.1,-0.82,-1.33
2024-12-06 13:35:59.821,-3.38,510.0,0.83,0.5,-0.23,-3.1,-0.82,-1.27
2024-12-06 13:35:59.827,-1.12,520.0,0.84,0.5,-0.23,-2.25,-0.15,-1.27
2024-12-06 13:35:59.835,2.7,514.0,0.84,0.5,-0.23,-1.58,0.1,-0.91
2024-12-06 13:35:59.842,-6.75,497.0,0.84,0.49,-0.23,-1.09,0.65,-0.54
2024-12-06 13:35:59.851,-3.6,525.0,0.83,0.48,-0.22,-0.85,1.01,-0.42
2024-12-06 13:35:59.858,1.8,514.0,0.83,0.48,-0.22,-0.66,1.32,-0.36
2024-12-06 13:35:59.872,-2.92,515.0,0.83,0.48,-0.22,-0.66,0.95,-0.3
2024-12-06 13:35:59.885,-1.8,511.0,0.83,0.48,-0.21,-0.72,0.95,-0.3
2024-12-06 13:35:59.888,0.45,507.0,0.84,0.48,-0.21,-0.97,0.89,-0.11
2024-12-06 13:35:59.890,1.57,543.0,0.84,0.48,-0.21,-1.4,0.71,-0.11
2024-12-06 13:35:59.899,0.45,511.0,0.84,0.48,-0.2,-1.82,0.16,0.07
2024-12-06 13:35:59.939,1.57,550.0,0.83,0.5,-0.23,-1.7,-0.45,-0.42
2024-12-06 13:35:59.949,-0.67,556.0,0.83,0.51,-0.23,-1.33,-0.64,-0.85
2024-12-06 13:35:59.954,0.22,526.0,0.82,0.52,-0.23,-1.33,-0.64,-0.85
2024-12-06 13:35:59.961,0.9,502.0,0.81,0.52,-0.23,-1.03,-0.94,-1.27
2024-12-06 13:35:59.966,0.45,517.0,0.81,0.52,-0.23,-0.85,-1.12,-1.46
2024-12-06 13:35:59.976,-0.45,524.0,0.82,0.51,-0.23,-0.66,-1.37,-1.52
2024-12-06 13:35:59.983,0.45,510.0,0.82,0.51,-0.23,-0.54,-1.18,-1.52
2024-12-06 13:35:59.992,1.57,520.0,0.81,0.51,-0.23,-0.48,-0.88,-1.46
2024-12-06 13:36:00.3,2.02,501.0,0.81,0.5,-0.22,-0.48,-0.88,-1.46
2024-12-06 13:36:00.5,-0.45,519.0,0.81,0.5,-0.22,-0.36,-0.82,-1.15
2024-12-06 13:36:00.13,-1.12,515.0,0.81,0.51,-0.22,-0.36,-0.45,-0.66
2024-12-06 13:36:00.21,-1.57,519.0,0.8,0.51,-0.22,-0.48,-0.15,-0.42
2024-12-06 13:36:00.31,-2.02,579.0,0.8,0.51,-0.22,-0.42,0.1,-0.17
2024-12-06 13:36:00.44,-3.6,528.0,0.8,0.51,-0.22,-0.17,0.95,0.01
2024-12-06 13:36:00.46,2.7,491.0,0.81,0.52,-0.23,-0.17,0.95,0.01
2024-12-06 13:36:00.57,1.35,531.0,0.81,0.53,-0.24,0.19,1.44,0.07
2024-12-06 13:36:00.62,-6.97,522.0,0.81,0.53,-0.25,0.62,1.74,-0.11
2024-12-06 13:36:00.68,0.9,520.0,0.81,0.53,-0.26,1.6,2.42,-0.42
2024-12-06 13:36:00.78,-3.15,524.0,0.82,0.53,-0.26,2.45,3.27,-0.54
2024-12-06 13:36:00.85,0.0,517.0,0.82,0.53,-0.26,2.94,3.76,-0.54
2024-12-06 13:36:00.118,0.22,523.0,0.83,0.52,-0.2,2.45,3.94,0.07
2024-12-06 13:36:00.122,0.22,534.0,0.83,0.52,-0.2,1.96,3.64,0.37
2024-12-06 13:36:00.129,0.22,521.0,0.84,0.51,-0.2,1.96,3.64,0.37
2024-12-06 13:36:00.143,-8.32,494.0,0.85,0.5,-0.19,1.41,3.45,0.62
2024-12-06 13:36:00.146,1.35,552.0,0.85,0.49,-0.18,0.92,2.54,0.74
2024-12-06 13:36:00.158,-0.67,543.0,0.85,0.48,-0.19,0.44,1.56,0.86
2024-12-06 13:36:00.164,-0.67,514.0,0.85,0.48,-0.19,0.01,0.77,0.92
2024-12-06 13:36:00.168,2.02,518.0,0.84,0.48,-0.19,-0.3,-0.15,0.8
2024-12-06 13:36:00.176,-0.22,527.0,0.83,0.48,-0.19,-0.3,-0.15,0.8
2024-12-06 13:36:00.184,2.7,520.0,0.82,0.48,-0.2,-0.54,-1.06,0.44
2024-12-06 13:36:00.192,0.9,534.0,0.81,0.48,-0.21,-0.72,-1.37,-0.11
2024-12-06 13:36:00.202,-0.9,520.0,0.8,0.49,-0.21,-0.85,-1.55,-0.72
2024-12-06 13:36:00.208,2.25,530.0,0.8,0.49,-0.21,-1.03,-1.55,-1.15
2024-12-06 13:36:00.218,-3.6,514.0,0.8,0.49,-0.22,-1.15,-1.31,-1.33
2024-12-06 13:36:00.223,2.92,518.0,0.8,0.49,-0.22,-1.15,-1.31,-1.33
2024-12-06 13:36:00.231,-0.45,533.0,0.8,0.5,-0.23,-1.09,-1.31,-1.21
2024-12-06 13:36:00.242,0.0,529.0,0.8,0.5,-0.23,-1.09,-0.82,-1.03
2024-12-06 13:36:00.247,-0.67,546.0,0.8,0.51,-0.23,-1.09,-0.7,-0.79
2024-12-06 13:36:00.259,0.9,522.0,0.8,0.51,-0.23,-1.03,-0.7,-0.66
2024-12-06 13:36:00.263,-0.45,525.0,0.8,0.52,-0.22,-1.03,-0.45,-0.6
2024-12-06 13:36:00.278,-0.67,539.0,0.81,0.52,-0.22,-1.03,-0.45,-0.6
2024-12-06 13:36:00.283,0.45,558.0,0.82,0.53,-0.23,-0.97,-0.03,-0.42
2024-12-06 13:36:00.289,0.22,553.0,0.83,0.53,-0.23,-0.6,0.4,-0.42
2024-12-06 13:36:00.300,-2.7,525.0,0.83,0.54,-0.24,-0.17,0.59,-0.48
2024-12-06 13:36:00.306,-1.8,531.0,0.83,0.54,-0.24,0.25,0.59,-0.54
2024-12-06 13:36:00.311,-0.22,524.0,0.83,0.55,-0.24,0.68,0.52,-0.6
2024-12-06 13:36:00.343,0.67,523.0,0.81,0.52,-0.2,0.68,0.22,-1.33
2024-12-06 13:36:00.472,0.67,522.0,0.81,0.52,-0.21,0.92,1.62,-0.85
2024-12-06 13:36:00.483,-1.57,529.0,0.82,0.5,-0.21,0.68,1.44,-0.11
2024-12-06 13:36:00.493,-5.85,512.0,0.82,0.5,-0.21,0.74,1.13,0.01
2024-12-06 13:36:00.502,-2.47,529.0,0.81,0.5,-0.21,0.74,1.13,0.01
2024-12-06 13:36:00.510,-2.7,554.0,0.81,0.5,-0.21,0.68,0.95,0.07
2024-12-06 13:36:00.513,0.0,520.0,0.81,0.5,-0.21,0.56,0.83,0.01
2024-12-06 13:36:00.521,2.47,524.0,0.81,0.5,-0.21,0.37,0.22,-0.17
2024-12-06 13:36:00.528,5.17,519.0,0.81,0.5,-0.21,0.19,-0.09,-0.48
2024-12-06 13:36:00.538,0.9,537.0,0.81,0.5,-0.21,0.07,-0.39,-0.72
2024-12-06 13:36:00.579,0.9,512.0,0.81,0.51,-0.22,-0.24,-0.64,-1.21
2024-12-06 13:36:00.583,-2.02,557.0,0.82,0.51,-0.22,-0.3,-0.7,-1.21
2024-12-06 13:36:00.590,-2.7,518.0,0.82,0.52,-0.22,-0.17,-0.39,-0.91
2024-12-06 13:36:00.609,0.0,526.0,0.82,0.53,-0.22,0.07,0.04,-0.48
2024-12-06 13:36:00.613,0.45,513.0,0.82,0.53,-0.22,0.25,0.46,-0.11
2024-12-06 13:36:00.620,0.67,528.0,0.82,0.53,-0.22,0.5,0.83,0.25
2024-12-06 13:36:00.626,1.57,512.0,0.82,0.53,-0.22,0.5,0.83,0.25
2024-12-06 13:36:00.633,-0.22,527.0,0.82,0.52,-0.22,0.8,1.56,0.31
2024-12-06 13:36:00.640,2.02,527.0,0.82,0.52,-0.22,1.11,1.93,0.31
2024-12-06 13:36:00.648,0.0,532.0,0.83,0.51,-0.22,1.35,1.99,0.31
2024-12-06 13:36:00.651,-1.8,553.0,0.83,0.51,-0.22,1.47,1.87,0.44
2024-12-06 13:36:00.669,0.22,531.0,0.83,0.51,-0.21,1.47,1.87,0.44
2024-12-06 13:36:00.672,1.12,551.0,0.83,0.51,-0.21,1.35,1.56,0.56
2024-12-06 13:36:00.679,2.92,528.0,0.83,0.51,-0.2,1.11,1.2,0.68
2024-12-06 13:36:00.682,0.67,535.0,0.82,0.5,-0.21,0.8,0.95,0.62
2024-12-06 13:36:00.690,-0.45,526.0,0.82,0.5,-0.21,0.5,0.71,0.56
2024-12-06 13:36:00.697,-2.02,567.0,0.82,0.5,-0.21,0.31,0.46,0.31
2024-12-06 13:36:00.708,-0.9,526.0,0.81,0.5,-0.21,0.31,0.46,0.31
2024-12-06 13:36:00.714,-4.05,529.0,0.8,0.49,-0.22,0.19,0.28,0.01
2024-12-06 13:36:00.731,0.0,522.0,0.8,0.49,-0.22,0.13,0.28,-0.42
2024-12-06 13:36:00.734,-1.8,535.0,0.79,0.49,-0.22,0.01,0.4,-0.66
2024-12-06 13:36:00.736,0.22,510.0,0.79,0.49,-0.22,0.01,0.04,-0.91
2024-12-06 13:36:00.745,-3.82,526.0,0.79,0.49,-0.21,-0.05,-0.39,-1.09
2024-12-06 13:36:00.751,1.57,541.0,0.8,0.5,-0.21,-0.05,-0.39,-1.09
2024-12-06 13:36:00.760,-2.25,550.0,0.8,0.51,-0.21,-0.17,-0.82,-1.21
2024-12-06 13:36:00.794,-1.57,536.0,0.82,0.53,-0.21,-0.54,-0.33,-0.97
2024-12-06 13:36:00.796,-2.7,523.0,0.83,0.53,-0.21,-0.54,-0.33,-0.97
2024-12-06 13:36:00.798,-2.92,530.0,0.83,0.53,-0.21,-0.42,-0.27,-0.79
2024-12-06 13:36:00.806,-3.15,532.0,0.83,0.54,-0.21,-0.24,-1.0,-0.72
2024-12-06 13:36:00.829,2.7,586.0,0.83,0.54,-0.22,-0.11,-1.49,-0.66
2024-12-06 13:36:00.834,-3.15,524.0,0.82,0.54,-0.21,-0.05,0.52,-0.54
2024-12-06 13:36:00.839,1.57,544.0,0.82,0.53,-0.23,0.25,0.52,-0.54
2024-12-06 13:36:00.847,2.25,531.0,0.82,0.54,-0.21,0.25,1.2,-0.3
2024-12-06 13:36:00.852,2.02,543.0,0.83,0.54,-0.19,0.37,-3.08,0.37
2024-12-06 13:36:00.862,0.22,545.0,0.82,0.53,-0.24,0.07,-1.12,0.86
2024-12-06 13:36:00.871,1.8,543.0,0.82,0.53,-0.24,0.19,1.81,1.05
2024-12-06 13:36:00.879,-10.35,566.0,0.81,0.53,-0.23,0.19,1.81,1.05
2024-12-06 13:36:00.884,2.7,529.0,0.81,0.52,-0.21,0.44,2.42,1.11
2024-12-06 13:36:00.906,-2.47,527.0,0.8,0.52,-0.21,0.37,1.56,1.17
2024-12-06 13:36:00.913,-2.02,533.0,0.8,0.52,-0.22,0.25,1.44,0.98
2024-12-06 13:36:00.916,-2.47,551.0,0.8,0.52,-0.22,0.25,1.44,0.68
2024-12-06 13:36:00.927,-3.38,537.0,0.8,0.52,-0.23,0.44,1.81,0.68
2024-12-06 13:36:00.946,-0.67,533.0,0.79,0.51,-0.23,0.74,0.77,-0.3
2024-12-06 13:36:00.951,2.92,550.0,0.8,0.51,-0.23,0.74,0.77,-0.42
2024-12-06 13:36:00.959,-2.7,533.0,0.8,0.51,-0.23,0.92,1.13,-0.42
2024-12-06 13:36:00.969,-1.35,548.0,0.81,0.52,-0.23,1.05,1.38,-0.24
2024-12-06 13:36:00.974,0.22,555.0,0.81,0.52,-0.23,0.98,1.93,0.13
2024-12-06 13:36:00.983,-1.8,532.0,0.82,0.53,-0.23,0.92,2.6,0.5
2024-12-06 13:36:00.999,0.22,540.0,0.82,0.53,-0.23,0.74,3.45,0.74
2024-12-06 13:36:01.8,-0.45,554.0,0.82,0.53,-0.23,0.74,3.45,0.74
2024-12-06 13:36:01.20,-2.02,540.0,0.82,0.53,-0.22,0.62,3.27,0.74
2024-12-06 13:36:01.23,0.67,542.0,0.82,0.53,-0.21,0.5,1.93,0.37
2024-12-06 13:36:01.28,-0.9,542.0,0.82,0.53,-0.21,0.74,1.56,0.19
2024-12-06 13:36:01.36,0.22,540.0,0.82,0.53,-0.21,0.74,1.56,0.19
2024-12-06 13:36:01.44,1.8,541.0,0.82,0.53,-0.21,0.86,1.01,-0.11
2024-12-06 13:36:01.52,-1.57,543.0,0.82,0.52,-0.21,0.92,0.65,-0.54
2024-12-06 13:36:01.86,-3.15,545.0,0.82,0.52,-0.21,1.17,0.89,-0.79
2024-12-06 13:36:01.89,-3.15,530.0,0.81,0.51,-0.21,1.6,1.56,-1.15
2024-12-06 13:36:01.92,-1.12,545.0,0.8,0.51,-0.2,1.66,1.81,-1.27
2024-12-06 13:36:01.104,3.15,556.0,0.8,0.51,-0.21,1.66,1.87,-1.4
2024-12-06 13:36:01.108,-2.92,539.0,0.8,0.51,-0.21,1.6,2.17,-1.27
2024-12-06 13:36:01.117,-6.07,553.0,0.8,0.51,-0.21,1.53,1.93,-1.03
2024-12-06 13:36:01.121,0.67,551.0,0.81,0.51,-0.21,1.53,1.93,-1.03
2024-12-06 13:36:01.128,0.9,554.0,0.81,0.51,-0.21,1.35,1.5,-0.54
2024-12-06 13:36:01.135,0.0,545.0,0.82,0.52,-0.22,1.23,1.62,-0.05
2024-12-06 13:36:01.144,-3.15,538.0,0.81,0.51,-0.21,0.98,1.56,0.01
2024-12-06 13:36:01.153,-1.12,555.0,0.81,0.51,-0.21,0.62,1.07,-0.36
2024-12-06 13:36:01.161,-2.7,548.0,0.81,0.51,-0.21,0.31,0.65,-0.72
2024-12-06 13:36:01.168,0.0,548.0,0.81,0.51,-0.21,0.31,0.65,-0.72
2024-12-06 13:36:01.176,1.8,562.0,0.81,0.52,-0.22,0.31,0.71,-0.97
2024-12-06 13:36:01.183,-2.92,547.0,0.81,0.53,-0.22,0.31,0.65,-1.15
2024-12-06 13:36:01.191,-2.92,546.0,0.81,0.53,-0.22,0.31,0.71,-1.21
2024-12-06 13:36:01.198,-0.22,536.0,0.81,0.53,-0.22,0.37,0.77,-1.09
2024-12-06 13:36:01.206,0.0,555.0,0.81,0.53,-0.21,0.37,1.01,-0.79
2024-12-06 13:36:01.215,-0.9,546.0,0.81,0.53,-0.21,0.37,1.01,-0.79
2024-12-06 13:36:01.242,2.25,553.0,0.8,0.53,-0.21,0.44,2.05,-0.3
2024-12-06 13:36:01.245,-2.25,552.0,0.81,0.53,-0.22,0.44,2.72,-0.17
2024-12-06 13:36:01.252,2.25,560.0,0.81,0.53,-0.22,0.44,2.72,-0.17
2024-12-06 13:36:01.261,3.6,537.0,0.8,0.52,-0.22,0.56,3.09,-0.17
2024-12-06 13:36:01.275,-1.35,561.0,0.8,0.52,-0.21,0.68,2.84,-0.3
2024-12-06 13:36:01.281,-3.6,545.0,0.81,0.52,-0.21,0.74,2.42,-0.36
2024-12-06 13:36:01.284,1.12,549.0,0.81,0.52,-0.21,0.92,2.6,-0.24
2024-12-06 13:36:01.298,-3.15,564.0,0.82,0.52,-0.22,1.23,2.66,-0.11
2024-12-06 13:36:01.301,-1.57,553.0,0.82,0.52,-0.22,1.23,2.66,-0.11
2024-12-06 13:36:01.310,-3.38,556.0,0.82,0.53,-0.22,1.35,2.97,-0.05
2024-12-06 13:36:01.319,1.57,586.0,0.81,0.53,-0.22,1.41,3.15,-0.11
2024-12-06 13:36:01.324,-1.57,563.0,0.81,0.54,-0.2,1.41,2.9,0.01
2024-12-06 13:36:01.336,-2.7,570.0,0.81,0.53,-0.2,1.29,2.17,0.07
2024-12-06 13:36:01.348,-2.25,557.0,0.8,0.53,-0.21,1.17,2.72,0.19
2024-12-06 13:36:01.354,0.0,571.0,0.8,0.53,-0.21,1.11,3.51,0.01
2024-12-06 13:36:01.365,-0.9,542.0,0.8,0.53,-0.2,1.11,3.15,-0.24
2024-12-06 13:36:01.370,0.45,545.0,0.81,0.53,-0.21,1.05,3.03,-0.24
2024-12-06 13:36:01.390,0.22,559.0,0.81,0.53,-0.21,0.92,3.45,-0.24
2024-12-06 13:36:01.393,-1.8,569.0,0.81,0.52,-0.21,0.92,3.58,-0.3
2024-12-06 13:36:01.396,2.92,550.0,0.81,0.52,-0.21,0.8,3.58,-0.3
2024-12-06 13:36:01.401,4.28,566.0,0.81,0.52,-0.2,0.68,3.39,-0.48
2024-12-06 13:36:01.500,1.8,555.0,0.81,0.52,-0.2,0.56,2.9,-0.72
2024-12-06 13:36:01.517,-0.67,544.0,0.81,0.53,-0.21,0.13,3.09,-1.46
2024-12-06 13:36:01.523,-2.25,557.0,0.82,0.53,-0.21,-0.05,1.74,-1.88
2024-12-06 13:36:01.529,-12.15,559.0,0.82,0.53,-0.21,-0.24,0.46,-2.19
2024-12-06 13:36:01.536,0.67,543.0,0.82,0.53,-0.2,-0.24,0.46,-2.49
2024-12-06 13:36:01.544,3.38,548.0,0.82,0.53,-0.2,-0.3,-0.94,-2.49
2024-12-06 13:36:01.553,2.02,562.0,0.82,0.53,-0.21,-0.3,-1.86,-2.74
2024-12-06 13:36:01.560,2.47,557.0,0.81,0.53,-0.21,-0.11,-1.92,-2.8
2024-12-06 13:36:01.571,-3.15,538.0,0.81,0.53,-0.21,0.07,-1.61,-2.68
2024-12-06 13:36:01.576,0.45,557.0,0.81,0.53,-0.21,0.25,-1.12,-2.37
2024-12-06 13:36:01.584,2.47,548.0,0.81,0.54,-0.2,0.25,-1.12,-2.37
2024-12-06 13:36:01.591,2.7,543.0,0.8,0.54,-0.2,0.5,-0.45,-1.64
2024-12-06 13:36:01.599,-0.22,540.0,0.8,0.55,-0.21,0.8,0.16,-0.79
2024-12-06 13:36:01.607,0.22,546.0,0.8,0.55,-0.21,0.92,0.71,-0.05
2024-12-06 13:36:01.617,1.12,556.0,0.8,0.55,-0.21,0.98,1.26,0.56
2024-12-06 13:36:01.629,-0.9,538.0,0.8,0.55,-0.21,0.86,1.74,0.92
2024-12-06 13:36:01.634,1.35,541.0,0.81,0.54,-0.21,0.86,1.74,0.92
2024-12-06 13:36:01.643,-2.25,544.0,0.81,0.54,-0.21,0.5,2.05,0.98
2024-12-06 13:36:01.648,0.45,553.0,0.81,0.54,-0.21,0.07,2.29,0.86
2024-12-06 13:36:01.654,0.22,548.0,0.81,0.53,-0.21,-0.24,2.36,0.68
2024-12-06 13:36:01.669,-0.45,532.0,0.81,0.53,-0.21,-0.48,2.36,0.56
2024-12-06 13:36:01.703,0.22,566.0,0.8,0.53,-0.21,0.19,2.84,0.31
2024-12-06 13:36:01.707,-3.38,565.0,0.8,0.54,-0.21,0.74,3.21,0.56
2024-12-06 13:36:01.722,-2.47,544.0,0.8,0.54,-0.22,0.74,3.21,0.56
2024-12-06 13:36:01.725,-0.45,552.0,0.8,0.55,-0.22,1.35,3.39,0.8
2024-12-06 13:36:01.729,3.38,556.0,0.8,0.55,-0.22,1.72,3.15,0.8
2024-12-06 13:36:01.737,0.0,542.0,0.81,0.54,-0.22,1.84,2.9,0.68
2024-12-06 13:36:01.747,-2.47,548.0,0.81,0.54,-0.22,1.9,3.15,0.5
2024-12-06 13:36:01.753,-1.57,548.0,0.81,0.53,-0.21,1.9,3.15,0.5
2024-12-06 13:36:01.761,-2.47,529.0,0.81,0.54,-0.21,1.96,3.03,0.19
2024-12-06 13:36:01.768,-6.75,558.0,0.81,0.54,-0.21,1.96,2.48,-0.05
2024-12-06 13:36:01.780,-0.45,546.0,0.81,0.54,-0.21,1.9,2.17,-0.17
2024-12-06 13:36:01.785,-0.22,569.0,0.8,0.54,-0.21,1.9,1.81,-0.3
2024-12-06 13:36:01.793,2.7,563.0,0.8,0.54,-0.21,2.02,1.44,-0.3
2024-12-06 13:36:01.801,0.9,560.0,0.8,0.54,-0.21,2.02,1.44,-0.36
2024-12-06 13:36:01.809,-2.25,564.0,0.8,0.54,-0.21,2.14,1.13,-0.36
2024-12-06 13:36:01.818,2.47,559.0,0.8,0.54,-0.21,2.33,0.89,-0.54
2024-12-06 13:36:01.824,-0.22,577.0,0.79,0.54,-0.21,2.51,0.89,-0.85
2024-12-06 13:36:01.832,0.45,568.0,0.79,0.53,-0.21,2.69,1.01,-1.21
2024-12-06 13:36:01.842,-4.95,548.0,0.79,0.53,-0.21,2.88,1.32,-1.58
2024-12-06 13:36:01.851,1.12,561.0,0.79,0.53,-0.21,2.88,1.32,-1.58
2024-12-06 13:36:01.857,1.35,547.0,0.79,0.53,-0.21,2.94,1.74,-1.58
2024-12-06 13:36:01.864,2.92,571.0,0.79,0.53,-0.21,3.0,1.99,-1.4
2024-12-06 13:36:01.873,-0.22,565.0,0.79,0.53,-0.21,2.94,1.99,-1.21
2024-12-06 13:36:01.878,1.57,571.0,0.79,0.53,-0.2,2.75,2.11,-1.15
2024-12-06 13:36:01.890,-1.8,554.0,0.79,0.53,-0.2,2.51,1.99,-1.15
2024-12-06 13:36:01.921,1.35,558.0,0.8,0.52,-0.2,1.9,1.68,-1.58
2024-12-06 13:36:01.932,1.8,561.0,0.8,0.52,-0.2,1.66,1.68,-1.64
2024-12-06 13:36:01.934,2.02,570.0,0.8,0.52,-0.2,1.66,1.68,-1.64
2024-12-06 13:36:01.941,1.12,561.0,0.8,0.52,-0.19,1.47,1.38,-1.88
2024-12-06 13:36:01.947,-2.25,555.0,0.8,0.51,-0.19,1.29,1.13,-2.07
2024-12-06 13:36:01.955,2.25,565.0,0.81,0.52,-0.19,1.11,0.71,-2.25
2024-12-06 13:36:01.963,-3.6,562.0,0.81,0.52,-0.19,0.92,0.22,-2.43
2024-12-06 13:36:01.971,-0.67,550.0,0.81,0.52,-0.18,0.92,-0.09,-2.68
2024-12-06 13:36:01.978,-2.02,560.0,0.81,0.52,-0.19,0.74,-0.09,-2.68
2024-12-06 13:36:01.988,-0.45,534.0,0.81,0.53,-0.19,0.8,0.1,-2.92
2024-12-06 13:36:01.994,3.6,566.0,0.81,0.53,-0.2,0.98,0.59,-3.23
2024-12-06 13:36:02.2,-2.02,543.0,0.8,0.54,-0.21,1.41,1.07,-3.41
2024-12-06 13:36:02.10,5.4,542.0,0.8,0.54,-0.21,1.96,1.44,-3.47
2024-12-06 13:36:02.22,-2.25,556.0,0.8,0.55,-0.21,1.96,1.44,-3.47
2024-12-06 13:36:02.29,0.22,538.0,0.8,0.56,-0.22,2.45,1.87,-3.17
2024-12-06 13:36:02.32,0.67,551.0,0.8,0.57,-0.22,2.88,2.66,-2.62
2024-12-06 13:36:02.40,-0.45,550.0,0.8,0.57,-0.21,3.18,3.09,-2.25
2024-12-06 13:36:02.48,3.6,545.0,0.8,0.57,-0.21,3.24,3.15,-1.94
2024-12-06 13:36:02.56,-1.12,549.0,0.79,0.57,-0.21,3.18,3.45,-1.94
2024-12-06 13:36:02.64,2.25,531.0,0.79,0.56,-0.22,3.18,3.45,-1.94
2024-12-06 13:36:02.72,-2.7,527.0,0.79,0.56,-0.21,3.12,3.51,-2.13
2024-12-06 13:36:02.80,-0.45,534.0,0.79,0.56,-0.21,3.0,3.33,-2.49
2024-12-06 13:36:02.88,-1.35,530.0,0.79,0.56,-0.21,2.94,3.15,-2.86
2024-12-06 13:36:02.98,0.67,534.0,0.79,0.56,-0.21,2.88,2.9,-3.04
2024-12-06 13:36:02.104,-2.92,548.0,0.79,0.56,-0.21,2.82,2.54,-3.04
2024-12-06 13:36:02.115,-1.57,538.0,0.8,0.56,-0.21,2.82,2.54,-3.04
2024-12-06 13:36:02.154,2.02,529.0,0.79,0.55,-0.21,3.73,2.23,-2.43
2024-12-06 13:36:02.161,-0.67,533.0,0.79,0.55,-0.21,3.73,2.23,-2.43
2024-12-06 13:36:02.164,-1.8,525.0,0.79,0.55,-0.21,3.85,2.29,-2.37
2024-12-06 13:36:02.166,0.0,540.0,0.79,0.55,-0.2,3.91,2.29,-2.43
2024-12-06 13:36:02.172,2.92,538.0,0.8,0.55,-0.2,3.91,2.54,-2.37
2024-12-06 13:36:02.184,-2.47,534.0,0.8,0.55,-0.2,3.91,2.97,-2.13
2024-12-06 13:36:02.193,-2.02,523.0,0.8,0.55,-0.2,3.85,3.15,-2.01
2024-12-06 13:36:02.196,-6.52,534.0,0.8,0.54,-0.2,3.85,3.15,-2.01
2024-12-06 13:36:02.204,2.47,537.0,0.8,0.54,-0.2,3.73,3.15,-1.94
2024-12-06 13:36:02.214,-2.02,526.0,0.8,0.54,-0.2,3.67,3.21,-1.88
2024-12-06 13:36:02.227,0.22,546.0,0.81,0.54,-0.21,3.67,3.64,-1.64
2024-12-06 13:36:02.230,0.22,540.0,0.81,0.54,-0.21,3.67,4.13,-1.15
2024-12-06 13:36:02.234,0.45,552.0,0.81,0.54,-0.21,3.67,4.13,-1.15
2024-12-06 13:36:02.242,0.22,502.0,0.81,0.53,-0.2,3.61,4.55,-0.66
2024-12-06 13:36:02.255,0.9,526.0,0.82,0.53,-0.2,3.55,4.8,-0.11
2024-12-06 13:36:02.258,1.12,538.0,0.82,0.53,-0.2,3.3,4.98,0.37
2024-12-06 13:36:02.266,-4.05,533.0,0.81,0.53,-0.2,3.06,5.16,0.74
2024-12-06 13:36:02.274,0.0,544.0,0.81,0.53,-0.2,2.88,5.16,0.98
2024-12-06 13:36:02.285,1.35,536.0,0.81,0.54,-0.2,2.88,4.86,1.11
2024-12-06 13:36:02.289,2.02,553.0,0.81,0.54,-0.19,2.63,4.86,1.11
2024-12-06 13:36:02.297,-0.22,576.0,0.81,0.54,-0.2,2.45,4.55,1.23
2024-12-06 13:36:02.305,2.7,529.0,0.81,0.54,-0.2,2.21,4.55,1.29
2024-12-06 13:36:02.321,2.47,577.0,0.81,0.54,-0.2,1.9,4.06,1.6
2024-12-06 13:36:02.331,0.45,525.0,0.81,0.53,-0.2,1.9,4.06,1.6
2024-12-06 13:36:02.337,-0.67,540.0,0.81,0.53,-0.2,1.6,3.94,1.66
2024-12-06 13:36:02.373,-2.25,528.0,0.79,0.54,-0.2,0.56,3.09,1.78
2024-12-06 13:36:02.375,-0.45,544.0,0.8,0.54,-0.2,0.19,3.64,1.78
2024-12-06 13:36:02.382,-0.22,538.0,0.81,0.55,-0.2,-0.11,4.55,2.45
2024-12-06 13:36:02.391,-6.75,536.0,0.8,0.55,-0.19,-0.3,4.49,3.37
2024-12-06 13:36:02.399,0.67,570.0,0.79,0.56,-0.19,-0.66,3.94,3.73
2024-12-06 13:36:02.406,-0.67,558.0,0.79,0.56,-0.19,-1.09,3.51,3.79
2024-12-06 13:36:02.419,0.22,532.0,0.79,0.56,-0.19,-1.09,3.51,3.79
2024-12-06 13:36:02.422,4.28,531.0,0.76,0.55,-0.18,-1.33,1.87,3.06
2024-12-06 13:36:02.429,-7.2,548.0,0.76,0.53,-0.2,-1.4,-0.09,1.11
2024-12-06 13:36:02.440,2.92,540.0,0.77,0.53,-0.21,-1.52,-0.76,-0.66
2024-12-06 13:36:02.445,4.5,537.0,0.76,0.53,-0.2,-1.15,-2.04,-2.56
2024-12-06 13:36:02.453,2.92,535.0,0.76,0.53,-0.2,-0.66,-3.44,-4.63
2024-12-06 13:36:02.463,2.92,545.0,0.76,0.53,-0.2,-0.66,-3.44,-6.22
2024-12-06 13:36:02.563,10.35,518.0,0.79,0.55,-0.21,4.04,2.42,-8.72
2024-12-06 13:36:02.565,9.9,531.0,0.81,0.57,-0.21,3.98,1.93,-8.05
2024-12-06 13:36:02.596,12.6,531.0,0.79,0.57,-0.21,3.37,2.23,-7.07
2024-12-06 13:36:02.600,14.17,539.0,0.76,0.57,-0.2,3.37,0.89,-6.64
2024-12-06 13:36:02.624,13.27,549.0,0.78,0.57,-0.2,3.0,1.81,-6.28
2024-12-06 13:36:02.632,14.62,580.0,0.79,0.58,-0.18,2.75,1.93,-5.97
2024-12-06 13:36:02.635,21.15,533.0,0.79,0.57,-0.19,2.51,1.74,-5.97
2024-12-06 13:36:02.639,19.57,534.0,0.8,0.58,-0.19,2.14,2.54,-5.73
2024-12-06 13:36:02.644,19.35,557.0,0.8,0.58,-0.19,2.08,1.93,-5.3
2024-12-06 13:36:02.650,22.5,552.0,0.8,0.58,-0.19,2.27,1.93,-5.48
2024-12-06 13:36:02.658,17.77,540.0,0.79,0.57,-0.2,2.27,1.93,-5.48
2024-12-06 13:36:02.672,24.97,538.0,0.79,0.58,-0.2,2.21,2.36,-5.12
2024-12-06 13:36:02.682,21.15,588.0,0.78,0.58,-0.19,2.57,1.93,-4.81
2024-12-06 13:36:02.685,23.62,524.0,0.78,0.58,-0.2,2.51,3.09,-4.33
2024-12-06 13:36:02.689,21.6,541.0,0.78,0.58,-0.2,2.57,3.82,-3.78
2024-12-06 13:36:02.697,25.65,537.0,0.78,0.58,-0.19,2.82,3.33,-3.78
2024-12-06 13:36:02.713,28.8,568.0,0.77,0.57,-0.2,2.82,3.33,-3.78
2024-12-06 13:36:02.717,21.15,546.0,0.78,0.57,-0.21,2.63,3.76,-3.71
2024-12-06 13:36:02.721,24.97,531.0,0.78,0.56,-0.2,2.39,4.25,-3.35
2024-12-06 13:36:02.728,29.92,548.0,0.78,0.56,-0.2,2.33,3.7,-3.35
2024-12-06 13:36:02.740,26.55,542.0,0.78,0.56,-0.2,1.96,3.76,-3.29
2024-12-06 13:36:02.745,29.25,534.0,0.78,0.56,-0.2,1.96,3.7,-2.98
2024-12-06 13:36:02.752,30.82,546.0,0.78,0.56,-0.19,1.53,3.7,-2.98
2024-12-06 13:36:02.765,31.95,538.0,0.78,0.55,-0.19,1.41,3.03,-3.1
2024-12-06 13:36:02.771,29.47,539.0,0.79,0.56,-0.2,1.11,3.51,-2.8
2024-12-06 13:36:02.777,30.82,556.0,0.79,0.56,-0.19,0.92,3.82,-2.13
2024-12-06 13:36:02.785,28.35,548.0,0.79,0.56,-0.19,1.05,3.09,-2.19
2024-12-06 13:36:02.792,32.4,546.0,0.77,0.56,-0.19,1.05,3.09,-2.62
2024-12-06 13:36:02.824,30.38,536.0,0.78,0.56,-0.2,0.31,3.27,-2.43
2024-12-06 13:36:02.834,34.65,549.0,0.78,0.56,-0.2,0.13,4.13,-2.37
2024-12-06 13:36:02.842,35.77,533.0,0.79,0.57,-0.2,0.13,4.13,-2.37
2024-12-06 13:36:02.845,35.55,531.0,0.8,0.58,-0.19,-0.11,4.25,-1.88
2024-12-06 13:36:02.853,33.52,542.0,0.78,0.58,-0.19,-0.11,3.76,-1.58
2024-12-06 13:36:02.861,36.45,546.0,0.77,0.57,-0.2,0.01,3.82,-1.94
2024-12-06 13:36:02.870,39.38,539.0,0.77,0.57,-0.2,-0.36,3.94,-1.7
2024-12-06 13:36:02.878,36.0,540.0,0.78,0.58,-0.2,-0.6,3.76,-1.15
2024-12-06 13:36:02.895,38.7,536.0,0.78,0.59,-0.2,-0.6,3.76,-1.15
2024-12-06 13:36:02.899,41.62,539.0,0.76,0.59,-0.2,-0.79,4.43,-1.03
2024-12-06 13:36:02.902,41.62,543.0,0.77,0.59,-0.21,-0.79,5.41,-1.15
2024-12-06 13:36:02.908,39.6,551.0,0.79,0.59,-0.2,-1.15,5.77,-0.66
2024-12-06 13:36:02.917,41.62,538.0,0.79,0.59,-0.2,-1.27,5.53,0.25
2024-12-06 13:36:02.924,40.5,553.0,0.79,0.59,-0.19,-1.27,5.22,0.62
2024-12-06 13:36:02.932,43.88,531.0,0.78,0.58,-0.2,-1.27,5.22,0.62
2024-12-06 13:36:02.947,36.9,547.0,0.78,0.58,-0.2,-1.4,4.8,0.56
2024-12-06 13:36:02.952,42.3,543.0,0.79,0.58,-0.2,-1.64,4.31,0.74
2024-12-06 13:36:02.955,42.3,534.0,0.79,0.58,-0.2,-1.58,3.7,1.11
2024-12-06 13:36:02.963,39.6,530.0,0.79,0.58,-0.2,-1.33,3.03,1.05
2024-12-06 13:36:02.972,41.85,541.0,0.79,0.58,-0.2,-1.27,2.9,1.05
2024-12-06 13:36:02.980,42.97,538.0,0.79,0.58,-0.2,-1.27,2.9,1.05
2024-12-06 13:36:02.987,49.27,538.0,0.79,0.59,-0.19,-1.46,3.51,1.35
2024-12-06 13:36:02.995,45.67,539.0,0.78,0.58,-0.19,-0.97,3.7,1.66
2024-12-06 13:36:03.3,38.92,532.0,0.78,0.57,-0.19,-0.48,3.94,1.6
2024-12-06 13:36:03.22,45.67,527.0,0.78,0.57,-0.16,-0.3,4.0,1.84
2024-12-06 13:36:03.25,48.6,541.0,0.78,0.57,-0.19,0.07,3.82,2.08
2024-12-06 13:36:03.31,47.02,543.0,0.77,0.56,-0.18,0.07,3.82,2.08
2024-12-06 13:36:03.36,48.6,553.0,0.77,0.57,-0.18,0.44,4.31,1.78
2024-12-06 13:36:03.43,46.57,561.0,0.78,0.59,-0.18,0.25,4.92,2.21
2024-12-06 13:36:03.59,47.7,553.0,0.77,0.59,-0.19,0.25,5.53,2.33
2024-12-06 13:36:03.94,51.97,579.0,0.79,0.58,-0.18,0.13,4.13,2.57
2024-12-06 13:36:03.96,54.67,548.0,0.79,0.58,-0.18,-0.17,3.21,2.45
2024-12-06 13:36:03.104,50.62,543.0,0.79,0.58,-0.18,-0.24,2.48,2.14
2024-12-06 13:36:03.112,51.52,551.0,0.79,0.6,-0.19,-0.24,2.48,2.14
2024-12-06 13:36:03.122,54.0,545.0,0.79,0.61,-0.19,-0.72,2.42,2.14
2024-12-06 13:36:03.140,55.35,571.0,0.78,0.6,-0.18,-0.6,2.6,2.02
2024-12-06 13:36:03.145,59.62,547.0,0.78,0.59,-0.18,-0.54,1.87,1.78
2024-12-06 13:36:03.149,59.4,564.0,0.78,0.6,-0.18,-0.97,1.56,2.02
2024-12-06 13:36:03.151,59.62,558.0,0.78,0.6,-0.18,-0.6,0.83,1.72
2024-12-06 13:36:03.159,60.97,566.0,0.77,0.59,-0.17,-0.6,0.83,1.66
2024-12-06 13:36:03.167,59.17,562.0,0.78,0.59,-0.17,-1.03,0.4,1.66
2024-12-06 13:36:03.186,62.1,572.0,0.77,0.6,-0.16,-1.64,-0.33,1.6
2024-12-06 13:36:03.189,65.47,574.0,0.76,0.6,-0.17,-1.82,-0.76,1.17
2024-12-06 13:36:03.191,65.92,592.0,0.76,0.61,-0.17,-2.43,-0.33,1.35
2024-12-06 13:36:03.199,63.67,568.0,0.77,0.61,-0.17,-2.31,-1.31,1.23
2024-12-06 13:36:03.207,65.03,567.0,0.76,0.61,-0.17,-2.31,-1.31,1.11
2024-12-06 13:36:03.215,69.53,576.0,0.77,0.6,-0.18,-2.56,-2.28,1.11
2024-12-06 13:36:03.224,66.38,565.0,0.76,0.58,-0.19,-2.62,-1.61,1.05
2024-12-06 13:36:03.233,67.72,567.0,0.77,0.57,-0.19,-1.76,-0.94,0.5
2024-12-06 13:36:03.241,65.92,564.0,0.79,0.57,-0.18,-1.58,-1.31,0.56
2024-12-06 13:36:03.246,69.75,585.0,0.79,0.57,-0.18,-1.21,-1.25,0.74
2024-12-06 13:36:03.274,72.9,569.0,0.78,0.59,-0.17,-1.03,-1.12,1.6
2024-12-06 13:36:03.278,69.3,584.0,0.77,0.59,-0.17,-1.09,-0.03,2.02
2024-12-06 13:36:03.286,71.1,571.0,0.78,0.59,-0.18,-0.97,0.1,2.21
2024-12-06 13:36:03.296,74.03,577.0,0.78,0.59,-0.18,-1.76,0.16,2.88
2024-12-06 13:36:03.306,70.42,579.0,0.8,0.6,-0.18,-1.76,0.16,2.88
2024-12-06 13:36:03.309,71.1,574.0,0.8,0.6,-0.17,-2.56,0.34,3.67
2024-12-06 13:36:03.324,75.82,565.0,0.8,0.6,-0.16,-3.17,0.4,4.04
2024-12-06 13:36:03.328,77.62,585.0,0.8,0.59,-0.16,-4.08,0.95,4.4
2024-12-06 13:36:03.333,72.9,585.0,0.8,0.59,-0.16,-5.06,1.32,4.95
2024-12-06 13:36:03.340,74.7,577.0,0.8,0.6,-0.16,-5.36,0.83,5.56
2024-12-06 13:36:03.347,75.15,586.0,0.79,0.59,-0.17,-5.36,0.83,5.56
2024-12-06 13:36:03.357,73.57,586.0,0.78,0.57,-0.17,-5.67,0.83,5.81
2024-12-06 13:36:03.368,77.17,584.0,0.78,0.56,-0.16,-5.3,-0.33,5.5
2024-12-06 13:36:03.373,81.0,579.0,0.79,0.56,-0.16,-5.3,-1.73,5.32
2024-12-06 13:36:03.380,78.07,593.0,0.79,0.56,-0.16,-5.48,-2.16,5.07
2024-12-06 13:36:03.396,77.85,592.0,0.79,0.56,-0.16,-5.73,-0.94,4.95
2024-12-06 13:36:03.398,78.07,586.0,0.79,0.55,-0.17,-5.73,-0.94,4.95
2024-12-06 13:36:03.413,77.62,586.0,0.78,0.54,-0.17,-5.67,-0.82,4.71
2024-12-06 13:36:03.420,78.75,569.0,0.78,0.56,-0.17,-5.97,0.28,4.59
2024-12-06 13:36:03.425,81.22,626.0,0.78,0.57,-0.17,-5.91,1.13,5.14
2024-12-06 13:36:03.431,82.8,594.0,0.78,0.57,-0.17,-5.42,1.99,5.56
2024-12-06 13:36:03.433,81.22,585.0,0.77,0.58,-0.17,-5.48,2.78,5.81
2024-12-06 13:36:03.442,79.65,600.0,0.77,0.57,-0.17,-5.48,2.78,5.81
2024-12-06 13:36:03.450,80.1,598.0,0.76,0.56,-0.17,-5.36,2.48,5.38
2024-12-06 13:36:03.462,85.72,560.0,0.77,0.57,-0.17,-5.48,1.68,4.89
2024-12-06 13:36:03.465,86.62,595.0,0.78,0.56,-0.17,-5.79,2.11,4.52
2024-12-06 13:36:03.505,82.12,586.0,0.8,0.59,-0.16,-6.34,0.16,3.73
2024-12-06 13:36:03.621,92.92,602.0,0.81,0.57,-0.17,-5.24,-1.06,5.56
2024-12-06 13:36:03.629,96.3,632.0,0.79,0.57,-0.16,-4.94,-0.45,5.5
2024-12-06 13:36:03.647,91.12,601.0,0.79,0.6,-0.15,-4.87,-1.25,5.93
2024-12-06 13:36:03.654,94.5,626.0,0.77,0.59,-0.18,-4.69,-1.55,5.93
2024-12-06 13:36:03.657,92.47,605.0,0.77,0.6,-0.17,-4.26,-1.92,5.93
2024-12-06 13:36:03.663,96.52,606.0,0.78,0.6,-0.19,-4.2,-2.65,5.99
2024-12-06 13:36:03.670,97.65,611.0,0.78,0.6,-0.19,-4.45,-2.28,6.36
2024-12-06 13:36:03.679,99.67,611.0,0.78,0.6,-0.18,-4.45,-2.28,6.66
2024-12-06 13:36:03.690,94.72,597.0,0.79,0.61,-0.18,-4.57,-3.02,6.66
2024-12-06 13:36:03.703,98.1,619.0,0.79,0.55,-0.17,-5.42,-2.71,5.93
2024-12-06 13:36:03.710,96.97,602.0,0.8,0.57,-0.17,-5.79,-3.69,5.87
2024-12-06 13:36:03.736,99.9,609.0,0.8,0.57,-0.17,-6.1,-3.5,6.11
2024-12-06 13:36:03.745,94.72,603.0,0.78,0.55,-0.14,-5.85,-2.53,5.75
2024-12-06 13:36:03.748,103.05,598.0,0.78,0.56,-0.15,-6.4,-2.16,6.05
2024-12-06 13:36:03.757,99.9,607.0,0.78,0.56,-0.14,-6.46,-1.25,6.6
2024-12-06 13:36:03.765,99.9,623.0,0.78,0.56,-0.14,-6.16,-1.25,7.15
2024-12-06 13:36:03.775,101.47,675.0,0.79,0.54,-0.13,-6.16,-1.25,7.15
2024-12-06 13:36:03.785,101.47,614.0,0.81,0.54,-0.14,-6.89,-1.8,7.58
2024-12-06 13:36:03.788,103.72,608.0,0.8,0.57,-0.17,-7.93,-1.98,8.43
2024-12-06 13:36:03.796,106.88,615.0,0.79,0.6,-0.16,-8.35,2.42,9.53
2024-12-06 13:36:03.805,105.97,628.0,0.79,0.64,-0.12,-9.21,1.32,11.24
2024-12-06 13:36:03.817,105.07,621.0,0.79,0.64,-0.12,-10.06,-1.86,13.07
2024-12-06 13:36:03.825,105.07,648.0,0.78,0.63,-0.15,-12.57,-3.63,13.74
2024-12-06 13:36:03.829,109.57,618.0,0.78,0.6,-0.14,-12.57,-3.63,13.74
2024-12-06 13:36:03.843,98.55,614.0,0.79,0.61,-0.15,-14.46,-7.11,13.99
2024-12-06 13:36:03.846,106.2,632.0,0.8,0.58,-0.19,-16.59,-6.07,13.8
2024-12-06 13:36:03.857,106.88,624.0,0.8,0.54,-0.18,-17.69,-5.82,13.07
2024-12-06 13:36:03.866,105.3,621.0,0.8,0.54,-0.18,-18.36,-7.72,11.97
2024-12-06 13:36:03.870,105.52,635.0,0.79,0.53,-0.17,-19.16,-8.45,11.42
2024-12-06 13:36:03.878,108.45,638.0,0.79,0.55,-0.17,-19.16,-7.23,11.24
2024-12-06 13:36:03.887,106.42,626.0,0.78,0.55,-0.15,-18.61,-7.23,11.24
2024-12-06 13:36:03.894,107.32,629.0,0.78,0.54,-0.12,-16.84,-5.82,11.42
2024-12-06 13:36:03.901,109.57,635.0,0.79,0.52,-0.12,-15.01,-4.42,11.24
2024-12-06 13:36:03.910,105.97,643.0,0.8,0.5,-0.11,-13.05,-3.02,10.51
2024-12-06 13:36:03.918,111.6,635.0,0.82,0.49,-0.11,-10.67,-1.86,9.41
2024-12-06 13:36:03.951,103.95,626.0,0.82,0.49,-0.11,-8.35,-1.25,7.94
2024-12-06 13:36:03.953,106.2,635.0,0.86,0.5,-0.11,-4.75,-0.7,4.89
2024-12-06 13:36:03.955,110.02,628.0,0.86,0.5,-0.12,-3.53,-0.64,3.24
2024-12-06 13:36:03.964,104.85,626.0,0.86,0.5,-0.12,-2.56,-0.7,1.72
2024-12-06 13:36:03.973,106.88,619.0,0.85,0.5,-0.13,-1.82,-1.18,0.07
2024-12-06 13:36:03.979,109.57,629.0,0.85,0.51,-0.14,-1.82,-1.18,0.07
2024-12-06 13:36:03.994,108.67,638.0,0.84,0.52,-0.14,-1.52,-1.43,-1.15
2024-12-06 13:36:03.996,105.97,618.0,0.83,0.53,-0.14,-1.03,-1.37,-1.46
2024-12-06 13:36:04.4,107.55,633.0,0.82,0.53,-0.14,-0.66,-0.94,-1.15
2024-12-06 13:36:04.12,108.0,629.0,0.82,0.53,-0.14,-0.54,-0.57,-0.66
2024-12-06 13:36:04.22,109.57,630.0,0.81,0.53,-0.15,-0.42,-0.21,-0.36
2024-12-06 13:36:04.29,103.95,636.0,0.81,0.52,-0.15,-0.42,-0.21,-0.36
2024-12-06 13:36:04.39,105.07,626.0,0.81,0.52,-0.15,-0.42,0.22,-0.11
2024-12-06 13:36:04.47,108.67,615.0,0.81,0.52,-0.14,-0.48,0.95,0.01
2024-12-06 13:36:04.54,107.32,607.0,0.81,0.53,-0.14,-0.48,1.87,-0.11
2024-12-06 13:36:04.64,109.35,634.0,0.81,0.53,-0.14,-0.36,2.48,-0.48
2024-12-06 13:36:04.66,105.97,620.0,0.8,0.54,-0.14,0.07,2.48,-0.79
2024-12-06 13:36:04.75,103.95,606.0,0.8,0.55,-0.14,0.07,2.48,-0.79
2024-12-06 13:36:04.82,107.77,619.0,0.81,0.56,-0.14,0.62,2.11,-1.27
2024-12-06 13:36:04.90,103.95,619.0,0.81,0.56,-0.14,1.17,1.87,-1.58
2024-12-06 13:36:04.98,104.17,619.0,0.82,0.56,-0.14,1.72,1.81,-1.7
2024-12-06 13:36:04.108,106.88,602.0,0.82,0.56,-0.14,2.02,1.62,-1.82
2024-12-06 13:36:04.120,109.35,629.0,0.81,0.56,-0.14,2.14,1.44,-2.07
2024-12-06 13:36:04.123,109.35,616.0,0.81,0.56,-0.14,2.14,1.44,-2.07
2024-12-06 13:36:04.133,106.42,609.0,0.81,0.56,-0.15,2.21,1.13,-2.31
2024-12-06 13:36:04.138,109.57,616.0,0.82,0.57,-0.15,2.27,0.59,-2.56
2024-12-06 13:36:04.177,103.72,610.0,0.82,0.56,-0.15,2.33,0.46,-2.74
2024-12-06 13:36:04.179,108.67,620.0,0.81,0.56,-0.15,2.57,1.01,-2.13
2024-12-06 13:36:04.183,106.65,626.0,0.81,0.56,-0.15,2.88,0.89,-1.82
2024-12-06 13:36:04.191,109.35,607.0,0.81,0.56,-0.14,3.12,0.83,-1.58
2024-12-06 13:36:04.199,104.17,603.0,0.81,0.56,-0.14,3.43,0.83,-1.33
2024-12-06 13:36:04.207,104.62,620.0,0.81,0.56,-0.14,3.43,0.83,-1.33
2024-12-06 13:36:04.223,104.85,604.0,0.82,0.56,-0.14,3.67,0.89,-1.27
2024-12-06 13:36:04.226,109.57,620.0,0.82,0.55,-0.14,3.79,1.07,-1.33
2024-12-06 13:36:04.230,108.45,589.0,0.82,0.55,-0.15,3.91,1.26,-1.58
2024-12-06 13:36:04.238,109.12,618.0,0.81,0.55,-0.15,4.1,1.32,-1.82
2024-12-06 13:36:04.248,105.07,642.0,0.81,0.55,-0.15,4.28,1.5,-2.01
2024-12-06 13:36:04.254,110.47,614.0,0.81,0.55,-0.15,4.28,1.5,-2.01
2024-12-06 13:36:04.262,110.02,617.0,0.8,0.56,-0.15,4.52,1.5,-2.01
2024-12-06 13:36:04.270,106.88,609.0,0.8,0.57,-0.15,4.83,1.2,-1.94
2024-12-06 13:36:04.278,103.95,611.0,0.8,0.56,-0.15,5.01,0.95,-1.88
2024-12-06 13:36:04.286,109.12,614.0,0.8,0.56,-0.15,5.01,0.89,-1.82
2024-12-06 13:36:04.300,106.2,620.0,0.8,0.56,-0.15,4.95,0.77,-1.82
2024-12-06 13:36:04.309,109.57,604.0,0.8,0.55,-0.15,4.77,0.65,-1.88
2024-12-06 13:36:04.312,103.5,618.0,0.8,0.54,-0.15,4.77,0.65,-1.88
2024-12-06 13:36:04.317,106.88,601.0,0.81,0.54,-0.15,4.59,0.46,-1.82
2024-12-06 13:36:04.325,109.35,626.0,0.81,0.54,-0.15,4.28,0.4,-1.76
2024-12-06 13:36:04.337,105.97,601.0,0.8,0.54,-0.15,3.98,0.4,-1.58
2024-12-06 13:36:04.345,104.4,603.0,0.8,0.54,-0.15,3.73,0.4,-1.33
2024-12-06 13:36:04.354,107.32,597.0,0.8,0.55,-0.14,3.43,0.34,-1.09
2024-12-06 13:36:04.360,103.95,616.0,0.8,0.54,-0.14,3.43,0.34,-1.09
2024-12-06 13:36:04.369,108.9,613.0,0.8,0.54,-0.14,3.12,0.28,-0.85
2024-12-06 13:36:04.411,104.62,610.0,0.8,0.54,-0.14,2.82,0.28,-0.79
2024-12-06 13:36:04.413,107.32,613.0,0.8,0.55,-0.15,1.96,0.22,-0.91
2024-12-06 13:36:04.418,108.45,619.0,0.8,0.55,-0.15,1.96,0.16,-1.03
2024-12-06 13:36:04.426,109.8,622.0,0.8,0.55,-0.15,2.02,0.16,-1.03
2024-12-06 13:36:04.440,106.42,599.0,0.8,0.55,-0.16,2.14,0.22,-1.15
2024-12-06 13:36:04.443,108.22,610.0,0.8,0.55,-0.16,2.14,0.22,-1.15
2024-12-06 13:36:04.450,109.57,623.0,0.8,0.55,-0.16,2.33,0.34,-1.27
2024-12-06 13:36:04.457,104.62,616.0,0.8,0.55,-0.15,2.39,0.52,-1.46
2024-12-06 13:36:04.466,108.45,598.0,0.8,0.55,-0.15,2.33,0.59,-1.52
2024-12-06 13:36:04.474,104.17,627.0,0.8,0.55,-0.15,2.33,0.4,-1.58
2024-12-06 13:36:04.482,104.85,612.0,0.8,0.55,-0.14,2.33,0.28,-1.52
2024-12-06 13:36:04.492,110.25,621.0,0.81,0.55,-0.15,2.33,0.28,-1.52
2024-12-06 13:36:04.497,105.3,630.0,0.81,0.55,-0.15,2.08,0.34,-1.46
2024-12-06 13:36:04.506,106.65,622.0,0.8,0.55,-0.15,1.9,0.46,-1.4
2024-12-06 13:36:04.519,106.2,606.0,0.8,0.55,-0.15,1.72,0.46,-1.4
2024-12-06 13:36:04.522,110.02,613.0,0.8,0.55,-0.16,1.53,0.71,-1.46
2024-12-06 13:36:04.530,108.67,661.0,0.8,0.55,-0.16,1.41,0.89,-1.4
2024-12-06 13:36:04.538,104.62,620.0,0.79,0.56,-0.16,1.41,0.89,-1.4
2024-12-06 13:36:04.545,107.77,621.0,0.79,0.56,-0.16,1.47,0.83,-1.33
2024-12-06 13:36:04.553,105.07,625.0,0.79,0.56,-0.16,1.47,0.59,-1.33
2024-12-06 13:36:04.656,105.52,659.0,0.8,0.57,-0.16,2.14,0.16,-2.62
2024-12-06 13:36:04.662,105.3,602.0,0.79,0.58,-0.16,2.14,0.16,-2.62
2024-12-06 13:36:04.671,106.42,621.0,0.79,0.58,-0.16,2.39,-0.27,-2.49
2024-12-06 13:36:04.677,109.57,609.0,0.8,0.58,-0.17,2.57,-1.0,-2.43
2024-12-06 13:36:04.687,106.88,590.0,0.81,0.57,-0.16,2.75,-1.73,-2.37
2024-12-06 13:36:04.699,103.95,601.0,0.81,0.56,-0.15,1.84,-1.43,-2.68
2024-12-06 13:36:04.706,105.75,597.0,0.81,0.56,-0.14,1.84,-1.43,-2.68
2024-12-06 13:36:04.716,106.2,595.0,0.81,0.56,-0.14,1.29,-1.06,-2.74
2024-12-06 13:36:04.723,104.85,611.0,0.8,0.57,-0.14,0.8,-0.88,-2.68
2024-12-06 13:36:04.730,105.3,618.0,0.8,0.58,-0.15,0.44,-0.82,-2.43
2024-12-06 13:36:04.739,106.88,600.0,0.8,0.58,-0.15,0.19,-0.57,-2.31
2024-12-06 13:36:04.746,110.47,605.0,0.79,0.58,-0.15,0.13,-0.21,-2.13
2024-12-06 13:36:04.754,106.2,631.0,0.78,0.58,-0.15,0.13,-0.21,-2.13
2024-12-06 13:36:04.762,108.0,603.0,0.78,0.58,-0.15,0.13,0.1,-2.01
2024-12-06 13:36:04.774,108.67,606.0,0.78,0.58,-0.15,0.07,0.46,-1.88
2024-12-06 13:36:04.784,107.1,603.0,0.78,0.58,-0.16,-0.05,0.65,-1.76
2024-12-06 13:36:04.788,106.2,595.0,0.78,0.58,-0.16,-0.17,0.65,-1.76
2024-12-06 13:36:04.792,105.3,602.0,0.78,0.58,-0.16,-0.3,0.71,-1.94
2024-12-06 13:36:04.803,106.88,612.0,0.78,0.59,-0.16,-0.3,0.71,-1.94
2024-12-06 13:36:04.808,104.85,604.0,0.78,0.59,-0.16,-0.54,0.59,-2.25
2024-12-06 13:36:04.817,107.32,603.0,0.78,0.59,-0.16,-0.85,0.22,-2.49
2024-12-06 13:36:04.827,104.4,605.0,0.78,0.58,-0.16,-1.03,-0.27,-2.62
2024-12-06 13:36:04.860,109.35,607.0,0.78,0.57,-0.16,-1.15,-0.88,-2.86
2024-12-06 13:36:04.864,105.3,602.0,0.78,0.58,-0.16,-0.91,-0.39,-2.62
2024-12-06 13:36:04.877,106.65,610.0,0.78,0.58,-0.16,-0.72,0.04,-2.49
2024-12-06 13:36:04.881,106.42,593.0,0.78,0.58,-0.16,-0.3,0.46,-2.25
2024-12-06 13:36:04.887,107.1,594.0,0.79,0.58,-0.16,-0.05,0.71,-2.01
2024-12-06 13:36:04.895,107.77,605.0,0.79,0.58,-0.16,-0.05,0.71,-2.01
2024-12-06 13:36:04.903,104.85,600.0,0.79,0.58,-0.16,0.13,1.01,-1.88
2024-12-06 13:36:04.911,103.95,599.0,0.79,0.57,-0.16,0.31,0.95,-1.88
2024-12-06 13:36:04.918,105.75,593.0,0.8,0.57,-0.17,0.56,0.65,-2.01
2024-12-06 13:36:04.931,106.65,601.0,0.8,0.57,-0.17,0.92,0.34,-2.07
2024-12-06 13:36:04.938,110.02,597.0,0.79,0.57,-0.18,1.23,0.28,-2.49
2024-12-06 13:36:04.950,104.17,600.0,0.78,0.58,-0.18,1.23,0.28,-2.49
2024-12-06 13:36:04.960,106.65,598.0,0.79,0.59,-0.18,1.47,-0.09,-2.86
2024-12-06 13:36:04.962,110.25,590.0,0.8,0.59,-0.18,1.9,0.22,-2.8
2024-12-06 13:36:04.965,106.65,610.0,0.81,0.58,-0.18,2.63,-0.45,-2.37
2024-12-06 13:36:04.973,101.47,607.0,0.81,0.58,-0.18,2.94,-1.25,-2.01
2024-12-06 13:36:04.982,108.67,605.0,0.81,0.56,-0.18,2.75,-1.25,-1.76
2024-12-06 13:36:04.989,104.85,612.0,0.81,0.54,-0.17,2.75,-1.25,-1.76
2024-12-06 13:36:04.997,105.07,596.0,0.8,0.55,-0.15,2.39,-0.64,-1.7
2024-12-06 13:36:05.7,105.3,606.0,0.78,0.58,-0.15,2.08,0.71,-1.76
2024-12-06 13:36:05.16,108.22,589.0,0.77,0.61,-0.15,2.02,2.48,-1.76
2024-12-06 13:36:05.21,104.62,593.0,0.77,0.62,-0.16,2.27,3.51,-1.58
2024-12-06 13:36:05.29,110.92,605.0,0.76,0.62,-0.16,2.63,3.88,-1.4
2024-12-06 13:36:05.41,104.4,601.0,0.76,0.62,-0.16,2.63,3.88,-1.4
2024-12-06 13:36:05.51,108.67,605.0,0.77,0.6,-0.18,3.55,3.7,-1.21
2024-12-06 13:36:05.81,106.2,592.0,0.79,0.55,-0.17,3.91,3.64,-1.52
2024-12-06 13:36:05.83,101.7,584.0,0.8,0.56,-0.17,3.55,3.64,-1.52
2024-12-06 13:36:05.96,107.32,596.0,0.8,0.57,-0.17,2.94,3.58,-1.09
2024-12-06 13:36:05.101,108.9,587.0,0.8,0.57,-0.17,2.45,3.82,-0.48
2024-12-06 13:36:05.107,103.5,593.0,0.79,0.58,-0.17,2.33,4.19,0.25
2024-12-06 13:36:05.117,106.2,581.0,0.79,0.58,-0.17,2.51,4.43,0.8
2024-12-06 13:36:05.122,102.15,592.0,0.78,0.58,-0.17,2.51,4.61,1.23
2024-12-06 13:36:05.132,105.3,575.0,0.77,0.58,-0.16,2.57,4.61,1.23
2024-12-06 13:36:05.139,110.47,586.0,0.77,0.58,-0.15,2.51,5.1,1.47
2024-12-06 13:36:05.167,105.75,592.0,0.78,0.57,-0.15,2.27,6.38,0.8
2024-12-06 13:36:05.174,109.12,567.0,0.78,0.57,-0.15,2.27,6.38,0.8
2024-12-06 13:36:05.177,108.0,570.0,0.77,0.57,-0.16,2.21,6.14,0.19
2024-12-06 13:36:05.186,106.65,561.0,0.77,0.59,-0.16,2.51,5.9,-0.42
2024-12-06 13:36:05.193,106.42,566.0,0.77,0.6,-0.17,2.88,5.65,-0.79
2024-12-06 13:36:05.201,104.85,589.0,0.77,0.6,-0.18,3.18,5.29,-0.97
2024-12-06 13:36:05.210,103.95,570.0,0.77,0.6,-0.18,3.3,5.59,-0.91
2024-12-06 13:36:05.223,106.42,573.0,0.78,0.6,-0.17,3.3,5.59,-0.6
2024-12-06 13:36:05.226,110.47,561.0,0.78,0.6,-0.17,3.37,6.51,-0.6
2024-12-06 13:36:05.236,108.45,578.0,0.78,0.6,-0.17,3.61,7.36,-0.24
2024-12-06 13:36:05.242,109.8,575.0,0.78,0.6,-0.17,3.85,7.6,0.31
2024-12-06 13:36:05.249,105.97,565.0,0.78,0.6,-0.17,4.1,7.67,0.8
2024-12-06 13:36:05.257,104.17,565.0,0.78,0.6,-0.17,4.34,6.99,1.17
2024-12-06 13:36:05.266,106.65,562.0,0.79,0.59,-0.16,4.22,6.81,1.47
2024-12-06 13:36:05.276,109.35,563.0,0.79,0.6,-0.14,4.22,6.81,1.47
2024-12-06 13:36:05.308,102.38,544.0,0.79,0.61,-0.13,3.67,4.43,1.66
2024-12-06 13:36:05.310,108.67,573.0,0.81,0.63,-0.16,0.98,0.52,3.12
2024-12-06 13:36:05.313,102.15,565.0,0.8,0.62,-0.17,0.98,0.52,3.12
2024-12-06 13:36:05.322,103.72,563.0,0.79,0.6,-0.18,0.5,0.4,3.37
2024-12-06 13:36:05.328,104.4,553.0,0.78,0.59,-0.2,0.44,0.34,3.12
2024-12-06 13:36:05.339,106.88,545.0,0.76,0.6,-0.19,0.86,1.01,2.82
2024-12-06 13:36:05.345,106.42,540.0,0.76,0.61,-0.17,1.47,0.28,2.75
2024-12-06 13:36:05.350,104.17,549.0,0.76,0.61,-0.17,2.21,-0.33,2.88
2024-12-06 13:36:05.358,105.52,536.0,0.75,0.61,-0.17,2.21,-0.33,2.88
2024-12-06 13:36:05.366,104.4,536.0,0.76,0.6,-0.16,2.69,-0.03,3.24
2024-12-06 13:36:05.376,101.7,550.0,0.77,0.59,-0.16,3.67,0.4,3.43
2024-12-06 13:36:05.383,99.45,542.0,0.77,0.58,-0.15,4.22,1.2,3.3
2024-12-06 13:36:05.396,100.57,519.0,0.78,0.57,-0.16,4.83,2.17,3.0
2024-12-06 13:36:05.404,99.22,537.0,0.78,0.57,-0.16,5.44,3.58,2.57
2024-12-06 13:36:05.410,98.55,530.0,0.79,0.56,-0.16,5.44,3.58,1.96
2024-12-06 13:36:05.413,99.67,534.0,0.79,0.56,-0.16,6.11,3.82,1.96
2024-12-06 13:36:05.425,99.67,540.0,0.79,0.56,-0.15,6.78,2.6,1.11
2024-12-06 13:36:05.437,99.22,516.0,0.8,0.57,-0.15,7.03,1.68,0.5
2024-12-06 13:36:05.439,97.65,529.0,0.8,0.57,-0.14,7.03,1.5,0.31
2024-12-06 13:36:05.451,99.45,535.0,0.8,0.57,-0.14,7.27,2.29,0.19
2024-12-06 13:36:05.453,95.62,516.0,0.8,0.57,-0.15,7.27,2.29,0.19
2024-12-06 13:36:05.462,100.12,524.0,0.79,0.57,-0.16,7.64,3.45,0.07
2024-12-06 13:36:05.469,99.67,525.0,0.78,0.58,-0.16,7.88,3.33,0.01
2024-12-06 13:36:05.475,101.25,519.0,0.79,0.58,-0.15,7.7,2.6,0.19
2024-12-06 13:36:05.488,97.42,523.0,0.79,0.58,-0.15,7.45,2.11,0.31
2024-12-06 13:36:05.506,95.17,530.0,0.79,0.57,-0.15,7.09,2.23,0.56
2024-12-06 13:36:05.534,97.65,511.0,0.79,0.56,-0.16,5.93,1.5,0.68
2024-12-06 13:36:05.542,101.47,526.0,0.78,0.56,-0.16,5.93,1.5,0.68
2024-12-06 13:36:05.544,95.4,519.0,0.77,0.56,-0.15,5.62,0.34,0.07
2024-12-06 13:36:05.554,96.3,521.0,0.78,0.57,-0.15,5.14,-0.21,-0.24
2024-12-06 13:36:05.561,95.62,510.0,0.79,0.58,-0.15,4.83,-0.15,-0.05
2024-12-06 13:36:05.568,95.4,519.0,0.79,0.58,-0.15,4.46,0.34,0.37
2024-12-06 13:36:05.575,93.6,539.0,0.8,0.58,-0.16,4.46,2.42,1.47
2024-12-06 13:36:05.586,88.88,585.0,0.81,0.58,-0.15,3.91,2.42,1.47
2024-12-06 13:36:05.592,93.82,528.0,0.79,0.57,-0.15,3.98,1.62,1.72
2024-12-06 13:36:05.602,97.88,528.0,0.78,0.57,-0.15,3.91,0.71,1.53
2024-12-06 13:36:05.608,95.62,513.0,0.8,0.57,-0.16,3.37,0.1,1.41
2024-12-06 13:36:05.710,86.62,631.0,0.79,0.56,-0.16,1.29,2.11,0.68
2024-12-06 13:36:05.713,92.7,531.0,0.8,0.56,-0.17,1.47,2.48,0.86
2024-12-06 13:36:05.724,92.25,530.0,0.8,0.56,-0.16,1.72,2.9,0.74
2024-12-06 13:36:05.729,85.72,526.0,0.8,0.56,-0.16,1.9,2.6,0.25
2024-12-06 13:36:05.737,91.8,538.0,0.79,0.55,-0.16,1.72,2.48,-0.48
2024-12-06 13:36:05.744,91.35,526.0,0.79,0.55,-0.16,1.72,2.48,-0.48
2024-12-06 13:36:05.752,86.85,520.0,0.79,0.56,-0.16,1.6,1.93,-1.03
2024-12-06 13:36:05.760,78.3,506.0,0.79,0.56,-0.16,1.41,1.62,-1.33
2024-12-06 13:36:05.796,89.77,525.0,0.79,0.56,-0.16,1.29,1.81,-1.46
2024-12-06 13:36:05.799,89.77,528.0,0.77,0.56,-0.16,1.47,1.5,-1.64
2024-12-06 13:36:05.808,83.47,537.0,0.77,0.57,-0.16,1.41,1.2,-1.64
2024-12-06 13:36:05.831,86.17,536.0,0.77,0.57,-0.16,1.35,0.71,-1.64
2024-12-06 13:36:05.833,82.12,512.0,0.78,0.58,-0.16,1.23,0.16,-1.58
2024-12-06 13:36:05.838,83.92,526.0,0.79,0.58,-0.17,0.8,-0.57,-1.58
2024-12-06 13:36:05.847,85.28,514.0,0.78,0.58,-0.18,0.31,-0.94,-1.88
2024-12-06 13:36:05.852,77.17,523.0,0.78,0.58,-0.18,0.19,-0.45,-2.31
2024-12-06 13:36:05.861,81.9,517.0,0.78,0.58,-0.18,0.07,-0.7,-2.8
2024-12-06 13:36:05.868,83.03,520.0,0.77,0.58,-0.17,-0.05,-1.43,-3.35
2024-12-06 13:36:05.881,85.95,524.0,0.77,0.59,-0.17,-0.05,-1.43,-3.35
2024-12-06 13:36:05.888,81.0,530.0,0.77,0.6,-0.18,0.01,-1.98,-3.41
2024-12-06 13:36:05.893,83.7,520.0,0.78,0.61,-0.18,0.31,-2.04,-3.23
2024-12-06 13:36:05.900,82.12,523.0,0.77,0.6,-0.19,0.74,-1.61,-2.92
2024-12-06 13:36:05.907,78.53,527.0,0.77,0.6,-0.19,1.17,-0.45,-2.74
2024-12-06 13:36:05.916,78.75,540.0,0.78,0.6,-0.19,1.17,-0.45,-2.62
2024-12-06 13:36:05.923,83.25,522.0,0.78,0.6,-0.19,1.53,-0.15,-2.62
2024-12-06 13:36:05.933,79.65,535.0,0.78,0.59,-0.19,1.78,-0.21,-2.62
2024-12-06 13:36:05.941,77.85,533.0,0.78,0.59,-0.18,1.9,-0.33,-2.49
2024-12-06 13:36:05.952,78.07,525.0,0.78,0.59,-0.18,1.96,-0.51,-2.56
2024-12-06 13:36:05.958,77.17,524.0,0.78,0.59,-0.18,2.08,-0.39,-2.74
2024-12-06 13:36:05.963,80.55,531.0,0.78,0.58,-0.18,2.02,-0.15,-2.86
2024-12-06 13:36:05.980,80.1,529.0,0.78,0.59,-0.18,2.02,-0.15,-2.86
2024-12-06 13:36:06.1,78.97,521.0,0.77,0.59,-0.18,2.27,-0.64,-2.13
2024-12-06 13:36:06.3,74.25,525.0,0.77,0.59,-0.18,2.45,-0.33,-2.07
2024-12-06 13:36:06.9,79.2,523.0,0.77,0.58,-0.19,2.45,-0.33,-2.07
2024-12-06 13:36:06.18,73.12,513.0,0.78,0.58,-0.18,2.45,0.1,-2.07
2024-12-06 13:36:06.25,76.05,523.0,0.78,0.59,-0.17,2.57,0.1,-2.07
2024-12-06 13:36:06.33,76.5,513.0,0.77,0.59,-0.18,2.69,-0.09,-1.94
2024-12-06 13:36:06.42,75.6,516.0,0.77,0.59,-0.19,2.88,0.59,-2.01
2024-12-06 13:36:06.54,74.47,509.0,0.77,0.59,-0.19,3.12,0.83,-2.01
2024-12-06 13:36:06.64,71.55,519.0,0.77,0.6,-0.18,3.24,0.46,-1.76
2024-12-06 13:36:06.77,74.25,524.0,0.78,0.6,-0.18,3.49,-0.03,-1.46
2024-12-06 13:36:06.83,72.22,529.0,0.78,0.59,-0.19,3.79,0.16,-1.27
2024-12-06 13:36:06.88,69.53,505.0,0.78,0.59,-0.19,3.85,0.16,-1.27
2024-12-06 13:36:06.95,74.25,525.0,0.78,0.59,-0.18,3.67,-0.33,-1.4
2024-12-06 13:36:06.103,73.57,520.0,0.78,0.59,-0.18,3.67,-0.33,-1.4
2024-12-06 13:36:06.118,72.67,525.0,0.78,0.61,-0.18,3.3,0.22,-1.27
2024-12-06 13:36:06.121,72.45,511.0,0.78,0.61,-0.18,3.24,0.52,-1.03
2024-12-06 13:36:06.126,70.2,532.0,0.78,0.61,-0.18,3.24,0.65,-0.85
2024-12-06 13:36:06.136,70.42,535.0,0.78,0.61,-0.18,3.0,0.59,-0.42
2024-12-06 13:36:06.144,67.05,521.0,0.78,0.62,-0.18,2.88,-0.33,0.01
2024-12-06 13:36:06.150,67.28,510.0,0.77,0.62,-0.18,2.88,-0.33,0.01
2024-12-06 13:36:06.157,67.5,518.0,0.78,0.6,-0.18,3.0,-0.27,0.19
2024-12-06 13:36:06.166,65.25,535.0,0.79,0.59,-0.18,3.0,0.71,0.44
2024-12-06 13:36:06.173,61.42,530.0,0.77,0.59,-0.18,2.88,1.01,0.62
2024-12-06 13:36:06.184,65.92,529.0,0.77,0.59,-0.18,3.37,1.26,0.44
2024-12-06 13:36:06.190,68.85,533.0,0.78,0.58,-0.19,3.61,1.5,0.37
2024-12-06 13:36:06.200,61.88,518.0,0.78,0.59,-0.18,3.61,1.5,0.37
2024-12-06 13:36:06.237,65.7,534.0,0.79,0.6,-0.18,4.1,2.17,1.41
2024-12-06 13:36:06.257,57.82,528.0,0.78,0.6,-0.18,4.04,1.56,1.9
2024-12-06 13:36:06.266,58.95,541.0,0.79,0.59,-0.19,4.46,1.93,2.02
2024-12-06 13:36:06.268,60.52,543.0,0.79,0.59,-0.19,4.1,1.56,2.08
2024-12-06 13:36:06.273,58.95,534.0,0.78,0.59,-0.18,4.1,1.56,2.08
2024-12-06 13:36:06.283,57.15,535.0,0.78,0.58,-0.19,4.34,1.07,1.78
2024-12-06 13:36:06.291,53.77,539.0,0.79,0.59,-0.19,4.52,1.56,1.72
2024-12-06 13:36:06.297,56.02,539.0,0.78,0.59,-0.18,4.4,1.07,1.9
2024-12-06 13:36:06.308,54.0,525.0,0.77,0.58,-0.18,4.59,-0.82,1.72
2024-12-06 13:36:06.317,55.57,548.0,0.77,0.58,-0.18,4.46,-0.88,1.47
2024-12-06 13:36:06.321,56.02,550.0,0.77,0.57,-0.19,4.46,-0.88,1.41
2024-12-06 13:36:06.333,53.32,531.0,0.77,0.59,-0.18,4.04,-0.15,1.41
2024-12-06 13:36:06.338,50.85,534.0,0.76,0.58,-0.18,3.85,-0.82,1.41
2024-12-06 13:36:06.355,51.07,544.0,0.77,0.58,-0.19,3.85,-0.33,1.41
2024-12-06 13:36:06.362,49.5,543.0,0.77,0.59,-0.19,3.61,0.52,1.72
2024-12-06 13:36:06.367,49.05,546.0,0.77,0.59,-0.19,3.67,0.04,1.84
2024-12-06 13:36:06.371,48.6,535.0,0.76,0.59,-0.19,3.67,0.04,1.84
2024-12-06 13:36:06.376,48.38,542.0,0.77,0.58,-0.2,4.16,-0.51,1.72
2024-12-06 13:36:06.384,49.05,553.0,0.78,0.58,-0.19,4.22,0.52,1.78
2024-12-06 13:36:06.392,45.0,559.0,0.78,0.58,-0.18,4.16,0.59,1.84
2024-12-06 13:36:06.401,45.22,542.0,0.77,0.57,-0.19,4.46,-0.15,1.6
2024-12-06 13:36:06.408,46.12,550.0,0.77,0.57,-0.19,4.59,0.28,1.23
2024-12-06 13:36:06.443,44.55,549.0,0.77,0.57,-0.19,5.14,-0.33,0.98
2024-12-06 13:36:06.447,40.72,550.0,0.77,0.57,-0.19,5.26,0.28,1.11
2024-12-06 13:36:06.462,44.55,537.0,0.78,0.58,-0.19,5.26,-0.03,1.35
2024-12-06 13:36:06.465,42.52,547.0,0.78,0.59,-0.18,5.14,-0.03,1.35
2024-12-06 13:36:06.470,44.55,530.0,0.78,0.58,-0.19,5.5,-0.82,1.47
2024-12-06 13:36:06.484,43.42,555.0,0.79,0.57,-0.2,5.75,-0.51,1.41
2024-12-06 13:36:06.488,44.55,537.0,0.79,0.58,-0.2,5.68,-0.09,1.29
2024-12-06 13:36:06.492,42.08,529.0,0.79,0.58,-0.2,5.62,-0.51,1.17
2024-12-06 13:36:06.501,42.3,549.0,0.78,0.58,-0.19,5.62,-0.51,1.17
2024-12-06 13:36:06.511,36.22,542.0,0.78,0.57,-0.19,5.81,-0.88,1.05
2024-12-06 13:36:06.516,38.7,546.0,0.78,0.57,-0.19,5.81,-0.27,1.05
2024-12-06 13:36:06.524,42.08,542.0,0.78,0.58,-0.19,5.38,-0.33,1.23
2024-12-06 13:36:06.533,35.33,527.0,0.78,0.58,-0.19,5.14,-1.12,1.47
2024-12-06 13:36:06.545,35.55,542.0,0.78,0.58,-0.19,5.2,-1.0,1.53
2024-12-06 13:36:06.550,40.27,539.0,0.78,0.57,-0.2,5.2,-1.0,1.6
2024-12-06 13:36:06.555,40.95,524.0,0.78,0.57,-0.2,5.01,-0.27,1.6
2024-12-06 13:36:06.567,36.67,532.0,0.78,0.57,-0.19,4.65,-0.03,1.66
2024-12-06 13:36:06.574,32.62,529.0,0.77,0.56,-0.19,4.4,-0.09,1.72
2024-12-06 13:36:06.580,34.42,542.0,0.77,0.55,-0.19,4.46,-0.33,1.41
2024-12-06 13:36:06.587,35.55,552.0,0.77,0.55,-0.19,4.52,0.1,1.35
2024-12-06 13:36:06.595,38.47,541.0,0.77,0.57,-0.2,4.52,0.46,3.0
2024-12-06 13:36:06.605,34.2,532.0,0.72,0.62,-0.2,4.28,0.46,3.0
2024-12-06 13:36:06.615,32.4,549.0,0.72,0.61,-0.18,4.89,0.1,5.81
2024-12-06 13:36:06.623,29.92,533.0,0.79,0.52,-0.19,5.07,-1.43,5.75
2024-12-06 13:36:06.633,32.85,538.0,0.84,0.53,-0.22,4.4,-0.39,2.75
2024-12-06 13:36:06.766,24.3,542.0,0.78,0.57,-0.22,5.62,2.48,1.66
2024-12-06 13:36:06.777,26.32,525.0,0.78,0.57,-0.21,5.81,2.48,2.02
2024-12-06 13:36:06.780,16.88,530.0,0.76,0.56,-0.21,6.05,1.93,1.66
2024-12-06 13:36:06.787,27.67,543.0,0.76,0.56,-0.21,6.29,1.62,0.86
2024-12-06 13:36:06.793,25.88,525.0,0.77,0.56,-0.22,6.29,1.62,0.37
2024-12-06 13:36:06.807,25.42,575.0,0.77,0.57,-0.22,6.11,2.42,0.37
2024-12-06 13:36:06.812,25.42,532.0,0.78,0.58,-0.2,5.75,2.17,-0.05
2024-12-06 13:36:06.820,10.12,559.0,0.77,0.56,-0.2,5.62,1.56,-0.3
2024-12-06 13:36:06.845,22.72,534.0,0.77,0.55,-0.21,5.62,1.13,-0.79
2024-12-06 13:36:06.847,19.12,522.0,0.78,0.56,-0.2,5.5,1.44,-0.97
2024-12-06 13:36:06.852,20.48,570.0,0.78,0.56,-0.2,4.95,0.77,-0.91
2024-12-06 13:36:06.856,17.55,537.0,0.77,0.56,-0.2,4.71,0.89,-0.48
2024-12-06 13:36:06.894,17.32,544.0,0.79,0.55,-0.23,3.91,1.2,0.25
2024-12-06 13:36:06.897,19.8,531.0,0.78,0.57,-0.21,3.43,2.23,0.74
2024-12-06 13:36:06.902,20.25,529.0,0.77,0.57,-0.22,3.24,1.13,1.11
2024-12-06 13:36:06.911,15.3,551.0,0.77,0.58,-0.24,3.18,1.01,1.17
2024-12-06 13:36:06.917,18.67,528.0,0.77,0.58,-0.24,2.69,1.56,1.35
2024-12-06 13:36:06.928,17.32,530.0,0.78,0.58,-0.23,2.69,1.56,1.35
2024-12-06 13:36:06.932,17.1,544.0,0.78,0.58,-0.22,2.33,1.5,1.53
2024-12-06 13:36:06.942,15.52,541.0,0.78,0.57,-0.23,2.39,1.99,1.72
2024-12-06 13:36:06.948,14.17,532.0,0.77,0.57,-0.23,2.33,1.01,1.29
2024-12-06 13:36:06.956,17.32,565.0,0.77,0.57,-0.23,2.08,-0.39,0.98
2024-12-06 13:36:06.965,9.68,534.0,0.77,0.57,-0.23,1.9,0.28,0.8
2024-12-06 13:36:06.974,11.25,540.0,0.78,0.57,-0.22,1.9,0.28,0.8
2024-12-06 13:36:06.980,15.07,537.0,0.77,0.56,-0.22,2.02,0.83,0.56
2024-12-06 13:36:06.990,13.27,535.0,0.77,0.56,-0.22,2.33,0.65,0.25
2024-12-06 13:36:06.997,11.7,545.0,0.78,0.56,-0.22,2.27,1.13,0.31
2024-12-06 13:36:07.13,6.75,544.0,0.77,0.56,-0.2,2.14,1.5,0.31
2024-12-06 13:36:07.17,7.88,541.0,0.77,0.56,-0.2,2.51,0.46,0.13
2024-12-06 13:36:07.20,8.55,531.0,0.77,0.56,-0.2,2.51,0.46,0.13
2024-12-06 13:36:07.27,10.12,529.0,0.79,0.56,-0.21,2.51,0.77,0.25
2024-12-06 13:36:07.35,10.8,544.0,0.8,0.57,-0.2,2.21,1.68,0.74
2024-12-06 13:36:07.43,6.75,535.0,0.79,0.57,-0.2,2.08,0.95,1.11
2024-12-06 13:36:07.60,6.97,529.0,0.79,0.56,-0.21,2.21,-0.7,0.92
2024-12-06 13:36:07.65,6.97,527.0,0.79,0.56,-0.21,2.14,-0.15,0.8
2024-12-06 13:36:07.67,6.97,533.0,0.81,0.56,-0.22,2.14,-0.15,0.8
2024-12-06 13:36:07.76,6.3,543.0,0.8,0.56,-0.21,1.96,0.04,0.62
2024-12-06 13:36:07.81,5.62,539.0,0.8,0.56,-0.2,2.27,-2.34,0.13
2024-12-06 13:36:07.111,0.67,529.0,0.8,0.57,-0.22,2.63,-1.55,0.37
2024-12-06 13:36:07.115,0.45,537.0,0.77,0.57,-0.21,3.0,-1.55,0.37
2024-12-06 13:36:07.129,0.67,532.0,0.77,0.56,-0.22,3.06,-3.69,0.19
2024-12-06 13:36:07.132,-1.8,528.0,0.75,0.55,-0.2,3.0,-2.04,0.31
2024-12-06 13:36:07.135,-1.8,548.0,0.75,0.55,-0.2,4.1,-10.77,-2.74
2024-12-06 13:36:07.144,1.35,528.0,0.7,0.53,-0.2,6.78,-12.72,-4.81
2024-12-06 13:36:07.158,-3.6,519.0,0.75,0.5,-0.32,6.78,-12.72,-4.81
2024-12-06 13:36:07.166,-2.02,542.0,0.8,0.52,-0.32,8.8,1.2,-5.42
2024-12-06 13:36:07.168,-2.92,525.0,0.76,0.56,-0.13,9.29,2.23,-5.73
2024-12-06 13:36:07.174,-5.17,545.0,0.75,0.57,-0.15,11.91,-2.34,-5.42
2024-12-06 13:36:07.182,-3.15,537.0,0.75,0.57,-0.15,9.04,-1.0,-4.14
2024-12-06 13:36:07.189,-4.28,527.0,0.78,0.59,-0.26,9.04,0.52,-3.65
2024-12-06 13:36:07.197,-3.38,524.0,0.8,0.6,-0.22,9.59,0.52,-3.65
2024-12-06 13:36:07.211,-2.92,554.0,0.79,0.58,-0.21,9.04,-1.37,-3.53
2024-12-06 13:36:07.213,-2.92,561.0,0.78,0.58,-0.22,8.68,-1.98,-4.26
2024-12-06 13:36:07.221,-5.4,539.0,0.78,0.57,-0.23,8.06,-2.95,-5.48
2024-12-06 13:36:07.229,-4.28,534.0,0.78,0.57,-0.23,7.03,-4.11,-6.89
2024-12-06 13:36:07.239,-4.05,526.0,0.78,0.58,-0.25,6.42,-5.46,-7.68
2024-12-06 13:36:07.247,-2.7,539.0,0.79,0.58,-0.26,6.42,-5.46,-7.68
2024-12-06 13:36:07.252,-6.52,542.0,0.78,0.59,-0.27,5.75,-5.27,-7.68
2024-12-06 13:36:07.285,-4.28,523.0,0.74,0.59,-0.26,4.46,-1.25,-4.08
2024-12-06 13:36:07.292,-4.72,582.0,0.72,0.58,-0.26,4.04,0.4,-2.68
2024-12-06 13:36:07.349,-5.17,539.0,0.74,0.57,-0.27,-1.82,4.25,0.74
2024-12-06 13:36:07.353,-6.3,537.0,0.74,0.57,-0.28,-2.62,4.8,0.5
2024-12-06 13:36:07.368,-3.38,557.0,0.74,0.58,-0.26,-2.62,4.8,0.5
2024-12-06 13:36:07.370,-3.15,531.0,0.74,0.57,-0.25,-3.17,4.19,0.19
2024-12-06 13:36:07.381,-1.35,538.0,0.74,0.57,-0.25,-3.41,4.13,-0.17
2024-12-06 13:36:07.383,-2.02,550.0,0.75,0.56,-0.25,-3.47,4.37,-0.54
2024-12-06 13:36:07.389,-1.12,557.0,0.75,0.56,-0.25,-3.35,4.67,-0.85
2024-12-06 13:36:07.396,-0.9,553.0,0.74,0.57,-0.24,-3.35,4.67,-0.85
2024-12-06 13:36:07.405,-2.02,547.0,0.74,0.57,-0.23,-3.29,4.0,-1.09
2024-12-06 13:36:07.412,-6.07,539.0,0.75,0.58,-0.22,-3.1,2.17,-1.21
2024-12-06 13:36:07.420,-2.92,548.0,0.76,0.58,-0.23,-2.8,1.32,-1.21
2024-12-06 13:36:07.455,-5.62,578.0,0.78,0.58,-0.24,-2.25,3.03,-0.17
2024-12-06 13:36:07.458,-1.8,558.0,0.78,0.57,-0.23,-2.25,2.23,-0.24
2024-12-06 13:36:07.471,-3.82,548.0,0.78,0.57,-0.24,-2.37,1.38,-0.42
2024-12-06 13:36:07.475,-4.95,534.0,0.78,0.57,-0.24,-2.43,1.38,-0.79
2024-12-06 13:36:07.483,-5.62,537.0,0.77,0.57,-0.25,-2.49,2.23,-1.03
2024-12-06 13:36:07.490,-3.15,537.0,0.77,0.57,-0.25,-2.49,2.23,-1.03
2024-12-06 13:36:07.498,-0.22,540.0,0.76,0.57,-0.25,-2.49,2.72,-1.15
2024-12-06 13:36:07.506,-2.25,546.0,0.75,0.57,-0.25,-2.43,3.39,-1.27
2024-12-06 13:36:07.515,-1.8,556.0,0.74,0.58,-0.24,-2.37,3.39,-1.27
2024-12-06 13:36:07.521,-1.57,561.0,0.74,0.58,-0.24,-2.37,0.65,-1.09
2024-12-06 13:36:07.530,-3.15,552.0,0.74,0.59,-0.23,-2.31,-0.33,-0.66
2024-12-06 13:36:07.563,-2.02,548.0,0.74,0.59,-0.24,-2.68,0.46,-0.85
2024-12-06 13:36:07.567,-5.17,575.0,0.74,0.58,-0.24,-3.17,-0.15,-1.52
2024-12-06 13:36:07.581,-3.6,559.0,0.74,0.57,-0.24,-3.17,-0.15,-1.52
2024-12-06 13:36:07.584,-3.6,561.0,0.74,0.57,-0.23,-3.65,-0.7,-2.37
2024-12-06 13:36:07.592,-3.6,526.0,0.75,0.57,-0.23,-4.14,-1.0,-3.04
2024-12-06 13:36:07.600,-4.28,552.0,0.76,0.57,-0.24,-4.33,-1.0,-3.35
2024-12-06 13:36:07.606,-4.72,556.0,0.76,0.57,-0.24,-4.14,-0.15,-3.23
2024-12-06 13:36:07.614,0.0,562.0,0.76,0.58,-0.24,-4.14,-0.15,-3.29
2024-12-06 13:36:07.621,-5.85,567.0,0.75,0.59,-0.24,-3.9,0.16,-3.29
2024-12-06 13:36:07.630,-4.05,547.0,0.74,0.59,-0.23,-3.71,-0.09,-3.23
2024-12-06 13:36:07.641,-1.35,562.0,0.74,0.59,-0.23,-3.41,0.22,-3.23
2024-12-06 13:36:07.649,-0.45,554.0,0.75,0.59,-0.22,-3.17,1.26,-3.29
2024-12-06 13:36:07.677,-5.17,570.0,0.77,0.6,-0.22,-2.86,0.4,-3.23
2024-12-06 13:36:07.684,-1.57,559.0,0.76,0.59,-0.22,-2.98,0.52,-3.35
2024-12-06 13:36:07.693,-6.3,558.0,0.76,0.59,-0.22,-2.98,0.34,-3.9
2024-12-06 13:36:07.805,0.45,613.0,0.76,0.6,-0.24,-3.71,-1.18,-3.84
2024-12-06 13:36:07.812,-1.8,564.0,0.75,0.6,-0.23,-3.84,-0.88,-4.14
2024-12-06 13:36:07.822,-5.17,553.0,0.74,0.6,-0.22,-3.84,-0.88,-4.14
2024-12-06 13:36:07.832,-4.5,555.0,0.73,0.6,-0.22,-3.78,-1.0,-4.69
2024-12-06 13:36:07.841,-3.15,556.0,0.72,0.59,-0.23,-3.65,-0.15,-5.18
2024-12-06 13:36:07.851,-2.25,559.0,0.72,0.59,-0.22,-3.29,1.56,-5.61
2024-12-06 13:36:07.857,-4.28,572.0,0.72,0.59,-0.21,-2.8,-0.09,-5.61
2024-12-06 13:36:07.865,-2.25,578.0,0.73,0.61,-0.21,-2.68,0.22,-5.42
2024-12-06 13:36:07.871,-8.55,543.0,0.74,0.62,-0.23,-2.68,0.22,-5.42
2024-12-06 13:36:07.906,-3.6,573.0,0.73,0.62,-0.24,-2.25,1.13,-5.3
2024-12-06 13:36:07.908,-0.22,575.0,0.74,0.63,-0.24,-1.64,2.78,-5.18
2024-12-06 13:36:07.926,-2.02,581.0,0.73,0.62,-0.24,-1.58,2.84,-5.36
2024-12-06 13:36:07.928,-1.57,582.0,0.73,0.62,-0.24,-1.4,2.23,-5.42
2024-12-06 13:36:07.933,-5.62,588.0,0.74,0.62,-0.24,-1.15,0.46,-5.36
2024-12-06 13:36:07.940,-4.5,581.0,0.74,0.62,-0.24,-0.72,-2.22,-5.24
2024-12-06 13:36:07.947,-4.05,582.0,0.75,0.6,-0.24,-0.72,-2.22,-5.3
2024-12-06 13:36:07.953,-3.82,577.0,0.75,0.6,-0.25,-0.91,-2.22,-5.3
2024-12-06 13:36:07.960,-1.12,588.0,0.74,0.62,-0.22,-1.7,0.95,-5.55
2024-12-06 13:36:07.975,-2.25,588.0,0.73,0.64,-0.2,-2.07,-1.49,-5.55
2024-12-06 13:36:07.978,-4.05,590.0,0.73,0.64,-0.23,-2.19,-2.47,-5.3
2024-12-06 13:36:07.984,-5.17,585.0,0.73,0.64,-0.23,-2.07,-0.76,-5.24
2024-12-06 13:36:07.991,-3.82,593.0,0.73,0.64,-0.26,-2.07,-0.76,-5.24
2024-12-06 13:36:08.10,-4.05,597.0,0.73,0.64,-0.24,-1.33,0.1,-5.24
2024-12-06 13:36:08.12,-4.72,625.0,0.73,0.63,-0.24,-0.66,0.22,-5.12
2024-12-06 13:36:08.17,-5.17,595.0,0.72,0.62,-0.24,-0.3,1.38,-5.12
2024-12-06 13:36:08.54,-3.38,587.0,0.69,0.62,-0.23,-0.05,1.74,-5.24
2024-12-06 13:36:08.65,-0.9,586.0,0.71,0.62,-0.24,0.56,2.72,-5.79
2024-12-06 13:36:08.70,-2.7,595.0,0.71,0.63,-0.24,0.5,2.72,-5.24
2024-12-06 13:36:08.75,-3.15,607.0,0.71,0.64,-0.25,0.5,2.72,-5.24
2024-12-06 13:36:08.85,-1.57,601.0,0.71,0.65,-0.26,0.68,3.51,-5.06
2024-12-06 13:36:08.91,-1.12,594.0,0.7,0.67,-0.27,0.8,6.38,-5.0
2024-12-06 13:36:08.99,-0.67,609.0,0.69,0.68,-0.24,0.8,7.42,-4.69
2024-12-06 13:36:08.106,-4.95,595.0,0.69,0.68,-0.24,0.86,6.81,-4.08
2024-12-06 13:36:08.118,-2.25,593.0,0.7,0.68,-0.23,1.05,7.48,-3.59
2024-12-06 13:36:08.123,-4.5,612.0,0.71,0.66,-0.24,1.05,7.48,-3.59
2024-12-06 13:36:08.130,-3.82,589.0,0.72,0.64,-0.24,1.53,8.28,-3.41
2024-12-06 13:36:08.142,-4.05,596.0,0.72,0.63,-0.24,2.02,8.28,-3.47
2024-12-06 13:36:08.146,0.67,579.0,0.71,0.63,-0.23,2.39,8.28,-4.33
2024-12-06 13:36:08.154,-2.02,589.0,0.71,0.63,-0.23,2.75,7.06,-4.94
2024-12-06 13:36:08.170,-4.95,586.0,0.72,0.63,-0.21,2.45,5.16,-5.42
2024-12-06 13:36:08.173,-5.62,577.0,0.73,0.63,-0.2,2.45,5.16,-5.42
2024-12-06 13:36:08.177,-2.25,585.0,0.73,0.64,-0.2,2.39,4.92,-5.67
2024-12-06 13:36:08.185,-3.15,588.0,0.74,0.64,-0.2,2.27,4.55,-5.24
2024-12-06 13:36:08.193,0.22,580.0,0.74,0.66,-0.21,2.21,4.0,-4.69
2024-12-06 13:36:08.200,-3.38,585.0,0.74,0.66,-0.21,1.9,4.43,-4.33
2024-12-06 13:36:08.209,-1.8,599.0,0.73,0.66,-0.22,1.9,4.43,-4.02
2024-12-06 13:36:08.216,-3.15,592.0,0.72,0.66,-0.21,1.66,4.8,-4.02
2024-12-06 13:36:08.225,-6.97,590.0,0.71,0.66,-0.22,1.47,5.35,-3.78
2024-12-06 13:36:08.234,-6.3,598.0,0.71,0.64,-0.22,1.35,5.83,-3.53
2024-12-06 13:36:08.245,-2.92,587.0,0.7,0.63,-0.22,1.35,5.96,-3.35
2024-12-06 13:36:08.247,-2.47,590.0,0.7,0.63,-0.22,1.6,5.65,-3.1
2024-12-06 13:36:08.263,-8.77,615.0,0.7,0.63,-0.22,1.6,5.65,-3.1
2024-12-06 13:36:08.270,-1.57,629.0,0.7,0.62,-0.22,1.72,5.47,-3.1
2024-12-06 13:36:08.273,-2.02,587.0,0.7,0.63,-0.22,1.84,5.22,-3.23
2024-12-06 13:36:08.280,-4.28,592.0,0.7,0.63,-0.22,1.9,5.16,-3.59
2024-12-06 13:36:08.286,-2.92,599.0,0.7,0.63,-0.22,1.9,5.1,-3.96
2024-12-06 13:36:08.294,-0.45,586.0,0.69,0.63,-0.22,1.9,5.1,-4.45
2024-12-06 13:36:08.342,-1.8,625.0,0.69,0.64,-0.22,2.51,5.77,-6.64
2024-12-06 13:36:08.345,-2.02,636.0,0.68,0.65,-0.22,2.51,5.77,-6.64
2024-12-06 13:36:08.350,-2.47,614.0,0.68,0.65,-0.22,2.94,5.71,-7.32
2024-12-06 13:36:08.355,0.22,608.0,0.68,0.65,-0.22,3.55,5.83,-8.17
2024-12-06 13:36:08.363,-2.02,609.0,0.67,0.65,-0.22,4.16,5.71,-9.15
2024-12-06 13:36:08.376,-4.5,605.0,0.67,0.65,-0.22,4.83,5.29,-10.31
2024-12-06 13:36:08.380,-4.5,600.0,0.67,0.65,-0.22,4.83,5.29,-11.83
2024-12-06 13:36:08.386,-6.52,592.0,0.65,0.65,-0.22,5.44,5.16,-11.83
2024-12-06 13:36:08.398,-2.47,596.0,0.64,0.65,-0.23,6.29,4.67,-14.15
2024-12-06 13:36:08.406,-4.28,581.0,0.64,0.65,-0.23,7.03,5.59,-16.23
2024-12-06 13:36:08.410,-3.38,578.0,0.64,0.66,-0.22,7.88,4.31,-17.81
2024-12-06 13:36:08.424,-2.7,624.0,0.64,0.66,-0.22,8.55,4.92,-19.16
2024-12-06 13:36:08.436,-3.6,594.0,0.64,0.67,-0.23,8.55,4.92,-19.83
2024-12-06 13:36:08.441,-2.92,593.0,0.65,0.68,-0.23,9.35,5.65,-19.83
2024-12-06 13:36:08.483,-3.82,632.0,0.64,0.69,-0.23,10.26,5.41,-20.62
2024-12-06 13:36:08.486,0.22,588.0,0.6,0.69,-0.21,10.87,7.42,-26.66
2024-12-06 13:36:08.491,-6.07,575.0,0.61,0.69,-0.2,10.2,8.34,-28.07
2024-12-06 13:36:08.494,-2.47,586.0,0.61,0.69,-0.2,9.71,7.36,-29.35
2024-12-06 13:36:08.504,-2.02,591.0,0.61,0.68,-0.19,9.29,7.18,-30.51
2024-12-06 13:36:08.510,-4.5,580.0,0.6,0.68,-0.21,9.29,7.18,-30.51
2024-12-06 13:36:08.517,0.45,597.0,0.61,0.68,-0.21,8.68,8.83,-31.49
2024-12-06 13:36:08.525,0.0,602.0,0.62,0.69,-0.18,8.19,8.76,-32.28
2024-12-06 13:36:08.533,-2.47,597.0,0.63,0.7,-0.17,7.39,7.91,-32.58
2024-12-06 13:36:08.542,-2.25,591.0,0.63,0.7,-0.17,6.23,8.15,-32.83
2024-12-06 13:36:08.549,-4.28,593.0,0.63,0.7,-0.17,4.89,7.79,-33.19
2024-12-06 13:36:08.557,-0.9,598.0,0.63,0.71,-0.16,4.89,7.79,-33.19
2024-12-06 13:36:08.565,-3.82,597.0,0.62,0.71,-0.15,3.24,7.06,-34.11
2024-12-06 13:36:08.573,-4.5,596.0,0.61,0.71,-0.16,1.47,6.69,-35.33
2024-12-06 13:36:08.581,-5.17,578.0,0.61,0.71,-0.17,-0.11,6.69,-36.37
2024-12-06 13:36:08.589,-6.75,592.0,0.61,0.7,-0.18,-1.27,6.81,-37.22
2024-12-06 13:36:08.596,-2.25,589.0,0.61,0.7,-0.18,-1.94,7.12,-37.96
2024-12-06 13:36:08.605,-0.45,589.0,0.63,0.71,-0.19,-1.94,7.12,-38.14
2024-12-06 13:36:08.617,-2.25,593.0,0.64,0.71,-0.19,-2.49,6.75,-38.14
2024-12-06 13:36:08.626,-2.47,590.0,0.65,0.72,-0.2,-2.86,6.57,-37.71
2024-12-06 13:36:08.628,0.45,579.0,0.66,0.73,-0.2,-2.98,6.51,-36.8
2024-12-06 13:36:08.636,-5.62,601.0,0.66,0.74,-0.2,-3.04,6.2,-35.76
2024-12-06 13:36:08.647,0.67,592.0,0.66,0.74,-0.2,-3.29,5.59,-34.9
2024-12-06 13:36:08.652,-2.02,595.0,0.67,0.74,-0.21,-3.29,5.59,-34.9
2024-12-06 13:36:08.660,-1.57,602.0,0.66,0.75,-0.21,-3.78,4.8,-34.42
2024-12-06 13:36:08.691,-3.38,593.0,0.65,0.76,-0.2,-4.39,3.88,-34.23
2024-12-06 13:36:08.699,-4.05,576.0,0.63,0.78,-0.21,-6.1,1.93,-33.01
2024-12-06 13:36:08.705,-0.45,606.0,0.62,0.79,-0.21,-6.1,1.93,-33.01
2024-12-06 13:36:08.710,-2.92,601.0,0.62,0.79,-0.21,-6.16,1.56,-31.67
2024-12-06 13:36:08.713,0.22,594.0,0.61,0.8,-0.22,-5.85,1.5,-29.78
2024-12-06 13:36:08.723,-0.9,600.0,0.6,0.8,-0.22,-5.36,1.62,-27.76
2024-12-06 13:36:08.729,-3.15,606.0,0.6,0.8,-0.22,-5.48,2.36,-25.81
2024-12-06 13:36:08.737,0.0,604.0,0.6,0.8,-0.21,-5.48,2.36,-23.61
2024-12-06 13:36:08.749,-2.25,583.0,0.6,0.81,-0.19,-5.36,1.81,-23.61
2024-12-06 13:36:08.754,-2.47,588.0,0.59,0.81,-0.2,-5.61,2.23,-21.66
2024-12-06 13:36:08.858,-1.8,603.0,0.57,0.8,-0.14,-9.76,-1.37,-13.05
2024-12-06 13:36:08.867,-3.15,583.0,0.56,0.81,-0.14,-10.18,-2.59,-12.57
2024-12-06 13:36:08.874,-1.12,597.0,0.56,0.81,-0.14,-10.67,-2.34,-11.95
2024-12-06 13:36:08.882,-4.95,606.0,0.57,0.83,-0.15,-10.98,-2.59,-11.1
2024-12-06 13:36:08.919,-5.62,598.0,0.57,0.83,-0.15,-10.98,-3.08,-9.88
2024-12-06 13:36:08.921,-6.3,597.0,0.58,0.88,-0.25,-7.13,0.22,-5.67
2024-12-06 13:36:08.929,-2.92,593.0,0.59,0.91,-0.25,-5.24,2.36,-3.53
2024-12-06 13:36:08.940,-0.9,601.0,0.59,0.91,-0.25,-2.98,3.39,-0.91
2024-12-06 13:36:08.944,-4.95,618.0,0.59,0.93,-0.24,-2.98,3.39,1.84
2024-12-06 13:36:08.954,-1.8,609.0,0.6,0.93,-0.24,-0.91,5.53,1.84
2024-12-06 13:36:08.960,-2.02,619.0,0.58,0.94,-0.23,0.56,6.93,4.22
2024-12-06 13:36:08.974,-4.5,608.0,0.57,0.94,-0.21,1.66,6.75,5.99
2024-12-06 13:36:08.977,-4.72,572.0,0.56,0.92,-0.19,2.33,6.08,7.33
2024-12-06 13:36:08.986,-3.6,598.0,0.56,0.92,-0.19,2.45,5.04,8.0
2024-12-06 13:36:08.991,-3.15,594.0,0.55,0.9,-0.17,2.45,5.04,8.06
2024-12-06 13:36:08.999,-1.8,585.0,0.54,0.87,-0.16,2.21,3.7,8.06
2024-12-06 13:36:09.10,-5.4,595.0,0.53,0.84,-0.16,1.78,3.09,7.76
2024-12-06 13:36:09.18,-0.22,600.0,0.52,0.82,-0.15,1.29,2.23,7.52
2024-12-06 13:36:09.27,-1.35,599.0,0.52,0.79,-0.14,0.92,1.01,7.52
2024-12-06 13:36:09.31,-0.67,605.0,0.52,0.81,-0.14,0.74,0.71,7.52
2024-12-06 13:36:09.42,-3.38,595.0,0.52,0.8,-0.15,0.74,0.71,7.52
2024-12-06 13:36:09.60,0.0,584.0,0.52,0.8,-0.14,0.74,1.13,7.82
2024-12-06 13:36:09.63,-3.6,586.0,0.51,0.8,-0.13,0.56,1.2,7.88
2024-12-06 13:36:09.69,-3.6,592.0,0.51,0.8,-0.13,0.19,1.74,7.64
2024-12-06 13:36:09.77,-1.8,593.0,0.51,0.8,-0.14,-0.24,2.42,7.09
2024-12-06 13:36:09.93,-5.4,594.0,0.51,0.8,-0.14,-0.24,2.42,7.09
2024-12-06 13:36:09.95,-5.17,585.0,0.51,0.8,-0.13,-0.6,3.03,6.54
2024-12-06 13:36:09.101,-1.57,591.0,0.52,0.8,-0.14,-1.09,3.39,6.05
2024-12-06 13:36:09.148,-2.02,583.0,0.53,0.8,-0.14,-1.88,3.15,6.05
2024-12-06 13:36:09.150,-0.67,583.0,0.57,0.82,-0.15,-2.8,0.65,7.64
2024-12-06 13:36:09.154,-1.57,600.0,0.57,0.82,-0.15,-3.17,-0.33,7.76
2024-12-06 13:36:09.162,-2.47,596.0,0.56,0.82,-0.16,-3.41,-1.37,7.52
2024-12-06 13:36:09.170,-4.95,576.0,0.56,0.82,-0.16,-3.41,-1.37,7.52
2024-12-06 13:36:09.177,-2.25,602.0,0.55,0.81,-0.15,-3.71,-2.34,7.09
2024-12-06 13:36:09.188,-0.67,589.0,0.55,0.81,-0.15,-4.08,-3.2,6.66
2024-12-06 13:36:09.197,-4.05,583.0,0.54,0.81,-0.15,-4.33,-3.44,6.17
2024-12-06 13:36:09.201,0.0,588.0,0.54,0.81,-0.15,-4.51,-3.69,5.99
2024-12-06 13:36:09.209,-5.17,606.0,0.54,0.81,-0.15,-4.63,-3.87,5.99
2024-12-06 13:36:09.217,0.22,558.0,0.54,0.81,-0.15,-4.63,-3.87,5.99
2024-12-06 13:36:09.227,0.0,584.0,0.55,0.82,-0.15,-4.63,-3.75,6.23
2024-12-06 13:36:09.234,-3.15,586.0,0.55,0.82,-0.15,-4.57,-3.63,6.48
2024-12-06 13:36:09.240,-4.05,595.0,0.55,0.82,-0.16,-4.45,-3.38,6.78
2024-12-06 13:36:09.257,-0.67,575.0,0.55,0.82,-0.16,-4.26,-3.02,7.09
2024-12-06 13:36:09.267,-1.57,585.0,0.55,0.82,-0.16,-4.14,-2.71,7.33
2024-12-06 13:36:09.271,-5.85,605.0,0.56,0.82,-0.15,-4.08,-2.89,7.58
2024-12-06 13:36:09.279,-0.9,590.0,0.56,0.82,-0.15,-4.08,-3.2,7.7
2024-12-06 13:36:09.287,-0.67,602.0,0.56,0.82,-0.15,-4.14,-3.57,7.58
2024-12-06 13:36:09.295,-2.02,588.0,0.55,0.81,-0.15,-4.26,-3.75,7.15
2024-12-06 13:36:09.302,-2.02,587.0,0.54,0.81,-0.15,-4.26,-3.75,7.15
2024-12-06 13:36:09.318,-2.47,594.0,0.54,0.8,-0.16,-4.45,-3.81,6.42
2024-12-06 13:36:09.325,-3.82,594.0,0.54,0.8,-0.16,-4.75,-3.93,5.62
2024-12-06 13:36:09.330,0.0,585.0,0.54,0.8,-0.15,-5.3,-4.3,4.77
2024-12-06 13:36:09.336,-2.47,599.0,0.54,0.8,-0.15,-5.85,-4.72,3.85
2024-12-06 13:36:09.344,-4.5,592.0,0.54,0.8,-0.15,-5.85,-5.21,2.82
2024-12-06 13:36:09.350,-1.8,590.0,0.54,0.79,-0.15,-6.34,-5.21,2.82
2024-12-06 13:36:09.382,-2.02,652.0,0.55,0.8,-0.14,-7.68,-8.63,-0.11
2024-12-06 13:36:09.390,-2.47,599.0,0.55,0.8,-0.14,-7.62,-9.85,-0.79
2024-12-06 13:36:09.392,-2.7,599.0,0.55,0.8,-0.15,-7.62,-9.85,-0.79
2024-12-06 13:36:09.396,-3.6,606.0,0.54,0.8,-0.16,-7.38,-10.71,-1.52
2024-12-06 13:36:09.403,-5.62,619.0,0.54,0.81,-0.17,-6.83,-11.01,-2.07
2024-12-06 13:36:09.410,-4.72,622.0,0.54,0.81,-0.18,-6.1,-11.19,-2.07
2024-12-06 13:36:09.418,-5.4,616.0,0.54,0.81,-0.18,-5.24,-11.01,-1.7
2024-12-06 13:36:09.427,-0.9,604.0,0.54,0.82,-0.18,-4.2,-9.91,-1.03
2024-12-06 13:36:09.435,-2.92,624.0,0.54,0.82,-0.19,-4.2,-9.91,-1.03
2024-12-06 13:36:09.450,-5.17,610.0,0.53,0.83,-0.2,-3.17,-8.63,-0.3
2024-12-06 13:36:09.468,-6.07,633.0,0.53,0.83,-0.19,-2.13,-7.47,0.44
2024-12-06 13:36:09.478,-4.5,619.0,0.53,0.83,-0.18,-0.91,-6.07,2.08
2024-12-06 13:36:09.482,-3.82,604.0,0.53,0.84,-0.17,-0.72,-5.4,2.88
2024-12-06 13:36:09.489,-1.8,633.0,0.52,0.84,-0.16,-0.72,-4.24,3.43
2024-12-06 13:36:09.505,-3.38,617.0,0.52,0.83,-0.16,-0.85,-3.75,3.79
2024-12-06 13:36:09.508,-3.82,600.0,0.52,0.83,-0.17,-1.09,-2.95,3.98
2024-12-06 13:36:09.513,-4.05,623.0,0.52,0.83,-0.17,-1.15,-2.16,4.22
2024-12-06 13:36:09.520,-4.5,620.0,0.53,0.82,-0.17,-1.15,-2.16,4.22
2024-12-06 13:36:09.528,-3.82,604.0,0.55,0.81,-0.16,-0.97,-1.92,4.71
2024-12-06 13:36:09.536,-5.85,616.0,0.56,0.81,-0.15,-0.91,-2.59,5.5
2024-12-06 13:36:09.554,-4.72,602.0,0.56,0.81,-0.16,-0.79,-3.63,6.05
2024-12-06 13:36:09.557,-4.5,612.0,0.56,0.82,-0.17,-0.54,-3.2,6.29
2024-12-06 13:36:09.568,-1.8,610.0,0.56,0.82,-0.17,0.01,-2.89,6.11
2024-12-06 13:36:09.594,-4.95,606.0,0.56,0.83,-0.19,2.21,-1.61,5.99
2024-12-06 13:36:09.597,-3.6,590.0,0.56,0.83,-0.19,3.0,-1.12,6.29
2024-12-06 13:36:09.607,-12.38,595.0,0.56,0.83,-0.19,3.0,-1.12,6.29
2024-12-06 13:36:09.613,-0.22,596.0,0.56,0.82,-0.19,3.67,-0.64,6.48
2024-12-06 13:36:09.621,-3.15,599.0,0.55,0.81,-0.18,4.34,0.1,6.48
2024-12-06 13:36:09.630,1.12,619.0,0.55,0.81,-0.17,4.83,0.77,6.17
2024-12-06 13:36:09.636,-2.47,592.0,0.55,0.81,-0.16,5.07,1.62,5.56
2024-12-06 13:36:09.649,-1.8,585.0,0.55,0.81,-0.16,5.2,2.36,4.83
2024-12-06 13:36:09.657,-5.17,594.0,0.55,0.81,-0.15,5.2,2.17,4.22
2024-12-06 13:36:09.661,-1.57,598.0,0.57,0.81,-0.14,5.2,2.17,4.22
2024-12-06 13:36:09.669,-3.38,623.0,0.58,0.81,-0.14,5.2,1.56,3.79
2024-12-06 13:36:09.679,-3.15,600.0,0.59,0.81,-0.14,5.14,0.89,3.43
2024-12-06 13:36:09.685,-5.17,607.0,0.59,0.81,-0.13,5.07,-0.39,3.18
2024-12-06 13:36:09.691,-6.3,601.0,0.59,0.81,-0.13,4.83,-1.67,3.06
2024-12-06 13:36:09.703,-2.25,585.0,0.59,0.81,-0.13,4.83,-1.67,3.18
2024-12-06 13:36:09.707,-5.17,598.0,0.59,0.8,-0.13,4.59,-2.89,3.18
2024-12-06 13:36:09.715,-3.15,595.0,0.58,0.79,-0.14,4.28,-3.93,3.24
2024-12-06 13:36:09.724,-2.7,598.0,0.57,0.78,-0.14,4.04,-4.6,3.37
2024-12-06 13:36:09.733,-3.15,607.0,0.56,0.77,-0.13,3.79,-5.09,3.3
2024-12-06 13:36:09.743,-4.95,596.0,0.56,0.77,-0.13,3.43,-5.4,3.06
2024-12-06 13:36:09.749,-3.82,591.0,0.55,0.76,-0.13,3.43,-5.4,3.06
2024-12-06 13:36:09.755,-3.15,580.0,0.53,0.75,-0.12,2.94,-5.52,2.45
2024-12-06 13:36:09.769,-5.62,589.0,0.52,0.74,-0.11,2.21,-5.7,1.41
2024-12-06 13:36:09.771,-0.9,596.0,0.51,0.74,-0.1,1.29,-5.88,0.01
2024-12-06 13:36:09.778,-2.92,580.0,0.5,0.73,-0.1,0.07,-6.31,-1.76
2024-12-06 13:36:09.787,-0.9,574.0,0.5,0.73,-0.1,-1.4,-6.98,-3.9
2024-12-06 13:36:09.894,-5.62,585.0,0.51,0.73,-0.17,-11.16,-11.62,-18.0
2024-12-06 13:36:09.908,-2.7,619.0,0.56,0.88,-0.29,-2.62,3.33,0.8
2024-12-06 13:36:09.916,-2.47,609.0,0.53,0.89,-0.3,-2.62,3.33,0.8
2024-12-06 13:36:09.923,-2.25,624.0,0.51,0.89,-0.3,-1.33,5.53,3.43
2024-12-06 13:36:09.949,0.0,617.0,0.48,0.89,-0.3,-0.24,7.73,5.2
2024-12-06 13:36:09.957,-4.95,615.0,0.48,0.89,-0.3,1.84,12.37,7.7
2024-12-06 13:36:09.960,-2.25,621.0,0.48,0.89,-0.29,1.84,12.37,7.7
2024-12-06 13:36:09.962,-1.12,608.0,0.49,0.88,-0.28,2.39,14.5,9.04
2024-12-06 13:36:09.973,-0.67,619.0,0.48,0.87,-0.26,2.69,17.13,9.9
2024-12-06 13:36:09.978,-4.28,621.0,0.48,0.85,-0.23,3.12,19.57,9.96
2024-12-06 13:36:09.988,-4.05,625.0,0.49,0.83,-0.21,3.79,20.67,9.29
2024-12-06 13:36:09.994,-1.35,617.0,0.49,0.83,-0.21,4.52,20.73,8.06
2024-12-06 13:36:10.2,-6.75,621.0,0.51,0.82,-0.19,4.52,20.24,6.42
2024-12-06 13:36:10.11,-2.25,624.0,0.52,0.8,-0.18,5.2,20.24,6.42
2024-12-06 13:36:10.17,-1.8,616.0,0.54,0.79,-0.17,5.87,19.26,4.52
2024-12-06 13:36:10.28,-3.38,625.0,0.55,0.79,-0.17,6.48,17.55,2.45
2024-12-06 13:36:10.35,-6.52,625.0,0.56,0.78,-0.17,6.91,15.48,0.37
2024-12-06 13:36:10.42,-1.57,606.0,0.56,0.78,-0.17,7.27,13.46,-1.52
2024-12-06 13:36:10.50,-4.28,613.0,0.57,0.78,-0.17,7.52,11.39,-3.04
2024-12-06 13:36:10.59,-1.12,616.0,0.57,0.78,-0.17,7.52,11.39,-3.04
2024-12-06 13:36:10.65,-4.95,607.0,0.57,0.78,-0.17,7.7,9.44,-4.26
2024-12-06 13:36:10.101,-4.5,613.0,0.55,0.79,-0.18,7.39,6.63,-5.67
2024-12-06 13:36:10.112,-1.8,610.0,0.55,0.8,-0.18,7.21,6.75,-5.36
2024-12-06 13:36:10.114,-4.05,632.0,0.54,0.8,-0.19,6.91,7.36,-4.75
2024-12-06 13:36:10.118,-4.95,612.0,0.54,0.81,-0.19,6.66,8.15,-3.78
2024-12-06 13:36:10.127,-3.82,605.0,0.54,0.81,-0.19,6.29,9.01,-2.62
2024-12-06 13:36:10.134,-2.7,632.0,0.54,0.81,-0.19,6.29,9.62,-1.21
2024-12-06 13:36:10.144,-0.22,610.0,0.54,0.81,-0.19,5.87,9.62,-1.21
2024-12-06 13:36:10.158,3.15,631.0,0.53,0.8,-0.18,5.07,9.68,1.17
2024-12-06 13:36:10.166,0.22,616.0,0.54,0.8,-0.18,4.65,9.37,1.84
2024-12-06 13:36:10.174,-1.35,627.0,0.54,0.8,-0.18,4.22,8.83,2.02
2024-12-06 13:36:10.180,-2.92,656.0,0.54,0.79,-0.17,4.22,8.83,2.02
2024-12-06 13:36:10.191,-2.47,637.0,0.55,0.79,-0.17,3.98,8.34,1.78
2024-12-06 13:36:10.198,-1.57,616.0,0.56,0.79,-0.16,3.85,7.67,1.47
2024-12-06 13:36:10.205,-1.8,612.0,0.57,0.79,-0.16,3.73,6.44,1.23
2024-12-06 13:36:10.216,-4.28,644.0,0.58,0.79,-0.15,3.49,4.92,0.86
2024-12-06 13:36:10.228,-3.82,618.0,0.58,0.79,-0.15,3.06,3.51,0.19
2024-12-06 13:36:10.231,-5.17,634.0,0.58,0.79,-0.14,3.06,3.51,0.19
2024-12-06 13:36:10.241,-2.47,636.0,0.58,0.8,-0.14,2.57,2.36,-0.66
2024-12-06 13:36:10.244,0.9,651.0,0.58,0.8,-0.14,1.96,0.95,-1.64
2024-12-06 13:36:10.275,-4.28,623.0,0.57,0.83,-0.15,0.31,-1.55,-2.86
2024-12-06 13:36:10.281,-2.02,638.0,0.56,0.84,-0.15,-0.17,-2.47,-2.13
2024-12-06 13:36:10.290,-2.7,612.0,0.55,0.85,-0.15,-0.6,-2.95,-1.33
2024-12-06 13:36:10.297,-2.47,624.0,0.54,0.85,-0.16,-0.97,-2.65,-0.3
2024-12-06 13:36:10.305,-0.22,605.0,0.54,0.85,-0.16,-1.21,-2.59,0.74
2024-12-06 13:36:10.314,-1.57,611.0,0.52,0.86,-0.16,-1.21,-2.59,1.6
